rank,symbol,sector,close,high_252,distance_52wh_pct,ema_200,ema_200_ratio,ret_252,vol_252,volar_score,volume,is_delisted,filter1_pass,filter2_pass,filter3_pass,is_qualified,rrg_rs_ratio,rrg_rs_momentum,rrg_quadrant,passed_rrg
1,CUPID,PHARMA,282.33,299.0,-5.58,151.31,1.8659,730.58,57.5,12.7065,15411651.0,False,True,True,True,True,121.67,96.24,WEAKENING,True
2,STLTECH,INFRA_MEDIA,723.75,728.6,-0.67,397.15,1.8224,475.55,61.73,7.7038,2106053.0,False,True,True,True,True,122.5,110.28,LEADING,True
3,MTARTECH,CAPGOODS,6997.0,8714.0,-19.7,5338.5,1.3107,379.97,60.83,6.2464,69305.0,False,True,True,True,True,103.5,101.38,LEADING,True
4,ATHERENERG,AUTO,1616.3,1630.0,-0.84,993.03,1.6276,274.58,49.59,5.537,14538878.0,False,True,True,True,True,125.56,105.95,LEADING,True
5,SANSERA,AUTO,3859.0,4040.4,-4.49,2684.13,1.4377,208.76,40.07,5.2095,65476.0,False,True,True,True,True,112.45,97.33,WEAKENING,True
6,HFCL,INFRA_MEDIA,251.47,255.1,-1.42,149.13,1.6863,250.64,48.73,5.1432,17035686.0,False,True,True,True,True,117.48,105.93,LEADING,True
7,WELCORP,METALS,2373.8,2443.9,-2.87,1324.92,1.7917,172.39,39.1,4.4095,1342665.0,False,True,True,True,True,136.99,103.79,LEADING,True
8,LAURUSLABS,PHARMA,1938.5,1938.5,0.0,1335.32,1.4517,123.57,28.95,4.2677,2231476.0,False,True,True,True,True,116.37,102.72,LEADING,True
9,CPPLUS,CAPGOODS,3576.6,4094.0,-12.64,2701.51,1.3239,178.9,43.34,4.1275,138494.0,False,True,True,True,True,100.91,104.13,LEADING,True
10,RRKABEL,CAPGOODS,2905.2,2983.8,-2.63,1988.46,1.461,144.61,37.19,3.8883,629274.0,False,True,True,True,True,114.23,100.33,LEADING,True
11,TDPOWERSYS,CAPGOODS,752.7,798.85,-5.78,527.74,1.4263,202.41,52.74,3.838,955212.0,False,True,True,True,True,120.2,97.63,WEAKENING,True
12,SKYGOLD,CONSDUR,811.4,868.8,-6.61,509.08,1.5939,166.21,48.25,3.4445,908866.0,False,True,True,True,True,122.36,96.88,WEAKENING,True
13,AETHER,CHEMICALS,1696.8,1717.0,-1.18,1211.24,1.4009,130.54,38.54,3.387,443550.0,False,True,True,True,True,114.09,100.4,LEADING,True
14,FEDERALBNK,FINSERV,344.25,370.43,-7.07,299.34,1.15,79.48,25.44,3.1237,3391019.0,False,True,True,True,True,100.69,97.34,WEAKENING,True
15,AVALON,CAPGOODS,2231.7,2351.0,-5.07,1428.82,1.5619,164.51,52.74,3.1193,239819.0,False,True,True,True,True,120.79,100.13,LEADING,True
16,GRWRHITECH,CHEMICALS,7224.5,7990.0,-9.58,5391.31,1.34,167.29,54.05,3.0953,88184.0,False,True,True,True,True,103.67,100.89,LEADING,True
17,MCX,FINSERV,3332.0,3471.49,-4.02,2623.57,1.27,117.12,37.87,3.0925,1360874.0,False,True,True,True,True,117.02,104.32,LEADING,True
18,SHILPAMED,PHARMA,903.8,919.0,-1.65,521.68,1.7325,121.58,39.74,3.0595,879302.0,False,True,True,True,True,133.05,103.13,LEADING,True
19,DIACABS,CAPGOODS,349.4,379.0,-7.81,211.28,1.6537,141.88,46.67,3.0403,905525.0,False,True,True,True,True,122.62,95.29,WEAKENING,True
20,ACUTAAS,CHEMICALS,3281.6,3740.0,-12.26,2677.55,1.2256,132.38,43.76,3.0251,240776.0,False,True,True,True,True,98.02,100.95,IMPROVING,True
21,TMB,FINSERV,886.05,917.0,-3.38,694.16,1.2764,111.69,37.25,2.998,80734.0,False,True,True,True,True,108.5,101.17,LEADING,True
22,NATIONALUM,METALS,394.95,443.37,-10.92,350.59,1.1265,122.47,41.36,2.9613,1868958.0,False,True,True,True,True,109.36,100.69,LEADING,True
23,KTKBANK,FINSERV,330.35,341.0,-3.12,252.08,1.3105,99.6,33.78,2.948,1698579.0,False,True,True,True,True,114.31,99.88,WEAKENING,True
24,BHEL,CAPGOODS,430.85,446.5,-3.51,348.75,1.2354,104.37,35.7,2.9237,5837847.0,False,True,True,True,True,105.69,102.08,LEADING,True
25,GRANULES,PHARMA,836.65,908.11,-7.87,718.12,1.1651,81.98,28.96,2.8307,328237.0,False,True,True,True,True,99.67,98.69,LAGGING,True
26,APARINDS,CAPGOODS,17803.0,18465.0,-3.59,12583.38,1.4148,125.88,45.47,2.7685,120837.0,False,True,True,True,True,116.32,104.08,LEADING,True
27,BHARATFORG,AUTO,2037.7,2295.0,-11.21,1844.7,1.1046,79.59,29.28,2.7184,362775.0,False,True,True,True,True,96.2,99.41,LAGGING,True
28,ANANDRATHI,FINSERV,2213.4,2242.0,-1.28,1789.27,1.237,58.62,21.83,2.6859,418905.0,False,True,True,True,True,106.9,100.21,LEADING,True
29,ADANIENSOL,ENERGY,1581.4,1789.0,-11.6,1330.9,1.1882,100.52,38.04,2.6428,1647674.0,False,True,True,True,True,98.47,100.57,IMPROVING,True
30,SONACOMS,AUTO,815.0,844.0,-3.44,613.7,1.328,80.74,30.93,2.6105,1696565.0,False,True,True,True,True,112.37,97.92,WEAKENING,True
31,IDEA,INFRA_MEDIA,14.68,15.37,-4.49,12.02,1.2211,118.78,46.88,2.5338,375500261.0,False,True,True,True,True,106.91,102.71,LEADING,True
32,SYRMA,CAPGOODS,1474.3,1541.42,-4.35,1103.65,1.3358,103.12,42.19,2.444,404693.0,False,True,True,True,True,104.91,99.71,WEAKENING,True
33,SHRIRAMFIN,FINSERV,1086.9,1153.7,-5.79,970.94,1.1194,84.92,35.16,2.415,2207426.0,False,True,True,True,True,102.32,96.83,WEAKENING,True
34,PARAS,CAPGOODS,1439.7,1583.91,-9.1,984.41,1.4625,121.03,50.52,2.3956,618190.0,False,True,True,True,True,111.01,96.3,WEAKENING,True
35,ARVIND,CONSDUR,543.35,600.0,-9.44,446.96,1.2157,92.0,39.48,2.3303,760011.0,False,True,True,True,True,101.15,101.15,LEADING,True
36,CHENNPETRO,ENERGY,1341.1,1489.7,-9.98,1036.69,1.2936,117.06,50.36,2.3244,690557.0,False,True,True,True,True,111.37,95.02,WEAKENING,True
37,MOTHERSON,AUTO,165.6,173.27,-4.43,134.57,1.2305,79.0,34.04,2.3208,8444402.0,False,True,True,True,True,108.43,97.82,WEAKENING,True
38,NETWEB,IT,5322.9,5813.0,-8.43,4021.48,1.3236,132.47,58.21,2.2758,1962173.0,False,True,True,True,True,113.62,99.51,WEAKENING,True
39,SAILIFE,PHARMA,1485.0,1506.3,-1.41,1128.36,1.3161,72.45,33.23,2.1804,228815.0,False,True,True,True,True,112.57,100.94,LEADING,True
40,MARKSANS,PHARMA,329.7,344.55,-4.31,231.85,1.422,90.81,42.14,2.155,1463661.0,False,True,True,True,True,118.73,99.49,WEAKENING,True
41,INOXINDIA,CAPGOODS,2126.2,2267.9,-6.25,1574.51,1.3504,85.64,39.89,2.1471,733868.0,False,True,True,True,True,109.71,107.36,LEADING,True
42,AUROPHARMA,PHARMA,1645.3,1682.4,-2.21,1412.38,1.1649,54.14,25.77,2.1007,484381.0,False,True,True,True,True,104.32,100.69,LEADING,True
43,DIVISLAB,PHARMA,9239.0,9270.0,-0.33,6940.23,1.3312,48.47,23.45,2.0672,773225.0,False,True,True,True,True,121.24,103.57,LEADING,True
44,AZAD,CAPGOODS,2850.5,2986.6,-4.56,2057.99,1.3851,85.75,41.73,2.055,401279.0,False,True,True,True,True,118.47,98.7,WEAKENING,True
45,SHRIPISTON,AUTO,4572.2,4785.8,-4.46,3588.95,1.274,75.92,38.53,1.9704,49040.0,False,True,True,True,True,106.54,98.95,WEAKENING,True
46,DCBBANK,FINSERV,212.97,220.5,-3.41,179.18,1.1886,75.86,38.66,1.9622,1702351.0,False,True,True,True,True,112.36,106.25,LEADING,True
47,NEULANDLAB,PHARMA,23205.0,23881.0,-2.83,17183.95,1.3504,76.51,39.0,1.9617,38996.0,False,True,True,True,True,115.25,97.19,WEAKENING,True
48,SAIL,METALS,200.0,209.7,-4.63,165.43,1.209,68.84,35.55,1.9364,48585004.0,False,True,True,True,True,117.41,110.29,LEADING,True
49,NAVINFLUOR,CHEMICALS,8517.5,8775.5,-2.94,6880.96,1.2378,70.77,36.6,1.9338,77045.0,False,True,True,True,True,108.98,101.67,LEADING,True
50,TITAN,CONSDUR,5169.2,5186.7,-0.34,4344.82,1.1897,44.3,22.97,1.929,547804.0,False,True,True,True,True,109.14,100.41,LEADING,True
51,TORNTPHARM,PHARMA,5050.0,5250.0,-3.81,4393.23,1.1495,41.33,21.45,1.9271,184156.0,False,True,True,True,True,104.09,101.55,LEADING,True
52,PRICOLLTD,AUTO,770.65,823.0,-6.36,614.9,1.2533,73.46,38.27,1.9196,244858.0,False,True,True,True,True,113.59,94.87,WEAKENING,True
53,AKUMS,PHARMA,772.6,783.0,-1.33,577.49,1.3379,61.7,32.41,1.9041,408016.0,False,True,True,True,True,113.16,100.57,LEADING,True
54,HONASA,FMCG,470.65,506.65,-7.1,377.64,1.2463,58.23,30.86,1.8872,684018.0,False,True,True,True,True,102.91,97.61,WEAKENING,True
55,ADANIPOWER,INFRA_MEDIA,212.63,254.2,-16.35,190.25,1.1176,79.56,42.71,1.8629,14256352.0,False,True,True,True,True,99.36,104.09,IMPROVING,True
56,MAHABANK,FINSERV,83.8,94.5,-11.32,73.76,1.1362,62.26,34.63,1.7978,9938458.0,False,True,True,True,True,101.86,103.58,LEADING,True
57,RADICO,FMCG,4605.0,4747.0,-2.99,3579.67,1.2864,58.45,32.57,1.7945,140966.0,False,True,True,True,True,108.59,97.36,WEAKENING,True
58,GAEL,FMCG,166.98,184.66,-9.57,148.65,1.1233,63.36,35.67,1.7764,913733.0,False,True,True,True,True,102.7,95.14,WEAKENING,True
59,RATEGAIN,IT,933.95,1050.0,-11.05,745.22,1.2533,77.14,43.64,1.7677,227209.0,False,True,True,True,True,101.43,98.49,WEAKENING,True
60,ABB,CAPGOODS,7509.0,7832.29,-4.13,6559.68,1.1447,51.9,29.37,1.767,98513.0,False,True,True,True,True,103.71,99.61,WEAKENING,True
61,CRAFTSMAN,AUTO,11118.0,11199.5,-0.73,8521.96,1.3046,63.15,35.91,1.7585,70823.0,False,True,True,True,True,113.78,103.14,LEADING,True
62,BAJAJ-AUTO,AUTO,11910.0,11974.0,-0.53,10071.3,1.1826,38.96,22.57,1.7263,262591.0,False,True,True,True,True,109.54,100.44,LEADING,True
63,PFOCUS,INFRA_MEDIA,294.4,367.0,-19.78,253.41,1.1618,94.02,54.92,1.7119,166516.0,False,True,True,True,True,109.79,99.54,WEAKENING,True
64,BELRISE,AUTO,229.87,268.2,-14.29,208.74,1.1012,62.58,36.56,1.7117,3131483.0,False,True,True,True,True,97.51,99.96,LAGGING,True
65,DATAPATTNS,CAPGOODS,4624.8,5000.0,-7.5,3798.43,1.2176,84.98,49.7,1.71,302955.0,False,True,True,True,True,103.55,98.96,WEAKENING,True
66,ASTRAMICRO,CAPGOODS,1706.6,1960.0,-12.93,1352.65,1.2617,70.99,41.56,1.7082,242127.0,False,True,True,True,True,98.04,100.26,IMPROVING,True
67,HINDALCO,METALS,1037.4,1169.9,-11.33,956.06,1.0851,47.77,28.05,1.703,1687987.0,False,True,True,True,True,105.13,99.8,WEAKENING,True
68,KARURVYSYA,FINSERV,346.0,358.65,-3.53,291.97,1.185,61.36,36.07,1.7008,1302287.0,False,True,True,True,True,108.32,100.76,LEADING,True
69,DYNAMATECH,CAPGOODS,11436.0,12865.83,-11.11,10057.54,1.1371,77.31,45.5,1.6991,4340.0,False,True,True,True,True,106.83,98.7,WEAKENING,True
70,AEGISLOG,ENERGY,1289.4,1497.8,-13.91,957.43,1.3467,78.75,46.63,1.6889,263570.0,False,True,True,True,True,100.49,94.59,WEAKENING,True
71,RBLBANK,FINSERV,382.0,394.5,-3.17,337.1,1.1332,50.5,30.3,1.6665,963822.0,False,True,True,True,True,102.48,99.3,WEAKENING,True
72,NYKAA,CONSDUR,335.65,348.0,-3.55,283.26,1.1849,44.9,27.3,1.6442,1538325.0,False,True,True,True,True,104.02,100.26,LEADING,True
73,KRN,CAPGOODS,1609.7,1612.1,-0.15,1106.34,1.455,77.42,47.32,1.6359,314773.0,False,True,True,True,True,124.89,104.14,LEADING,True
74,PNBHOUSING,FINSERV,1169.9,1211.5,-3.43,998.74,1.1714,50.6,31.87,1.5876,438325.0,False,True,True,True,True,107.09,99.05,WEAKENING,True
75,POWERINDIA,CAPGOODS,33330.0,38775.74,-14.04,29011.86,1.1488,68.54,43.96,1.5592,32688.0,False,True,True,True,True,100.58,99.15,WEAKENING,True
76,PTCIL,CAPGOODS,22110.0,22215.0,-0.47,17554.42,1.2595,55.35,35.82,1.5454,100300.0,False,True,True,True,True,120.47,106.11,LEADING,True
77,QPOWER,CAPGOODS,1431.2,1440.72,-0.66,1053.69,1.3583,84.04,55.18,1.523,582162.0,False,True,True,True,True,119.11,107.71,LEADING,True
78,UJJIVANSFB,FINSERV,67.85,73.94,-8.24,59.63,1.1379,58.57,38.46,1.5228,6875259.0,False,True,True,True,True,102.64,94.95,WEAKENING,True
79,AJANTPHARM,PHARMA,3557.0,3796.0,-6.3,3064.95,1.1605,38.44,25.36,1.5157,39913.0,False,True,True,True,True,104.25,97.37,WEAKENING,True
80,AUBANK,FINSERV,1077.1,1144.1,-5.86,983.97,1.0947,44.67,29.52,1.513,871951.0,False,True,True,True,True,102.57,98.26,WEAKENING,True
81,GLAND,PHARMA,2888.0,3039.8,-4.99,2162.61,1.3354,49.91,33.1,1.5077,165191.0,False,True,True,True,True,113.11,99.37,WEAKENING,True
82,VTL,CONSDUR,592.75,682.21,-13.11,558.04,1.0622,51.83,34.72,1.4928,103519.0,False,True,True,True,True,96.9,100.76,IMPROVING,True
83,OFSS,IT,12190.0,12275.0,-0.69,9497.77,1.2835,49.27,33.17,1.4855,428317.0,False,True,True,True,True,107.89,102.03,LEADING,True
84,APLAPOLLO,METALS,2265.6,2301.4,-1.56,1910.75,1.1857,39.09,26.34,1.4837,1037530.0,False,True,True,True,True,118.68,104.31,LEADING,True
85,UNIONBANK,FINSERV,186.0,199.6,-6.81,166.22,1.119,47.68,32.44,1.4695,3617223.0,False,True,True,True,True,107.12,99.71,WEAKENING,True
86,FINCABLES,CAPGOODS,1297.9,1374.0,-5.54,996.0,1.3031,59.37,40.6,1.4624,443359.0,False,True,True,True,True,116.7,99.25,WEAKENING,True
87,PGIL,CONSDUR,2314.3,2539.6,-8.87,1786.87,1.2952,72.5,49.81,1.4556,24478.0,False,True,True,True,True,108.41,96.26,WEAKENING,True
88,MSTCLTD,INFRA_MEDIA,729.65,753.5,-3.17,546.56,1.335,69.1,47.6,1.4517,337402.0,False,True,True,True,True,112.62,102.39,LEADING,True
89,WELSPUNLIV,CONSDUR,190.46,195.35,-2.5,146.62,1.299,66.76,46.19,1.4453,3068541.0,False,True,True,True,True,113.69,100.84,LEADING,True
90,VARROC,AUTO,821.85,874.85,-6.06,624.31,1.3164,49.9,34.93,1.4286,194076.0,False,True,True,True,True,116.6,97.57,WEAKENING,True
91,IFCI,FINSERV,89.96,95.8,-6.1,67.07,1.3413,73.07,51.43,1.4208,139340453.0,False,True,True,True,True,117.87,108.98,LEADING,True
92,JAYNECOIND,CAPGOODS,99.1,117.0,-15.3,85.72,1.1561,68.48,48.67,1.4069,4064048.0,False,True,True,True,True,110.27,101.69,LEADING,True
93,ABCAPITAL,FINSERV,405.55,430.7,-5.84,360.31,1.1256,44.32,31.55,1.405,1217070.0,False,True,True,True,True,101.27,99.29,WEAKENING,True
94,LUMAXTECH,AUTO,1985.5,2110.0,-5.9,1574.39,1.2611,74.89,53.64,1.3961,235382.0,False,True,True,True,True,120.21,98.92,WEAKENING,True
95,SBIN,FINSERV,1047.5,1212.84,-13.63,1009.03,1.0381,32.0,22.98,1.3923,4969272.0,False,True,True,True,True,100.93,100.21,LEADING,True
96,HSCL,CHEMICALS,672.95,819.5,-17.88,600.46,1.1207,47.91,34.81,1.3761,8440567.0,False,True,True,True,True,94.54,96.61,LAGGING,True
97,STARHEALTH,FINSERV,573.5,624.9,-8.23,523.96,1.0946,31.82,23.3,1.3656,123282.0,False,True,True,True,True,98.38,98.78,LAGGING,True
98,HEG,CAPGOODS,737.35,749.0,-1.56,582.86,1.265,55.06,40.43,1.362,2665306.0,False,True,True,True,True,119.16,100.5,LEADING,True
99,VIJAYA,PHARMA,1452.5,1573.0,-7.66,1211.47,1.199,42.49,31.38,1.3541,123663.0,False,True,True,True,True,104.91,97.18,WEAKENING,True
100,ALIVUS,PHARMA,1350.2,1418.0,-4.78,1088.29,1.2407,39.94,29.57,1.3505,51812.0,False,True,True,True,True,111.06,97.04,WEAKENING,True
101,KEI,CAPGOODS,5570.0,5899.0,-5.58,4880.48,1.1413,43.92,32.61,1.3468,316313.0,False,True,True,True,True,105.28,99.4,WEAKENING,True
102,NESTLEIND,FMCG,1454.6,1553.0,-6.34,1366.06,1.0648,26.44,19.66,1.3451,445734.0,False,True,True,True,True,100.05,99.49,WEAKENING,True
103,SOUTHBANK,FINSERV,45.37,49.41,-8.18,41.32,1.098,55.68,41.58,1.3391,3557940.0,False,True,True,True,True,99.78,100.93,IMPROVING,True
104,CUMMINSIND,CAPGOODS,5193.0,6049.82,-14.16,4988.13,1.0411,37.1,27.84,1.3326,387326.0,False,True,True,True,True,95.69,100.62,IMPROVING,True
105,ICIL,CONSDUR,434.95,462.0,-5.85,337.1,1.2903,81.31,61.25,1.3273,668975.0,False,True,True,True,True,105.56,100.49,LEADING,True
106,FLUOROCHEM,CHEMICALS,4771.2,4958.9,-3.79,3860.42,1.2359,41.25,31.4,1.3139,111013.0,False,True,True,True,True,110.81,100.49,LEADING,True
107,LTF,FINSERV,314.3,338.6,-7.18,286.78,1.0959,44.33,34.29,1.293,2889242.0,False,True,True,True,True,101.0,98.37,WEAKENING,True
108,QUESS,INFRA_MEDIA,372.25,376.5,-1.13,255.04,1.4596,46.22,35.89,1.2881,722192.0,False,True,True,True,True,122.9,104.16,LEADING,True
109,IPCALAB,PHARMA,1950.3,1992.0,-2.09,1608.15,1.2128,39.8,30.92,1.2871,276397.0,False,True,True,True,True,110.05,100.24,LEADING,True
110,PRIVISCL,CHEMICALS,3458.0,3774.71,-8.39,3211.18,1.0769,44.41,34.67,1.2811,21368.0,False,True,True,True,True,96.79,100.49,IMPROVING,True
111,INDIAGLYCO,FMCG,1178.3,1219.0,-3.34,1012.1,1.1642,46.45,37.3,1.2454,229423.0,False,True,True,True,True,107.75,101.29,LEADING,True
112,NAM-INDIA,FINSERV,1194.4,1269.5,-5.92,1032.7,1.1566,47.74,38.39,1.2435,505054.0,False,True,True,True,True,101.46,98.02,WEAKENING,True
113,VIYASH,PHARMA,267.4,298.0,-10.27,235.63,1.1348,53.75,43.23,1.2433,7083862.0,False,True,True,True,True,99.84,100.4,IMPROVING,True
114,CUB,FINSERV,222.24,243.1,-8.58,199.36,1.1148,47.66,38.46,1.239,1085352.0,False,True,True,True,True,103.61,100.16,LEADING,True
115,HINDZINC,METALS,622.0,719.85,-13.59,557.74,1.1152,47.24,38.2,1.2367,6227595.0,False,True,True,True,True,112.92,105.19,LEADING,True
116,AIAENG,CAPGOODS,4234.2,5180.0,-18.26,4153.46,1.0194,36.96,29.95,1.2342,33928.0,False,True,True,True,True,91.66,99.07,LAGGING,True
117,JINDALSAW,CAPGOODS,308.6,316.95,-2.63,232.05,1.3299,57.16,46.38,1.2323,1154109.0,False,True,True,True,True,115.93,106.92,LEADING,True
118,WELENT,REALTY,670.3,700.0,-4.24,541.68,1.2374,43.95,35.68,1.2318,398894.0,False,True,True,True,True,111.81,105.59,LEADING,True
119,EICHERMOT,AUTO,8059.0,8165.0,-1.3,7262.99,1.1096,32.39,26.45,1.2246,337007.0,False,True,True,True,True,105.46,100.03,LEADING,True
120,EQUITASBNK,FINSERV,73.9,83.9,-11.92,69.66,1.0609,41.46,34.03,1.2183,898730.0,False,True,True,True,True,96.86,98.97,LAGGING,True
121,IIFL,FINSERV,659.25,705.0,-6.49,530.95,1.2416,47.47,39.01,1.2169,1785071.0,False,True,True,True,True,113.95,99.69,WEAKENING,True
122,ENTERO,CONSDUR,1808.6,1838.0,-1.6,1220.01,1.4824,47.6,39.16,1.2155,815739.0,False,True,True,True,True,140.4,113.95,LEADING,True
123,SOLARINDS,CAPGOODS,20400.0,20672.0,-1.32,16520.03,1.2349,39.29,32.41,1.2124,128635.0,False,True,True,True,True,109.17,101.02,LEADING,True
124,JSWSTEEL,METALS,1334.9,1351.0,-1.19,1223.93,1.0907,28.22,23.3,1.2109,1403899.0,False,True,True,True,True,106.09,102.25,LEADING,True
125,M&MFIN,FINSERV,376.6,415.0,-9.25,330.53,1.1394,47.82,39.5,1.2107,886148.0,False,True,True,True,True,105.99,96.34,WEAKENING,True
126,IMFA,METALS,1370.7,1670.79,-17.96,1325.39,1.0342,60.45,49.99,1.2094,71985.0,False,True,True,True,True,99.33,98.88,LAGGING,True
127,REDINGTON,INFRA_MEDIA,366.0,378.5,-3.3,268.85,1.3614,60.19,49.98,1.2043,16023073.0,False,True,True,True,True,120.4,102.14,LEADING,True
128,TVSMOTOR,AUTO,4304.2,4484.5,-4.02,3697.57,1.1641,31.99,27.03,1.1837,2654527.0,False,True,True,True,True,108.78,96.51,WEAKENING,True
129,ADANIENT,INFRA_MEDIA,3168.5,3245.0,-2.36,2675.3,1.1844,39.52,34.03,1.1612,530795.0,False,True,True,True,True,103.66,103.9,LEADING,True
130,MINDACORP,AUTO,702.8,769.0,-8.61,616.49,1.14,37.33,32.23,1.1581,348343.0,False,True,True,True,True,101.0,97.27,WEAKENING,True
131,INDIANB,FINSERV,882.4,980.02,-9.96,830.53,1.0625,37.4,32.48,1.1514,456709.0,False,True,True,True,True,104.7,100.82,LEADING,True
132,ADANIPORTS,INFRA_MEDIA,1707.5,1891.1,-9.71,1631.9,1.0463,30.36,26.84,1.1308,3268356.0,False,True,True,True,True,97.53,101.99,IMPROVING,True
133,SUNPHARMA,PHARMA,1920.0,2046.9,-6.2,1814.2,1.0583,21.07,18.79,1.1216,1140742.0,False,True,True,True,True,100.37,100.97,LEADING,True
134,INDUSINDBK,FINSERV,994.0,1077.85,-7.78,921.09,1.0792,31.62,28.44,1.112,1026834.0,False,True,True,True,True,100.07,98.34,WEAKENING,True
135,SCI,INFRA_MEDIA,299.05,368.75,-18.9,272.09,1.0991,49.89,45.51,1.0961,5131992.0,False,True,True,True,True,102.6,103.56,LEADING,True
136,NEOGEN,CHEMICALS,2209.8,2483.9,-11.04,1749.08,1.2634,53.98,49.29,1.0951,89932.0,False,True,True,True,True,106.35,98.7,WEAKENING,True
137,AARTIIND,CHEMICALS,540.35,551.75,-2.07,459.28,1.1765,39.99,36.74,1.0885,644631.0,False,True,True,True,True,109.35,100.69,LEADING,True
138,GLENMARK,PHARMA,2512.5,2535.08,-0.89,2165.95,1.16,29.24,26.99,1.0835,807816.0,False,True,True,True,True,111.67,105.47,LEADING,True
139,GOKULAGRO,FMCG,244.34,259.8,-5.95,206.9,1.1809,47.91,44.32,1.0809,480942.0,False,True,True,True,True,110.2,100.36,LEADING,True
140,THELEELA,CONSDUR,555.25,576.0,-3.6,457.34,1.2141,32.99,30.67,1.0758,455524.0,False,True,True,True,True,111.38,101.18,LEADING,True
141,BALAMINES,CHEMICALS,2390.5,2461.0,-2.86,1723.27,1.3872,58.36,54.48,1.0713,124958.0,False,True,True,True,True,110.09,106.97,LEADING,True
142,LLOYDSME,METALS,1810.2,2125.0,-14.81,1637.11,1.1057,38.42,36.4,1.0556,428526.0,False,True,True,True,True,96.57,96.98,LAGGING,True
143,VOLTAMP,CAPGOODS,11038.5,12724.75,-13.25,9214.7,1.1979,41.34,39.38,1.0498,19236.0,False,True,True,True,True,111.86,102.93,LEADING,True
144,CGCL,FINSERV,257.98,264.53,-2.48,205.3,1.2566,35.38,33.74,1.0487,29680127.0,False,True,True,True,True,109.95,108.74,LEADING,True
145,APOLLO,CAPGOODS,387.45,466.5,-16.95,328.51,1.1794,59.38,56.67,1.0477,3217421.0,False,True,True,True,True,97.89,101.52,IMPROVING,True
146,NUVAMA,FINSERV,1805.0,2066.0,-12.63,1552.26,1.1628,36.69,35.38,1.0372,246065.0,False,True,True,True,True,100.84,102.86,LEADING,True
147,SHAILY,CONSDUR,3270.4,3615.2,-9.54,2635.56,1.2409,52.52,51.57,1.0184,88738.0,False,True,True,True,True,108.21,98.13,WEAKENING,True
148,ASHOKLEY,CAPGOODS,175.77,211.81,-17.01,161.76,1.0866,37.0,36.4,1.0167,11814260.0,False,True,True,True,True,107.27,99.64,WEAKENING,True
149,ACMESOLAR,ENERGY,393.7,411.5,-4.33,314.13,1.2533,37.92,37.31,1.0165,1185544.0,False,True,True,True,True,105.27,100.07,LEADING,True
150,THYROCARE,PHARMA,584.35,662.0,-11.73,486.43,1.2013,40.96,40.31,1.0162,170008.0,False,True,True,True,True,103.29,98.76,WEAKENING,True
151,NMDC,METALS,86.76,97.49,-11.01,82.84,1.0474,27.93,27.51,1.0153,14224538.0,False,True,True,True,True,102.69,102.41,LEADING,True
152,POLYCAB,CAPGOODS,9088.0,10126.0,-10.25,8479.68,1.0717,29.26,28.95,1.0108,252548.0,False,True,True,True,True,98.54,100.94,IMPROVING,True
153,BANKINDIA,FINSERV,144.0,172.72,-16.63,140.46,1.0252,32.32,32.48,0.995,4694456.0,False,True,True,True,True,101.47,101.14,LEADING,True
154,SIEMENS,CAPGOODS,4089.0,4149.4,-1.46,3522.82,1.1607,29.85,30.17,0.9891,278973.0,False,True,True,True,True,109.57,101.74,LEADING,True
155,YATHARTH,PHARMA,967.4,1024.85,-5.61,780.94,1.2388,36.89,37.33,0.9884,1376658.0,False,True,True,True,True,113.45,107.12,LEADING,True
156,MANAPPURAM,FINSERV,348.9,380.46,-8.29,311.22,1.1211,31.77,32.91,0.9655,1893238.0,False,True,True,True,True,101.86,98.08,WEAKENING,True
157,ADANIGREEN,INFRA_MEDIA,1311.0,1631.5,-19.64,1245.16,1.0529,40.78,42.24,0.9655,776595.0,False,True,True,True,True,91.94,101.47,IMPROVING,True
158,CGPOWER,CAPGOODS,889.0,980.9,-9.37,812.58,1.094,32.72,33.96,0.9634,2230616.0,False,True,True,True,True,99.4,102.13,IMPROVING,True
159,RKFORGE,AUTO,751.25,772.8,-2.79,595.66,1.2612,33.16,35.09,0.9449,1361521.0,False,True,True,True,True,117.94,100.0,WEAKENING,True
160,WABAG,INFRA_MEDIA,2086.1,2248.02,-7.2,1652.98,1.262,37.38,39.62,0.9435,644576.0,False,True,True,True,True,103.0,101.79,LEADING,True
161,CCL,FMCG,1123.1,1242.2,-9.59,1073.39,1.0463,29.72,31.9,0.9315,131036.0,False,True,True,True,True,97.18,102.01,IMPROVING,True
162,ELGIEQUIP,CAPGOODS,628.85,644.0,-2.35,549.08,1.1453,30.72,33.26,0.9237,1169585.0,False,True,True,True,True,106.49,101.36,LEADING,True
163,MARICO,FMCG,829.65,889.1,-6.69,798.12,1.0395,16.12,17.55,0.9184,2455289.0,False,True,True,True,True,98.28,98.5,LAGGING,True
164,GRINDWELL,CAPGOODS,2057.7,2455.0,-16.18,1831.87,1.1233,32.64,35.69,0.9145,15697.0,False,True,True,True,True,98.96,100.18,IMPROVING,True
165,ZYDUSLIFE,PHARMA,1191.0,1205.0,-1.16,1028.62,1.1579,20.67,22.71,0.9102,1291738.0,False,True,True,True,True,105.9,105.03,LEADING,True
166,BOSCHLTD,AUTO,48640.0,49190.0,-1.12,38893.66,1.2506,25.27,27.94,0.9044,26114.0,False,True,True,True,True,113.62,98.96,WEAKENING,True
167,GRAPHITE,CAPGOODS,696.0,793.69,-12.31,647.62,1.0747,35.11,39.54,0.8879,930045.0,False,True,True,True,True,105.95,97.71,WEAKENING,True
168,ASTERDM,PHARMA,748.4,891.3,-16.03,722.82,1.0354,25.28,28.79,0.8782,1768713.0,False,True,True,True,True,93.89,97.5,LAGGING,True
169,MANORAMA,FMCG,1889.4,2043.0,-7.52,1506.85,1.2539,37.72,42.96,0.878,115933.0,False,True,True,True,True,114.03,97.11,WEAKENING,True
170,USHAMART,CAPGOODS,492.45,523.57,-5.94,459.11,1.0726,28.35,33.44,0.8479,386312.0,False,True,True,True,True,99.92,100.29,IMPROVING,True
171,EMCURE,PHARMA,1869.4,2048.0,-8.72,1675.84,1.1155,27.29,32.22,0.847,133174.0,False,True,True,True,True,99.94,99.91,LAGGING,True
172,BLUESTONE,CONSDUR,794.7,926.0,-14.18,601.62,1.3209,44.32,52.4,0.8459,277657.0,False,True,True,True,True,112.59,94.13,WEAKENING,True
173,PAYTM,FINSERV,1650.9,1732.3,-4.7,1243.9,1.3272,31.75,38.16,0.832,1837484.0,False,True,True,True,True,120.06,97.86,WEAKENING,True
174,EMIL,CONSDUR,177.35,196.74,-9.86,128.28,1.3826,38.64,46.74,0.8267,724327.0,False,True,True,True,True,120.68,91.81,WEAKENING,True
175,NAZARA,INFRA_MEDIA,374.6,379.4,-1.27,294.1,1.2737,32.24,39.1,0.8246,8037749.0,False,True,True,True,True,116.1,103.72,LEADING,True
176,PHOENIXLTD,REALTY,1917.0,2169.8,-11.65,1816.32,1.0554,21.68,26.34,0.823,253002.0,False,True,True,True,True,97.44,99.75,LAGGING,True
177,GRASIM,REALTY,3290.0,3411.1,-3.55,2984.81,1.1022,18.03,22.32,0.8076,676185.0,False,True,True,True,True,103.79,100.29,LEADING,True
178,CHOLAFIN,FINSERV,1862.9,1952.5,-4.59,1689.15,1.1029,26.34,32.93,0.8,803008.0,False,True,True,True,True,102.61,99.0,WEAKENING,True
179,BAJFINANCE,FINSERV,1079.9,1176.4,-8.2,984.83,1.0965,24.0,30.1,0.7972,4554311.0,False,True,True,True,True,102.87,98.64,WEAKENING,True
180,OIL,ENERGY,482.85,531.0,-9.07,450.31,1.0723,24.35,30.79,0.7909,1907538.0,False,True,True,True,True,108.79,101.04,LEADING,True
181,ASKAUTOLTD,AUTO,633.1,687.7,-7.94,489.96,1.2921,28.72,36.52,0.7864,416555.0,False,True,True,True,True,118.29,98.48,WEAKENING,True
182,ENGINERSIN,REALTY,253.72,267.0,-4.97,224.07,1.1323,32.6,41.71,0.7817,4342151.0,False,True,True,True,True,106.89,103.41,LEADING,True
183,ZYDUSWELL,FMCG,526.55,611.85,-13.94,492.3,1.0696,31.07,40.05,0.7759,171032.0,False,True,True,True,True,96.49,103.16,IMPROVING,True
184,APOLLOHOSP,PHARMA,8838.5,9039.48,-2.22,8114.29,1.0893,13.69,17.97,0.7621,311286.0,False,True,True,True,True,100.99,100.83,LEADING,True
185,ABSLAMC,FINSERV,1047.9,1194.96,-12.31,962.29,1.089,27.46,36.06,0.7615,74281.0,False,True,True,True,True,99.12,104.32,IMPROVING,True
186,TATATECH,IT,834.35,891.0,-6.36,693.91,1.2024,24.74,32.73,0.7559,2546795.0,False,True,True,True,True,109.33,102.1,LEADING,True
187,JINDALSTEL,METALS,1179.2,1303.87,-9.56,1111.88,1.0605,20.89,27.88,0.7495,652427.0,False,True,True,True,True,109.64,103.82,LEADING,True
188,UNITDSPR,FMCG,1510.0,1563.4,-3.42,1381.05,1.0934,17.32,23.38,0.7411,612774.0,False,True,True,True,True,104.4,97.31,WEAKENING,True
189,V2RETAIL,CONSDUR,221.32,259.25,-14.63,215.48,1.0271,28.97,40.05,0.7233,620306.0,False,True,True,True,True,99.82,101.36,IMPROVING,True
190,NSLNISP,METALS,49.02,53.75,-8.8,42.6,1.1507,28.16,39.78,0.7079,57456853.0,False,True,True,True,True,114.15,119.17,LEADING,True
191,ANGELONE,FINSERV,294.0,359.34,-18.18,291.49,1.0086,28.12,39.84,0.7056,2866743.0,False,True,True,True,True,93.98,102.46,IMPROVING,True
192,RBA,CONSDUR,100.97,111.15,-9.16,73.9,1.3663,26.51,38.31,0.692,2859553.0,False,True,True,True,True,123.69,94.61,WEAKENING,True
193,IDFCFIRSTB,FINSERV,83.12,88.5,-6.08,76.72,1.0834,21.24,30.8,0.6895,14247602.0,False,True,True,True,True,101.4,97.48,WEAKENING,True
194,LLOYDSENGG,CAPGOODS,86.74,99.48,-12.8,71.13,1.2194,34.02,49.37,0.689,3159675.0,False,True,True,True,True,98.03,96.49,LAGGING,True
195,WOCKPHARMA,PHARMA,1977.1,2422.3,-18.38,1671.26,1.183,34.48,51.04,0.6756,1581060.0,False,True,True,True,True,103.79,105.28,LEADING,True
196,CARBORUNIV,CAPGOODS,1116.8,1303.79,-14.34,999.08,1.1178,20.68,32.91,0.6284,85151.0,False,True,True,True,True,100.98,100.32,LEADING,True
197,LT,CAPGOODS,4045.8,4397.05,-7.99,3928.27,1.0299,15.36,24.68,0.6223,893956.0,False,True,True,True,True,101.6,100.16,LEADING,True
198,YESBANK,FINSERV,22.1,25.78,-14.27,22.05,1.0022,16.62,27.23,0.6104,63531708.0,False,True,True,True,True,95.1,99.29,LAGGING,True
199,SHYAMMETL,CAPGOODS,1099.8,1111.0,-1.01,924.87,1.1891,17.33,28.55,0.6073,2682841.0,False,True,True,True,True,110.74,108.39,LEADING,True
200,LALPATHLAB,PHARMA,1931.1,1988.9,-2.91,1613.53,1.1968,17.89,29.77,0.6008,90724.0,False,True,True,True,True,108.27,100.4,LEADING,True
201,TI,FMCG,567.2,594.55,-4.6,460.54,1.2316,19.96,33.61,0.5939,411373.0,False,True,True,True,True,117.54,96.92,WEAKENING,True
202,BIOCON,PHARMA,411.1,447.15,-8.06,399.26,1.0297,14.87,25.37,0.5864,2187557.0,False,True,True,True,True,97.73,99.74,LAGGING,True
203,PNB,FINSERV,115.4,131.33,-12.13,110.31,1.0461,15.55,27.15,0.5729,8502644.0,False,True,True,True,True,104.46,98.91,WEAKENING,True
204,GLAXO,PHARMA,3106.4,3120.7,-0.46,2504.59,1.2403,14.2,24.93,0.5695,135782.0,False,True,True,True,True,120.22,102.51,LEADING,True
205,HEROMOTOCO,AUTO,5600.0,6175.52,-9.32,5176.16,1.0819,14.19,25.39,0.5588,408239.0,False,True,True,True,True,107.6,98.0,WEAKENING,True
206,ZENTEC,CAPGOODS,1820.1,2042.63,-10.89,1638.46,1.1109,21.07,37.74,0.5583,221628.0,False,True,True,True,True,101.7,96.78,WEAKENING,True
207,AVL,CONSDUR,590.8,703.5,-16.02,553.4,1.0676,17.93,32.23,0.5562,220999.0,False,True,True,True,True,94.86,99.54,LAGGING,True
208,TBOTEK,CONSDUR,1682.7,1764.8,-4.65,1432.53,1.1746,21.97,39.76,0.5525,54341.0,False,True,True,True,True,109.06,97.99,WEAKENING,True
209,STAR,PHARMA,1019.9,1225.26,-16.76,986.84,1.0335,19.11,36.72,0.5206,435651.0,False,True,True,True,True,98.61,105.02,IMPROVING,True
210,CAPLIPOINT,PHARMA,2517.2,2699.0,-6.74,2170.06,1.16,16.81,32.49,0.5173,47400.0,False,True,True,True,True,98.89,99.72,LAGGING,True
211,PRUDENT,FINSERV,3421.3,3509.9,-2.52,2828.51,1.2096,18.15,35.18,0.516,26505.0,False,True,True,True,True,109.77,100.79,LEADING,True
212,KALYANKJIL,CONSDUR,615.8,648.95,-5.11,473.22,1.3013,23.92,46.92,0.5098,7914847.0,False,True,True,True,True,116.52,97.58,WEAKENING,True
213,JSWINFRA,INFRA_MEDIA,342.95,355.8,-3.61,298.43,1.1492,15.98,31.64,0.5049,1428019.0,False,True,True,True,True,103.96,101.14,LEADING,True
214,ABDL,FMCG,610.0,711.7,-14.29,564.84,1.08,20.18,40.73,0.4956,109318.0,False,True,True,True,True,97.58,100.92,IMPROVING,True
215,GPPL,INFRA_MEDIA,168.75,200.09,-15.66,158.06,1.0677,14.44,29.36,0.4919,1092016.0,False,True,True,True,True,109.74,102.14,LEADING,True
216,ANURAS,CHEMICALS,1260.4,1415.0,-10.93,1247.63,1.0102,11.99,24.82,0.4829,132636.0,False,True,True,True,True,101.63,102.14,LEADING,True
217,TECHM,IT,1640.9,1807.04,-9.19,1485.84,1.1044,13.25,27.45,0.4825,3415226.0,False,True,True,True,True,107.13,102.27,LEADING,True
218,CARTRADE,CONSDUR,3014.6,3290.5,-8.38,2403.02,1.2545,26.52,55.87,0.4746,205402.0,False,True,True,True,True,107.9,99.6,WEAKENING,True
219,3MINDIA,INFRA_MEDIA,34415.0,37487.1,-8.2,33167.13,1.0376,14.28,30.58,0.4671,2422.0,False,True,True,True,True,99.86,101.14,IMPROVING,True
220,GNFC,CHEMICALS,580.05,619.0,-6.29,506.78,1.1446,14.02,30.04,0.4668,363373.0,False,True,True,True,True,108.1,97.89,WEAKENING,True
221,GABRIEL,AUTO,1367.6,1596.7,-14.35,1156.52,1.1825,22.82,48.98,0.466,501459.0,False,True,True,True,True,100.65,96.67,WEAKENING,True
222,EDELWEISS,FINSERV,125.42,133.9,-6.33,115.39,1.0869,17.75,38.39,0.4624,3373693.0,False,True,True,True,True,103.88,100.06,LEADING,True
223,OBEROIRLTY,REALTY,1870.0,1983.95,-5.74,1712.5,1.092,12.34,26.8,0.4603,263019.0,False,True,True,True,True,102.08,98.92,WEAKENING,True
224,BALRAMCHIN,FMCG,654.85,780.95,-16.15,546.54,1.1982,18.1,39.53,0.4578,2100532.0,False,True,True,True,True,108.07,94.94,WEAKENING,True
225,PPLPHARMA,PHARMA,218.68,220.36,-0.76,179.47,1.2185,15.48,33.93,0.4563,5418446.0,False,True,True,True,True,115.65,101.23,LEADING,True
226,ETHOSLTD,CONSDUR,2875.1,3245.9,-11.42,2585.5,1.112,16.67,36.95,0.4513,18140.0,False,True,True,True,True,108.58,98.99,WEAKENING,True
227,HAL,CAPGOODS,4861.1,5149.9,-5.61,4461.23,1.0896,12.04,27.12,0.444,484334.0,False,True,True,True,True,105.17,97.39,WEAKENING,True
228,PETRONET,ENERGY,292.0,322.68,-9.51,277.94,1.0506,12.71,28.86,0.4405,1164928.0,False,True,True,True,True,104.39,100.97,LEADING,True
229,COFORGE,IT,2014.6,2016.5,-0.09,1540.52,1.3077,16.9,38.63,0.4375,5516587.0,False,True,True,True,True,123.52,105.36,LEADING,True
230,EXIDEIND,AUTO,444.6,496.4,-10.44,390.09,1.1397,12.58,29.57,0.4256,6027670.0,False,True,True,True,True,102.26,96.88,WEAKENING,True
231,TIPSMUSIC,INFRA_MEDIA,648.05,741.0,-12.54,619.18,1.0466,15.61,37.52,0.416,191676.0,False,True,True,True,True,97.45,99.93,LAGGING,True
232,AGARWALEYE,PHARMA,507.8,568.0,-10.6,472.59,1.0745,11.45,27.86,0.4107,663188.0,False,True,True,True,True,103.39,100.88,LEADING,True
233,360ONE,FINSERV,1200.0,1229.07,-2.36,1107.2,1.0838,11.02,28.16,0.3912,422710.0,False,True,True,True,True,105.94,100.62,LEADING,True
234,KPRMILL,CONSDUR,1130.2,1331.08,-15.09,1023.62,1.1041,15.9,41.11,0.3868,270993.0,False,True,True,True,True,101.83,100.14,LEADING,True
235,MOTILALOFS,FINSERV,1038.3,1088.32,-4.6,872.05,1.1906,15.15,39.37,0.3848,554756.0,False,True,True,True,True,111.51,104.4,LEADING,True
236,KOTAKBANK,FINSERV,423.7,452.42,-6.35,396.68,1.0681,7.96,21.0,0.379,18952918.0,False,True,True,True,True,108.43,105.23,LEADING,True
237,FEDFINA,FINSERV,158.94,178.48,-10.95,147.72,1.0759,15.76,41.84,0.3767,602415.0,False,True,True,True,True,104.06,102.51,LEADING,True
238,ASTRAL,CAPGOODS,1532.3,1765.92,-13.23,1491.59,1.0273,10.51,30.26,0.3472,700559.0,False,True,True,True,True,106.45,100.61,LEADING,True
239,METROPOLIS,PHARMA,588.45,609.05,-3.38,519.68,1.1323,9.42,29.6,0.3183,687298.0,False,True,True,True,True,105.06,104.72,LEADING,True
240,ANANTRAJ,REALTY,606.15,742.43,-18.36,554.93,1.0923,14.18,46.22,0.3068,616038.0,False,True,True,True,True,103.6,97.15,WEAKENING,True
241,NH,PHARMA,1932.1,2092.9,-7.68,1866.01,1.0354,8.96,29.89,0.2996,209531.0,False,True,True,True,True,100.03,104.94,LEADING,True
242,IKS,IT,1762.0,1933.0,-8.85,1670.45,1.0548,10.12,34.1,0.2967,110044.0,False,True,True,True,True,98.0,98.33,LAGGING,True
243,KPIL,REALTY,1386.3,1468.0,-5.57,1255.51,1.1042,8.48,29.04,0.2919,96391.0,False,True,True,True,True,103.43,99.79,WEAKENING,True
244,SMLMAH,CAPGOODS,5186.5,5987.9,-13.38,4102.67,1.2642,16.78,57.59,0.2914,36373.0,False,True,True,True,True,113.31,97.17,WEAKENING,True
245,PERSISTENT,IT,5875.0,6552.65,-10.34,5299.7,1.1086,10.04,34.61,0.2903,957631.0,False,True,True,True,True,113.38,103.45,LEADING,True
246,ACE,CAPGOODS,1140.6,1196.0,-4.63,989.05,1.1532,9.38,33.6,0.2791,146229.0,False,True,True,True,True,108.45,97.21,WEAKENING,True
247,SMARTWORKS,INFRA_MEDIA,538.75,619.0,-12.96,468.98,1.1488,9.84,35.24,0.2791,18490.0,False,True,True,True,True,111.05,101.8,LEADING,True
248,PIDILITIND,CHEMICALS,1629.5,1707.5,-4.57,1514.96,1.0756,5.87,21.14,0.2777,449546.0,False,True,True,True,True,101.4,98.46,WEAKENING,True
249,ANTHEM,PHARMA,900.1,942.6,-4.51,760.44,1.1837,7.97,28.96,0.2752,375323.0,False,True,True,True,True,111.46,100.09,LEADING,True
250,JYOTICNC,CAPGOODS,1039.4,1055.9,-1.56,825.19,1.2596,12.03,44.03,0.2732,873856.0,False,True,True,True,True,125.7,103.89,LEADING,True
251,ZFCVINDIA,AUTO,2568.0,3038.73,-15.49,2428.27,1.0575,8.16,29.9,0.273,70679.0,False,True,True,True,True,103.27,98.37,WEAKENING,True
252,ASAHIINDIA,AUTO,952.7,1074.0,-11.29,891.16,1.0691,9.33,34.67,0.2692,172883.0,False,True,True,True,True,106.19,99.55,WEAKENING,True
253,EPL,CAPGOODS,251.94,274.03,-8.06,224.67,1.1214,8.4,31.71,0.2649,1428390.0,False,True,True,True,True,106.21,98.02,WEAKENING,True
254,ASIANPAINT,CONSDUR,2608.7,2960.02,-11.87,2580.85,1.0108,6.21,23.61,0.2629,482544.0,False,True,True,True,True,97.42,99.79,LAGGING,True
255,TRAVELFOOD,CONSDUR,1297.7,1470.9,-11.78,1266.2,1.0249,7.6,29.95,0.2539,54197.0,False,True,True,True,True,98.4,99.06,LAGGING,True
256,BPCL,ENERGY,319.25,391.65,-18.49,317.05,1.0069,7.36,29.07,0.2534,4733069.0,False,True,True,True,True,102.27,102.04,LEADING,True
257,PVRINOX,INFRA_MEDIA,1220.9,1284.5,-4.95,1048.85,1.164,7.17,28.36,0.2527,210854.0,False,True,True,True,True,112.79,98.27,WEAKENING,True
258,SHAREINDIA,FINSERV,167.93,209.36,-19.79,155.48,1.0801,12.61,50.99,0.2473,200247.0,False,True,True,True,True,100.84,95.64,WEAKENING,True
259,JSFB,FINSERV,541.0,606.95,-10.87,472.88,1.1441,9.95,40.95,0.2429,301768.0,False,True,True,True,True,104.18,95.18,WEAKENING,True
260,GRAVITA,METALS,1825.8,1913.6,-4.59,1691.87,1.0792,8.69,35.8,0.2428,85446.0,False,True,True,True,True,104.57,100.41,LEADING,True
261,VMART,CONSDUR,819.65,886.81,-7.57,720.0,1.1384,9.7,40.47,0.2398,188815.0,False,True,True,True,True,104.88,98.56,WEAKENING,True
262,JLHL,PHARMA,301.4,340.0,-11.35,283.56,1.0629,5.75,24.02,0.2392,111623.0,False,True,True,True,True,99.24,96.75,LAGGING,True
263,MIDHANI,CAPGOODS,417.75,456.6,-8.51,390.68,1.0693,10.01,42.53,0.2354,231448.0,False,True,True,True,True,100.66,99.62,WEAKENING,True
264,IIFLCAPS,FINSERV,333.2,407.51,-18.23,326.27,1.0212,9.1,40.07,0.2271,132914.0,False,True,True,True,True,99.26,100.41,IMPROVING,True
265,PICCADIL,FMCG,651.25,809.7,-19.57,632.45,1.0297,9.3,42.91,0.2167,126218.0,False,True,True,True,True,95.37,94.44,LAGGING,True
266,GOKEX,CONSDUR,767.8,954.9,-19.59,762.33,1.0072,11.46,55.5,0.2065,216062.0,False,True,True,True,True,94.1,96.85,LAGGING,True
267,MEDANTA,PHARMA,1472.2,1544.0,-4.65,1264.59,1.1642,5.47,29.22,0.1873,404295.0,False,True,True,True,True,107.25,101.83,LEADING,True
268,BAJAJFINSV,FINSERV,2002.0,2193.13,-8.71,1903.12,1.052,4.13,23.77,0.1739,466703.0,False,True,True,True,True,104.39,98.87,WEAKENING,True
269,JSWENERGY,INFRA_MEDIA,535.3,615.26,-13.0,535.13,1.0003,4.68,29.12,0.1608,995262.0,False,True,True,True,True,96.65,99.18,LAGGING,True
270,POONAWALLA,FINSERV,479.05,570.4,-16.02,445.88,1.0744,5.82,37.3,0.1561,560278.0,False,True,True,True,True,102.45,97.64,WEAKENING,True
271,ENDURANCE,AUTO,2929.2,3072.0,-4.65,2641.14,1.1091,4.78,30.67,0.156,119626.0,False,True,True,True,True,105.31,97.38,WEAKENING,True
272,AMBER,CONSDUR,7675.0,8974.0,-14.48,7399.2,1.0373,6.17,40.03,0.1541,271368.0,False,True,True,True,True,102.9,104.41,LEADING,True
273,PNGJL,CONSDUR,598.0,736.4,-18.79,597.05,1.0016,5.27,34.25,0.1539,671442.0,False,True,True,True,True,99.46,98.81,LAGGING,True
274,CAMS,FINSERV,762.0,837.88,-9.06,753.18,1.0117,4.01,28.84,0.139,3420858.0,False,True,True,True,True,98.71,101.98,IMPROVING,True
275,INDGN,PHARMA,578.95,594.19,-2.57,518.9,1.1157,3.47,26.84,0.1292,1891693.0,False,True,True,True,True,109.8,101.63,LEADING,True
276,AEGISVOPAK,ENERGY,269.9,311.49,-13.35,241.02,1.1198,5.84,46.83,0.1247,588121.0,False,True,True,True,True,99.49,99.49,LAGGING,True
277,INDIGOPNTS,CONSDUR,1151.8,1345.9,-14.42,1035.57,1.1122,4.35,34.99,0.1243,42514.0,False,True,True,True,True,106.48,99.24,WEAKENING,True
278,PGEL,CONSDUR,585.85,644.4,-9.09,571.72,1.0247,5.18,42.4,0.1221,533664.0,False,True,True,True,True,99.76,97.54,LAGGING,True
279,GAIL,ENERGY,171.1,182.38,-6.18,168.16,1.0175,2.79,24.91,0.1121,8706458.0,False,True,True,True,True,98.95,99.48,LAGGING,True
280,SCHAEFFLER,CAPGOODS,4033.4,4445.0,-9.26,4026.51,1.0017,3.16,28.46,0.1111,48578.0,False,True,True,True,True,98.62,100.66,IMPROVING,True
281,KIMS,PHARMA,771.0,858.0,-10.14,739.23,1.043,3.38,31.14,0.1085,627500.0,False,True,True,True,True,96.66,99.53,LAGGING,True
282,ETERNAL,CONSDUR,328.0,368.45,-10.98,279.29,1.1744,3.18,33.06,0.0961,31385139.0,False,True,True,True,True,110.75,99.16,WEAKENING,True
283,LODHA,REALTY,1274.0,1340.24,-4.94,1064.69,1.1966,3.37,36.01,0.0936,995058.0,False,True,True,True,True,110.36,99.83,WEAKENING,True
284,JBMA,AUTO,641.55,790.0,-18.79,637.55,1.0063,3.79,43.92,0.0864,132197.0,False,True,True,True,True,96.61,101.32,IMPROVING,True
285,BEML,CAPGOODS,1984.9,2269.47,-12.54,1808.73,1.0974,3.03,38.74,0.0783,494559.0,False,True,True,True,True,109.32,101.89,LEADING,True
286,AARTIPHARM,PHARMA,840.7,944.1,-10.95,734.06,1.1453,3.19,44.03,0.0724,278187.0,False,True,True,True,True,114.36,98.54,WEAKENING,True
287,ICICIBANK,FINSERV,1422.8,1467.63,-3.05,1357.33,1.0482,1.28,19.02,0.0675,8625738.0,False,True,True,True,True,101.39,100.12,LEADING,True
288,SAREGAMA,INFRA_MEDIA,492.8,574.5,-14.22,438.46,1.1239,2.22,41.27,0.0537,216953.0,False,True,True,True,True,98.52,97.07,LAGGING,True
289,CREDITACC,FINSERV,1391.7,1634.0,-14.83,1378.26,1.0098,2.11,39.64,0.0531,488002.0,False,True,True,True,True,92.5,94.65,LAGGING,True
290,FORTIS,PHARMA,926.75,1103.13,-15.99,921.08,1.0062,1.28,25.75,0.0498,1462799.0,False,True,True,True,True,98.64,102.22,IMPROVING,True
291,TVSSCS,INFRA_MEDIA,131.56,146.5,-10.2,123.15,1.0683,1.99,40.16,0.0496,884652.0,False,True,True,True,True,99.17,104.29,IMPROVING,True
292,HCG,PHARMA,696.3,804.65,-13.47,642.01,1.0846,1.47,30.29,0.0486,54966.0,False,True,True,True,True,104.01,96.4,WEAKENING,True
293,GODREJPROP,REALTY,2029.1,2340.69,-13.31,1915.36,1.0594,1.58,34.84,0.0455,329143.0,False,True,True,True,True,100.76,99.03,WEAKENING,True
294,SAGILITY,IT,46.34,57.7,-19.69,43.18,1.0733,1.51,35.29,0.0428,60764265.0,False,True,True,True,True,110.48,106.39,LEADING,True
295,M&M,AUTO,3334.0,3799.99,-12.26,3256.51,1.0238,1.15,27.91,0.0411,1744074.0,False,True,True,True,True,102.8,97.75,WEAKENING,True
296,MAHSEAMLES,CAPGOODS,661.7,690.0,-4.1,602.33,1.0986,0.73,23.9,0.0306,550119.0,False,True,True,True,True,110.28,105.12,LEADING,True
297,BALUFORGE,CAPGOODS,638.8,696.84,-8.33,503.93,1.2676,1.5,50.79,0.0295,1441287.0,False,True,True,True,True,133.84,106.49,LEADING,True
298,LTFOODS,FMCG,439.35,490.7,-10.46,402.02,1.0929,1.14,38.94,0.0293,403175.0,False,True,True,True,True,110.43,99.84,WEAKENING,True
299,OPTIEMUS,INFRA_MEDIA,579.6,713.0,-18.71,498.97,1.1616,0.65,48.73,0.0134,233808.0,False,True,True,True,True,104.26,100.52,LEADING,True
300,PREMIERENE,CAPGOODS,1013.9,1134.0,-10.59,985.63,1.0287,0.39,33.56,0.0117,2307505.0,False,True,True,True,True,97.67,100.19,IMPROVING,True
301,UNOMINDA,AUTO,1276.0,1378.85,-7.46,1161.92,1.0982,0.17,31.69,0.0052,552647.0,False,True,True,True,True,108.09,100.0,WEAKENING,True
302,DEEPAKFERT,CHEMICALS,1436.3,1669.61,-13.97,1373.68,1.0456,0.19,41.19,0.0046,117367.0,False,True,True,True,True,93.75,99.23,LAGGING,True
303,LLOYDSENT,METALS,73.53,84.7,-13.19,69.02,1.0654,0.0,51.5,0.0,2941824.0,False,True,True,True,True,95.28,97.24,LAGGING,True
304,SKIPPER,CAPGOODS,546.25,593.0,-7.88,489.19,1.1166,-0.03,39.18,-0.0007,502418.0,False,True,True,True,True,101.27,99.62,WEAKENING,True
305,ALKYLAMINE,CHEMICALS,2047.9,2115.06,-3.18,1747.24,1.1721,-0.4,40.15,-0.0099,43006.0,False,True,True,True,True,109.69,101.39,LEADING,True
306,NIACL,FINSERV,186.34,216.22,-13.82,167.47,1.1127,-0.49,40.83,-0.0121,2336110.0,False,True,True,True,True,103.83,100.4,LEADING,True
307,BALKRISIND,AUTO,2340.1,2765.38,-15.38,2284.13,1.0245,-0.45,33.9,-0.0134,755064.0,False,True,True,True,True,103.97,98.9,WEAKENING,True
308,LOTUSDEV,REALTY,186.61,207.5,-10.07,155.27,1.2018,-0.99,43.63,-0.0226,1014331.0,False,True,True,True,True,113.54,105.1,LEADING,True
309,PRESTIGE,REALTY,1588.0,1802.93,-11.92,1520.9,1.0441,-1.07,32.55,-0.0328,274021.0,False,True,True,True,True,98.42,98.61,LAGGING,True
310,CONCOR,INFRA_MEDIA,516.0,561.44,-8.09,498.88,1.0343,-0.9,26.57,-0.0339,4311023.0,False,True,True,True,True,104.49,99.79,WEAKENING,True
311,KAJARIACER,CONSDUR,1215.5,1285.37,-5.44,1123.89,1.0815,-1.06,28.42,-0.0373,91389.0,False,True,True,True,True,100.66,99.92,WEAKENING,True
312,KRBL,FMCG,437.65,474.85,-7.83,366.4,1.1945,-2.05,40.73,-0.0502,829333.0,False,True,True,True,True,116.43,104.11,LEADING,True
313,DELHIVERY,INFRA_MEDIA,470.2,524.0,-10.27,451.14,1.0422,-1.73,30.42,-0.057,1426037.0,False,True,True,True,True,98.87,104.11,IMPROVING,True
314,APOLLOTYRE,AUTO,443.5,533.71,-16.9,438.87,1.0105,-1.62,27.27,-0.0595,836372.0,False,True,True,True,True,102.49,101.08,LEADING,True
315,ENRIN,CAPGOODS,3242.6,3968.0,-18.28,3235.26,1.0023,-2.67,38.4,-0.0696,253686.0,False,True,True,True,True,94.61,96.02,LAGGING,True
316,CHOICEIN,FINSERV,786.4,860.5,-8.61,749.02,1.0499,-2.23,31.48,-0.0709,378490.0,False,True,True,True,True,99.36,98.35,LAGGING,True
317,NAUKRI,IT,1354.0,1423.55,-4.89,1165.34,1.1619,-2.3,30.25,-0.0761,1808851.0,False,True,True,True,True,113.18,98.04,WEAKENING,True
318,HCC,REALTY,24.64,30.0,-17.87,22.14,1.1131,-4.68,51.44,-0.091,41624710.0,False,True,True,True,True,108.26,112.94,LEADING,True
319,JKPAPER,INFRA_MEDIA,391.55,440.18,-11.05,362.97,1.0787,-3.33,35.53,-0.0938,141274.0,False,True,True,True,True,105.85,100.48,LEADING,True
320,LICHSGFIN,FINSERV,535.0,586.43,-8.77,527.88,1.0135,-2.62,25.15,-0.104,4033348.0,False,True,True,True,True,102.93,106.89,LEADING,True
321,TITAGARH,CAPGOODS,835.35,971.0,-13.97,816.7,1.0228,-3.79,35.97,-0.1054,225348.0,False,True,True,True,True,98.6,101.2,IMPROVING,True
322,NIVABUPA,FINSERV,81.8,91.4,-10.5,81.35,1.0056,-2.44,22.35,-0.1094,329259.0,False,True,True,True,True,96.3,99.59,LAGGING,True
323,LICI,FINSERV,422.0,457.74,-7.81,412.83,1.0222,-2.77,25.17,-0.1098,16058167.0,False,True,True,True,True,100.38,101.47,LEADING,True
324,SENCO,CONSDUR,354.85,428.76,-17.24,342.23,1.0369,-4.63,42.06,-0.1101,639082.0,False,True,True,True,True,98.64,101.17,IMPROVING,True
325,DEEPAKNTR,CHEMICALS,1762.9,1895.74,-7.01,1673.4,1.0535,-3.24,28.34,-0.1142,186904.0,False,True,True,True,True,105.38,100.12,LEADING,True
326,HONAUT,CAPGOODS,36635.0,41495.0,-11.71,35071.6,1.0446,-3.55,30.16,-0.1176,1514.0,False,True,True,True,True,96.75,100.7,IMPROVING,True
327,MAZDOCK,CAPGOODS,2555.0,3039.74,-15.95,2509.41,1.0182,-4.18,33.45,-0.1249,388879.0,False,True,True,True,True,104.29,99.4,WEAKENING,True
328,KIRLOSBROS,CAPGOODS,1914.7,2180.91,-12.21,1777.01,1.0775,-4.79,37.33,-0.1284,33445.0,False,True,True,True,True,100.42,100.02,LEADING,True
329,CDSL,FINSERV,1414.7,1658.57,-14.7,1343.09,1.0533,-4.32,31.04,-0.1393,1052357.0,False,True,True,True,True,105.07,102.26,LEADING,True
330,ARE&M,AUTO,921.35,1045.66,-11.89,879.74,1.0473,-4.48,31.54,-0.1422,567121.0,False,True,True,True,True,103.67,99.17,WEAKENING,True
331,POLICYBZR,FINSERV,1811.5,1974.0,-8.23,1654.56,1.0949,-4.75,33.12,-0.1435,344633.0,False,True,True,True,True,110.39,100.53,LEADING,True
332,TEJASNET,INFRA_MEDIA,550.15,644.75,-14.67,509.21,1.0804,-8.47,57.3,-0.1478,43164679.0,False,True,True,True,True,101.58,108.79,LEADING,True
333,CASTROLIND,ENERGY,185.24,198.23,-6.55,180.61,1.0256,-1.96,12.87,-0.1523,848396.0,False,True,True,True,True,102.4,99.18,WEAKENING,True
334,FIVESTAR,FINSERV,537.85,663.59,-18.95,510.02,1.0546,-6.37,39.89,-0.1596,347854.0,False,True,True,True,True,101.03,102.63,LEADING,True
335,GODREJIND,INFRA_MEDIA,1167.5,1443.0,-19.09,1125.27,1.0375,-8.07,41.45,-0.1947,71294.0,False,True,True,True,True,93.27,97.64,LAGGING,True
336,CYIENT,IT,1107.45,1267.74,-12.64,952.55,1.1626,-6.68,33.43,-0.1998,2503595.0,False,True,True,True,True,126.85,115.57,LEADING,True
337,CRISIL,FINSERV,4732.7,5038.99,-6.08,4341.71,1.0901,-5.68,27.02,-0.2103,105229.0,False,True,True,True,True,110.2,103.78,LEADING,True
338,RAINBOW,PHARMA,1442.8,1610.0,-10.39,1373.05,1.0508,-5.19,22.05,-0.2353,68321.0,False,True,True,True,True,98.47,99.73,LAGGING,True
339,SUMICHEM,CHEMICALS,517.85,615.97,-15.93,480.98,1.0766,-8.93,35.82,-0.2493,76606.0,False,True,True,True,True,102.08,95.53,WEAKENING,True
340,HOMEFIRST,FINSERV,1198.3,1335.26,-10.26,1151.07,1.041,-9.51,36.55,-0.2601,89891.0,False,True,True,True,True,100.81,100.82,LEADING,True
341,BRIGADE,REALTY,642.25,799.25,-19.64,583.22,1.1012,-8.99,34.42,-0.2613,249374.0,False,True,True,True,True,114.01,100.61,LEADING,True
342,MANKIND,PHARMA,2382.9,2674.0,-10.89,2360.87,1.0093,-6.81,25.01,-0.2724,190737.0,False,True,True,True,True,96.52,100.41,IMPROVING,True
343,JSWDULUX,CONSDUR,3110.8,3687.56,-15.64,3057.35,1.0175,-7.77,28.37,-0.2739,6926.0,False,True,True,True,True,101.83,100.73,LEADING,True
344,ULTRACEMCO,REALTY,11589.0,12847.76,-9.8,11558.97,1.0026,-6.22,22.62,-0.275,235738.0,False,True,True,True,True,100.61,100.17,LEADING,True
345,ZEEL,INFRA_MEDIA,101.51,121.8,-16.66,98.67,1.0288,-12.34,44.47,-0.2775,20423986.0,False,True,True,True,True,97.85,98.02,LAGGING,True
346,SBFC,FINSERV,98.75,123.0,-19.72,95.45,1.0346,-8.66,31.12,-0.2782,2163907.0,False,True,True,True,True,106.94,103.93,LEADING,True
347,PRAJIND,CAPGOODS,347.9,428.09,-18.73,346.49,1.0041,-11.91,40.62,-0.2932,438949.0,False,True,True,True,True,103.84,100.52,LEADING,True
348,DLF,REALTY,679.8,784.95,-13.4,639.77,1.0626,-8.78,29.27,-0.3,1060004.0,False,True,True,True,True,104.66,100.1,LEADING,True
349,CONCORDBIO,PHARMA,1481.1,1719.7,-13.87,1319.12,1.1228,-12.11,40.0,-0.3028,88034.0,False,True,True,True,True,108.68,95.42,WEAKENING,True
350,INDHOTEL,CONSDUR,706.4,789.04,-10.47,699.54,1.0098,-7.74,24.12,-0.3208,3199451.0,False,True,True,True,True,97.33,97.86,LAGGING,True
351,JUSTDIAL,CONSDUR,704.55,878.6,-19.81,645.13,1.0921,-14.09,39.41,-0.3576,739937.0,False,True,True,True,True,107.62,104.38,LEADING,True
352,VGUARD,CONSDUR,333.25,390.34,-14.63,322.57,1.0331,-8.97,24.49,-0.3665,349373.0,False,True,True,True,True,107.19,99.55,WEAKENING,True
353,CHALET,CONSDUR,901.2,1068.92,-15.69,831.09,1.0844,-10.42,28.23,-0.3691,204227.0,False,True,True,True,True,107.84,102.44,LEADING,True
354,POLYMED,PHARMA,1733.0,2136.76,-18.9,1647.61,1.0518,-16.29,42.71,-0.3814,197416.0,False,True,True,True,True,102.35,99.23,WEAKENING,True
355,BAJAJHLDNG,FINSERV,11340.0,13642.17,-16.88,10883.85,1.0419,-11.23,27.95,-0.4018,31945.0,False,True,True,True,True,104.05,99.68,WEAKENING,True
356,MPHASIS,IT,2455.0,2957.9,-17.0,2380.84,1.0311,-12.26,29.57,-0.4148,956656.0,False,True,True,True,True,104.94,100.65,LEADING,True
357,CIPLA,PHARMA,1423.5,1657.45,-14.12,1404.47,1.0136,-9.05,20.87,-0.4336,377976.0,False,True,True,True,True,99.19,100.0,LAGGING,True
358,APLLTD,PHARMA,813.45,983.37,-17.28,795.09,1.0231,-11.85,26.38,-0.4492,89882.0,False,True,True,True,True,100.86,99.04,WEAKENING,True
359,INDIGO,INFRA_MEDIA,5166.0,6101.5,-15.33,5006.43,1.0319,-15.53,33.7,-0.4609,257496.0,False,True,True,True,True,98.8,99.51,LAGGING,True
360,GODREJAGRO,FMCG,609.3,745.51,-18.27,584.12,1.0431,-15.84,29.07,-0.5448,102348.0,False,True,True,True,True,108.63,102.33,LEADING,True
361,KIRLOSENG,CAPGOODS,2123.1,2714.26,-21.78,1732.33,1.2256,118.22,46.37,2.5497,332403.0,False,False,True,True,False,95.16,101.43,IMPROVING,True
362,THANGAMAYL,CONSDUR,5440.5,7430.0,-26.78,4501.33,1.2086,145.31,59.84,2.4282,280954.0,False,False,True,True,False,92.93,100.16,IMPROVING,True
363,HINDCOPPER,METALS,533.55,758.83,-29.69,492.31,1.0838,132.35,55.86,2.3692,10119066.0,False,False,True,True,False,104.78,95.85,WEAKENING,True
364,BSE,FINSERV,3405.0,4435.12,-23.23,3331.07,1.0222,54.09,37.43,1.445,4774200.0,False,False,True,True,False,94.74,104.9,IMPROVING,True
365,BBOX,IT,745.9,1101.51,-32.28,718.72,1.0378,63.15,44.28,1.4262,139959.0,False,False,True,True,False,89.85,101.74,IMPROVING,True
366,GVT&D,CAPGOODS,4339.2,5636.05,-23.01,4024.34,1.0782,61.7,43.41,1.4214,520191.0,False,False,True,True,False,97.42,105.17,IMPROVING,True
367,CEMPRO,REALTY,1268.1,1649.2,-23.11,1022.35,1.2404,75.26,52.97,1.4209,129496.0,False,False,True,True,False,92.65,99.0,LAGGING,True
368,GESHIP,INFRA_MEDIA,1339.6,1766.73,-24.18,1314.56,1.019,45.87,34.73,1.3207,1428262.0,False,False,True,True,False,97.91,102.72,IMPROVING,True
369,J&KBANK,FINSERV,150.01,201.75,-25.65,137.49,1.091,48.52,40.56,1.1965,884757.0,False,False,True,True,False,92.59,101.53,IMPROVING,True
370,TATASTEEL,METALS,186.5,219.87,-15.18,188.27,0.9906,22.78,25.9,0.8794,39370394.0,False,True,False,True,False,99.89,101.58,IMPROVING,True
371,CANBK,FINSERV,128.35,157.69,-18.61,129.65,0.99,25.07,28.73,0.8727,13970144.0,False,True,False,True,False,100.83,100.28,LEADING,True
372,AXISBANK,FINSERV,1265.0,1417.21,-10.74,1269.23,0.9967,20.56,23.89,0.8606,3243469.0,False,True,False,True,False,99.22,102.89,IMPROVING,True
373,SANDUMA,METALS,205.45,272.33,-24.56,204.67,1.0038,44.15,51.36,0.8595,340342.0,False,False,True,True,False,101.34,102.36,LEADING,True
374,SCHNEIDER,CAPGOODS,1201.9,1548.0,-22.36,1118.64,1.0744,39.76,48.52,0.8194,197078.0,False,False,True,True,False,89.77,100.19,IMPROVING,True
375,SPARC,PHARMA,207.71,289.0,-28.13,181.63,1.1436,45.67,56.77,0.8045,2167701.0,False,False,True,True,False,93.89,107.69,IMPROVING,True
376,RAIN,CHEMICALS,199.31,250.82,-20.54,170.41,1.1696,42.47,53.23,0.7979,2589958.0,False,False,True,True,False,96.81,98.3,LAGGING,True
377,GMDCLTD,METALS,567.65,771.9,-26.46,582.19,0.975,41.17,51.64,0.7973,736396.0,False,False,False,False,False,98.14,101.06,IMPROVING,True
378,MRPL,ENERGY,168.53,212.0,-20.5,162.59,1.0365,38.83,49.01,0.7924,2978571.0,False,False,True,True,False,102.68,96.72,WEAKENING,True
379,LUPIN,PHARMA,2171.5,2523.7,-13.96,2247.72,0.9661,13.65,19.74,0.6913,348121.0,False,True,False,False,False,92.53,99.63,LAGGING,True
380,COALINDIA,METALS,401.0,484.77,-17.28,419.57,0.9557,13.54,22.29,0.6076,38504284.0,False,True,False,False,False,96.28,100.74,IMPROVING,True
381,THERMAX,CAPGOODS,3944.2,5256.33,-24.96,3954.34,0.9974,21.05,34.87,0.6037,35970.0,False,False,False,True,False,89.6,100.32,IMPROVING,True
382,INDUSTOWER,INFRA_MEDIA,380.0,464.04,-18.11,391.54,0.9705,15.11,25.65,0.5889,1536497.0,False,True,False,False,False,100.7,101.88,LEADING,True
383,SAMMAANCAP,FINSERV,145.8,192.95,-24.44,155.34,0.9386,23.11,40.73,0.5674,4311399.0,False,False,False,False,False,90.23,99.21,LAGGING,True
384,AVANTIFEED,FMCG,826.75,1575.93,-47.54,999.24,0.8274,31.17,55.52,0.5614,415922.0,False,False,False,False,False,90.61,99.03,LAGGING,True
385,JAMNAAUTO,AUTO,120.8,152.6,-20.84,123.13,0.9811,22.28,41.54,0.5362,886484.0,False,False,False,False,False,92.57,100.83,IMPROVING,True
386,AXISCADES,CAPGOODS,1594.7,2211.0,-27.87,1601.15,0.996,25.87,48.37,0.5349,101508.0,False,False,False,True,False,99.87,102.45,IMPROVING,True
387,JKTYRE,AUTO,380.25,605.8,-37.23,407.22,0.9338,19.76,36.97,0.5345,301864.0,False,False,False,False,False,96.83,100.89,IMPROVING,True
388,BEL,CAPGOODS,411.9,472.81,-12.88,412.32,0.999,13.22,25.03,0.5282,8025382.0,False,True,False,True,False,101.6,100.91,LEADING,True
389,KIRLPNU,CAPGOODS,723.3,1093.54,-33.86,713.6,1.0136,18.04,35.69,0.5055,91054.0,False,False,True,True,False,88.83,100.0,IMPROVING,True
390,SUPRIYA,PHARMA,804.15,1085.0,-25.88,781.57,1.0289,21.61,46.54,0.4644,230999.0,False,False,True,True,False,93.21,103.36,IMPROVING,True
391,NLCINDIA,ENERGY,270.6,387.8,-30.22,286.71,0.9438,16.96,36.86,0.4601,916598.0,False,False,False,False,False,91.72,101.46,IMPROVING,True
392,CANFINHOME,FINSERV,815.5,962.69,-15.29,841.95,0.9686,12.08,26.77,0.4513,225609.0,False,True,False,False,False,96.63,100.94,IMPROVING,True
393,MUTHOOTFIN,FINSERV,3091.0,4114.71,-24.88,3186.8,0.9699,16.61,36.82,0.4511,403576.0,False,False,False,False,False,103.08,102.18,LEADING,True
394,CEATLTD,AUTO,3511.5,4393.16,-20.07,3524.27,0.9964,16.72,38.08,0.439,33013.0,False,False,False,True,False,98.49,98.72,LAGGING,True
395,INOXGREEN,INFRA_MEDIA,174.26,279.0,-37.54,182.36,0.9556,19.83,45.25,0.4382,1571341.0,False,False,False,False,False,93.08,100.42,IMPROVING,True
396,ASHAPURMIN,METALS,582.1,924.9,-37.06,639.28,0.9106,20.16,55.05,0.3663,220503.0,False,False,False,False,False,88.55,100.85,IMPROVING,True
397,GMRAIRPORT,INFRA_MEDIA,98.31,115.64,-14.99,100.48,0.9784,10.83,29.69,0.3649,23296240.0,False,True,False,False,False,92.15,99.53,LAGGING,True
398,TRITURBINE,CAPGOODS,580.3,787.6,-26.32,581.92,0.9972,10.45,36.74,0.2844,270490.0,False,False,False,True,False,93.63,102.05,IMPROVING,True
399,TATACOMM,INFRA_MEDIA,1694.7,2110.0,-19.68,1727.02,0.9813,9.43,33.47,0.2817,205459.0,False,True,False,False,False,94.03,102.59,IMPROVING,True
400,BANKBARODA,FINSERV,241.9,315.3,-23.28,259.72,0.9314,6.2,27.43,0.2261,3571651.0,False,False,False,False,False,96.66,101.16,IMPROVING,True
401,ONGC,ENERGY,232.25,307.5,-24.47,252.25,0.9207,4.54,23.29,0.1949,7638954.0,False,False,False,False,False,96.89,99.51,LAGGING,True
402,GRSE,CAPGOODS,2612.9,3339.0,-21.75,2595.12,1.0069,8.54,45.34,0.1884,199226.0,False,False,True,True,False,99.43,100.55,IMPROVING,True
403,BANCOINDIA,AUTO,624.4,859.79,-27.38,633.68,0.9854,8.44,45.97,0.1836,55866.0,False,False,False,False,False,96.73,101.48,IMPROVING,True
404,RATNAMANI,METALS,2611.1,3330.26,-21.59,2459.88,1.0615,7.71,44.96,0.1715,48237.0,False,False,True,True,False,105.57,105.17,LEADING,True
405,REDTAPE,CONSDUR,126.01,161.06,-21.76,127.83,0.9857,6.17,39.56,0.1559,363662.0,False,False,False,False,False,97.52,103.17,IMPROVING,True
406,TIMKEN,CAPGOODS,3149.8,3921.83,-19.69,3280.45,0.9602,4.13,27.29,0.1513,32308.0,False,True,False,False,False,96.81,100.9,IMPROVING,True
407,IOC,ENERGY,137.1,184.96,-25.88,143.81,0.9534,3.88,25.84,0.1504,4050844.0,False,False,False,False,False,98.71,100.44,IMPROVING,True
408,ATUL,CHEMICALS,6459.5,7144.77,-9.59,6473.49,0.9978,3.68,25.07,0.1468,28383.0,False,True,False,True,False,99.65,99.22,LAGGING,True
409,LINDEINDIA,CHEMICALS,6504.0,8035.37,-19.06,6802.83,0.9561,3.5,27.58,0.1267,9814.0,False,True,False,False,False,94.42,99.44,LAGGING,True
410,VAIBHAVGBL,CONSDUR,221.55,286.08,-22.56,230.41,0.9615,5.31,43.13,0.123,160964.0,False,False,False,False,False,92.14,100.4,IMPROVING,True
411,FIEMIND,AUTO,2087.7,2674.8,-21.95,2186.38,0.9549,4.05,36.11,0.1121,45157.0,False,False,False,False,False,92.1,97.15,LAGGING,True
412,CENTURYPLY,CONSDUR,753.8,859.0,-12.25,763.74,0.987,2.36,26.61,0.0887,81308.0,False,True,False,False,False,98.33,100.61,IMPROVING,True
413,NTPC,INFRA_MEDIA,330.05,414.4,-20.35,355.2,0.9292,1.67,18.95,0.0881,7332490.0,False,False,False,False,False,95.71,99.25,LAGGING,True
414,BANDHANBNK,FINSERV,168.25,218.86,-23.13,178.01,0.9452,2.32,40.71,0.057,3469922.0,False,False,False,False,False,90.74,100.02,IMPROVING,True
415,PTC,ENERGY,157.69,203.54,-22.53,157.38,1.002,1.22,31.73,0.0385,1285321.0,False,False,True,True,False,100.22,101.16,LEADING,True
416,MMTC,INFRA_MEDIA,63.07,78.35,-19.5,64.17,0.9828,1.38,45.47,0.0304,1025217.0,False,True,False,False,False,97.76,100.23,IMPROVING,True
417,HINDPETRO,ENERGY,364.0,483.54,-24.72,379.92,0.9581,0.99,34.67,0.0286,3150636.0,False,False,False,False,False,97.65,99.45,LAGGING,True
418,GPIL,CAPGOODS,239.85,318.68,-24.74,256.52,0.935,1.0,36.05,0.0278,837487.0,False,False,False,False,False,97.16,99.06,LAGGING,True
419,IDBI,FINSERV,92.66,118.38,-21.73,85.89,1.0788,0.86,46.58,0.0185,10401965.0,False,False,True,True,False,109.66,106.9,LEADING,True
420,NATCOPHARM,PHARMA,853.8,1224.73,-30.29,941.4,0.9069,0.35,36.58,0.0096,402204.0,False,False,False,False,False,93.29,98.03,LAGGING,True
421,BHARTIARTL,INFRA_MEDIA,1882.4,2147.47,-12.34,1895.91,0.9929,0.07,19.42,0.0038,6106300.0,False,True,False,True,False,99.01,97.92,LAGGING,True
422,ATGL,ENERGY,636.5,859.55,-25.95,640.25,0.9941,0.16,47.58,0.0034,302887.0,False,False,False,True,False,93.64,99.95,LAGGING,True
423,ADVENZYMES,PHARMA,299.8,417.2,-28.14,319.76,0.9376,-0.25,39.1,-0.0064,192573.0,False,False,False,False,False,94.77,102.0,IMPROVING,True
424,ALKEM,PHARMA,5355.0,5875.53,-8.86,5455.75,0.9815,-0.14,20.94,-0.0068,231100.0,False,True,False,False,False,97.24,100.18,IMPROVING,True
425,IGIL,INFRA_MEDIA,338.95,386.09,-12.21,342.7,0.9891,-0.28,36.48,-0.0076,277869.0,False,True,False,False,False,98.29,100.02,IMPROVING,True
426,CIEINDIA,AUTO,389.95,518.55,-24.8,436.64,0.8931,-0.75,31.05,-0.0242,258053.0,False,False,False,False,False,90.01,99.03,LAGGING,True
427,CESC,INFRA_MEDIA,148.11,197.2,-24.89,160.16,0.9248,-1.78,28.35,-0.063,1728235.0,False,False,False,False,False,93.67,96.02,LAGGING,True
428,GREAVESCOT,CAPGOODS,194.41,269.69,-27.91,192.16,1.0117,-3.05,44.41,-0.0688,884651.0,False,False,True,True,False,89.28,100.67,IMPROVING,True
429,CCAVENUE,FINSERV,15.27,20.5,-25.51,15.92,0.959,-2.74,37.52,-0.073,6373496.0,False,False,False,False,False,93.58,101.1,IMPROVING,True
430,HEMIPROP,INFRA_MEDIA,129.98,190.69,-31.84,136.86,0.9497,-3.91,44.79,-0.0873,208579.0,False,False,False,False,False,96.16,100.57,IMPROVING,True
431,TORNTPOWER,INFRA_MEDIA,1217.7,1817.8,-33.01,1399.69,0.87,-2.8,30.62,-0.0916,213261.0,False,False,False,False,False,89.26,98.95,LAGGING,True
432,INDIACEM,REALTY,369.75,485.8,-23.89,391.16,0.9453,-3.5,31.56,-0.1108,235653.0,False,False,False,False,False,96.53,100.72,IMPROVING,True
433,POWERGRID,INFRA_MEDIA,266.05,324.95,-18.13,284.74,0.9344,-2.26,20.34,-0.1113,5112511.0,False,True,False,False,False,95.56,100.71,IMPROVING,True
434,GALLANTT,CAPGOODS,577.85,948.0,-39.05,632.2,0.914,-6.41,55.34,-0.1158,17144.0,False,False,False,False,False,92.55,101.78,IMPROVING,True
435,ITI,INFRA_MEDIA,275.5,372.85,-26.11,290.27,0.9491,-4.36,36.93,-0.118,176937.0,False,False,False,False,False,96.8,100.4,IMPROVING,True
436,GICRE,FINSERV,353.3,417.95,-15.47,372.11,0.9494,-2.69,22.39,-0.1204,672586.0,False,True,False,False,False,98.81,100.29,IMPROVING,True
437,TATACONSUM,FMCG,1040.7,1271.94,-18.18,1112.32,0.9356,-2.81,22.97,-0.1225,971764.0,False,True,False,False,False,95.99,99.6,LAGGING,True
438,JPPOWER,ENERGY,16.82,24.5,-31.35,17.53,0.9595,-6.81,50.1,-0.136,19545803.0,False,False,False,False,False,96.81,99.65,LAGGING,True
439,MFSL,FINSERV,1564.4,1892.5,-17.34,1602.08,0.9765,-3.6,25.89,-0.139,305746.0,False,True,False,False,False,100.35,100.16,LEADING,True
440,SBILIFE,FINSERV,1761.1,2129.04,-17.28,1859.18,0.9472,-2.92,19.7,-0.1483,1039823.0,False,True,False,False,False,97.33,99.81,LAGGING,True
441,RELIGARE,FINSERV,233.05,280.0,-16.77,240.77,0.9679,-5.72,37.59,-0.1523,3498183.0,False,True,False,False,False,92.61,102.04,IMPROVING,True
442,JUBLINGREA,CHEMICALS,683.5,792.33,-13.74,683.63,0.9998,-5.47,35.82,-0.1526,142239.0,False,True,False,True,False,97.03,95.91,LAGGING,True
443,TATAINVEST,FINSERV,638.75,1178.62,-45.81,673.81,0.948,-6.69,43.45,-0.154,272032.0,False,False,False,False,False,96.45,99.73,LAGGING,True
444,COCHINSHIP,CAPGOODS,1535.0,1970.73,-22.11,1525.58,1.0062,-5.95,37.15,-0.1601,412702.0,False,False,True,True,False,105.79,102.04,LEADING,True
445,KSB,CAPGOODS,793.85,1023.25,-22.42,829.2,0.9574,-5.06,30.02,-0.1686,138338.0,False,False,False,False,False,91.66,100.72,IMPROVING,True
446,TIINDIA,AUTO,2840.0,3415.14,-16.84,2860.31,0.9929,-6.09,34.42,-0.1769,123842.0,False,True,False,True,False,98.28,100.15,IMPROVING,True
447,PFC,FINSERV,352.0,476.83,-26.18,398.32,0.8837,-4.96,27.61,-0.1795,6299577.0,False,False,False,False,False,88.89,99.07,LAGGING,True
448,NHPC,INFRA_MEDIA,74.82,87.4,-14.39,78.19,0.9569,-4.33,23.61,-0.1836,9597848.0,False,True,False,False,False,95.97,98.42,LAGGING,True
449,BERGEPAINT,CONSDUR,494.35,590.09,-16.23,504.24,0.9804,-5.15,27.84,-0.1848,149998.0,False,True,False,False,False,96.24,95.62,LAGGING,True
450,IFBIND,CONSDUR,1336.8,2019.8,-33.82,1309.65,1.0207,-8.18,44.09,-0.1855,21273.0,False,False,True,True,False,100.21,96.56,WEAKENING,True
451,SUNDARMFIN,FINSERV,4574.4,5612.41,-18.49,4660.74,0.9815,-5.46,29.12,-0.1876,46286.0,False,True,False,False,False,101.14,100.83,LEADING,True
452,SPLPETRO,CHEMICALS,700.85,965.13,-27.38,699.51,1.0019,-7.44,39.36,-0.1891,199388.0,False,False,True,True,False,98.15,100.39,IMPROVING,True
453,BORORENEW,CAPGOODS,502.25,721.0,-30.34,544.12,0.923,-8.67,41.82,-0.2074,988158.0,False,False,False,False,False,86.58,94.39,LAGGING,True
454,BLACKBUCK,INFRA_MEDIA,588.15,748.0,-21.37,572.83,1.0267,-8.35,39.41,-0.2119,164649.0,False,False,True,True,False,103.87,97.31,WEAKENING,True
455,TANLA,IT,544.25,750.08,-27.44,539.46,1.0089,-10.48,46.15,-0.227,483977.0,False,False,True,True,False,96.45,97.5,LAGGING,True
456,AADHARHFC,FINSERV,471.1,563.0,-16.32,488.95,0.9635,-6.43,26.76,-0.2401,121779.0,False,True,False,False,False,93.73,100.33,IMPROVING,True
457,LTIM,IT,4675.0,6344.47,-26.31,4552.9,1.0268,-7.92,32.55,-0.2434,1148000.0,True,False,True,True,False,111.35,101.9,LEADING,True
458,PCBL,CHEMICALS,322.1,413.23,-22.05,308.68,1.0435,-11.58,46.49,-0.2491,353232.0,False,False,True,True,False,101.83,99.9,WEAKENING,True
459,AIIL,FINSERV,545.9,683.0,-20.07,524.27,1.0413,-12.68,49.81,-0.2545,114584.0,False,False,True,True,False,100.96,99.1,WEAKENING,True
460,KFINTECH,FINSERV,949.95,1198.77,-20.76,941.29,1.0092,-8.66,33.5,-0.2585,587920.0,False,False,True,True,False,104.72,98.1,WEAKENING,True
461,MSUMI,AUTO,37.74,52.82,-28.55,40.42,0.9337,-7.98,30.76,-0.2596,6037911.0,False,False,False,False,False,95.08,98.25,LAGGING,True
462,ECLERX,INFRA_MEDIA,1955.5,2496.12,-21.66,1749.83,1.1175,-12.16,46.65,-0.2606,188636.0,False,False,True,True,False,113.66,102.83,LEADING,True
463,DRREDDY,PHARMA,1178.0,1405.98,-16.22,1243.16,0.9476,-6.15,23.4,-0.263,682712.0,False,True,False,False,False,96.47,100.85,IMPROVING,True
464,HUDCO,FINSERV,183.23,239.22,-23.4,200.02,0.9161,-8.6,31.91,-0.2695,1015334.0,False,False,False,False,False,93.18,99.81,LAGGING,True
465,FORCEMOT,AUTO,17370.0,26450.0,-34.33,18800.17,0.9239,-12.75,46.71,-0.2729,39573.0,False,False,False,False,False,96.44,98.79,LAGGING,True
466,TRIVENI,FMCG,282.57,487.94,-42.09,357.13,0.7912,-15.39,55.65,-0.2765,792373.0,False,False,False,False,False,83.25,101.82,IMPROVING,True
467,HCLTECH,IT,1316.1,1729.01,-23.88,1313.47,1.002,-7.84,28.22,-0.278,3459476.0,False,False,True,True,False,106.6,99.67,WEAKENING,True
468,HBLENGINE,CAPGOODS,674.1,1119.11,-39.76,754.48,0.8935,-12.27,43.75,-0.2805,573296.0,False,False,False,False,False,91.82,100.41,IMPROVING,True
469,HDFCAMC,FINSERV,2569.0,2903.74,-11.53,2587.59,0.9928,-8.84,31.34,-0.2821,587652.0,False,True,False,True,False,98.63,99.58,LAGGING,True
470,BDL,CAPGOODS,1306.0,1648.13,-20.76,1356.4,0.9628,-11.26,38.46,-0.2929,1589088.0,False,False,False,False,False,99.19,96.47,LAGGING,True
471,SFL,CONSDUR,637.0,832.45,-23.48,649.09,0.9814,-11.49,39.13,-0.2937,161161.0,False,False,False,False,False,87.77,98.0,LAGGING,True
472,HYUNDAI,AUTO,2267.0,2862.66,-20.81,2049.07,1.1064,-8.17,27.44,-0.2979,855357.0,False,False,True,True,False,110.6,101.38,LEADING,True
473,SRF,CHEMICALS,2589.9,3198.01,-19.02,2719.0,0.9525,-8.76,29.27,-0.2993,150532.0,False,True,False,False,False,96.83,100.93,IMPROVING,True
474,TATAPOWER,INFRA_MEDIA,351.85,462.04,-23.85,388.21,0.9063,-6.28,20.84,-0.3013,4301719.0,False,False,False,False,False,93.34,96.33,LAGGING,True
475,CSBBANK,FINSERV,336.3,574.4,-41.45,368.24,0.9133,-13.67,45.32,-0.3016,585124.0,False,False,False,False,False,99.53,103.25,IMPROVING,True
476,RECLTD,FINSERV,316.8,381.34,-16.93,347.47,0.9117,-8.39,27.31,-0.3071,4333649.0,False,True,False,False,False,90.91,97.61,LAGGING,True
477,RITES,REALTY,217.0,272.1,-20.25,219.18,0.9901,-10.45,33.92,-0.3081,226819.0,False,False,False,True,False,99.76,99.52,LAGGING,True
478,DIXON,CONSDUR,14650.0,18471.0,-20.69,12909.58,1.1348,-12.07,38.88,-0.3104,223996.0,False,False,True,True,False,107.64,99.25,WEAKENING,True
479,SONATSOFTW,IT,304.6,411.03,-25.89,297.78,1.0229,-14.25,45.75,-0.3114,2110765.0,False,False,True,True,False,102.06,100.01,LEADING,True
480,SUDARSCHEM,CHEMICALS,1256.9,1595.87,-21.24,999.27,1.2578,-12.49,39.89,-0.3131,234717.0,False,False,True,True,False,121.58,102.51,LEADING,True
481,TSFINV,FINSERV,407.2,684.57,-40.52,429.15,0.9489,-13.75,43.05,-0.3194,40490.0,False,False,False,False,False,93.46,98.52,LAGGING,True
482,UCOBANK,FINSERV,25.48,33.64,-24.25,26.96,0.9453,-8.88,27.5,-0.3229,3624254.0,False,False,False,False,False,97.1,99.59,LAGGING,True
483,BBTC,FMCG,1563.2,2114.67,-26.08,1594.48,0.9804,-10.74,32.91,-0.3264,627788.0,False,False,False,False,False,104.35,107.19,LEADING,True
484,RELIANCE,ENERGY,1287.0,1604.38,-19.78,1355.73,0.9493,-6.64,20.07,-0.3309,6830228.0,False,True,False,False,False,99.14,99.06,LAGGING,True
485,BRITANNIA,FMCG,5308.5,6232.21,-14.82,5476.32,0.9694,-6.39,19.32,-0.3309,246611.0,False,True,False,False,False,99.74,98.46,LAGGING,True
486,AARTIDRUGS,PHARMA,418.55,531.7,-21.28,399.77,1.047,-10.48,31.4,-0.3337,59919.0,False,False,True,True,False,103.71,100.04,LEADING,True
487,FACT,CHEMICALS,832.5,1058.6,-21.36,854.0,0.9748,-13.76,41.03,-0.3353,165741.0,False,False,False,False,False,99.5,104.0,IMPROVING,True
488,MAHSCOOTER,FINSERV,13696.0,18282.17,-25.09,13202.16,1.0374,-10.9,31.52,-0.3457,5667.0,False,False,True,True,False,105.11,102.44,LEADING,True
489,TRIDENT,CONSDUR,24.32,30.31,-19.77,25.44,0.9559,-10.45,29.89,-0.3495,1788468.0,False,True,False,False,False,96.85,100.22,IMPROVING,True
490,VOLTAS,CONSDUR,1200.0,1577.54,-23.93,1331.74,0.9011,-10.65,30.42,-0.3502,761300.0,False,False,False,False,False,93.1,98.69,LAGGING,True
491,JSL,METALS,705.15,879.22,-19.8,730.07,0.9659,-10.85,30.85,-0.3516,307596.0,False,True,False,False,False,99.11,99.26,LAGGING,True
492,NBCC,REALTY,87.5,124.83,-29.9,97.76,0.895,-12.28,34.72,-0.3536,6704520.0,False,False,False,False,False,91.81,101.69,IMPROVING,True
493,CENTRALBK,FINSERV,30.54,40.26,-24.14,33.65,0.9077,-9.96,28.09,-0.3547,6429357.0,False,False,False,False,False,96.86,99.63,LAGGING,True
494,ELECTCAST,CAPGOODS,81.5,102.67,-20.62,77.96,1.0454,-16.49,46.41,-0.3552,3779745.0,False,False,True,True,False,110.26,109.21,LEADING,True
495,MARUTI,AUTO,13376.0,17197.29,-22.22,13834.43,0.9669,-8.18,22.92,-0.357,277509.0,False,False,False,False,False,97.92,98.65,LAGGING,True
496,DBL,REALTY,406.95,585.0,-30.44,442.4,0.9199,-13.04,36.33,-0.359,71934.0,False,False,False,False,False,95.46,99.16,LAGGING,True
497,PCJEWELLER,CONSDUR,10.94,15.38,-28.87,9.96,1.0987,-16.1,44.48,-0.3621,360417197.0,False,False,True,True,False,113.38,103.76,LEADING,True
498,IEX,FINSERV,121.8,155.9,-21.87,128.65,0.9467,-11.36,31.28,-0.3631,1550661.0,False,False,False,False,False,98.22,99.32,LAGGING,True
499,NAVA,ENERGY,564.85,732.56,-22.89,585.08,0.9654,-13.11,35.81,-0.3661,556705.0,False,False,False,False,False,98.03,101.87,IMPROVING,True
500,WAAREERTL,CAPGOODS,878.7,1358.0,-35.29,961.19,0.9142,-14.24,38.75,-0.3675,171468.0,False,False,False,False,False,92.9,101.19,IMPROVING,True
501,BECTORFOOD,FMCG,232.87,297.55,-21.74,214.59,1.0852,-15.21,41.37,-0.3676,1011561.0,False,False,True,True,False,112.09,90.55,WEAKENING,True
502,SUNTV,INFRA_MEDIA,474.5,653.93,-27.44,529.3,0.8965,-12.52,33.89,-0.3693,1054319.0,False,False,False,False,False,97.08,101.48,IMPROVING,True
503,TEGA,CAPGOODS,1658.7,2125.0,-21.94,1709.11,0.9705,-12.26,33.14,-0.3701,216658.0,False,False,False,False,False,101.26,98.54,WEAKENING,True
504,SHARDACROP,CHEMICALS,783.75,1282.81,-38.9,897.37,0.8734,-18.59,49.52,-0.3754,118584.0,False,False,False,False,False,93.47,102.64,IMPROVING,True
505,BLUEJET,PHARMA,577.65,758.17,-23.81,535.82,1.0781,-18.2,48.2,-0.3776,378817.0,False,False,True,True,False,100.38,96.9,WEAKENING,True
506,SUBROS,CAPGOODS,726.2,1213.7,-40.17,791.1,0.918,-16.47,43.08,-0.3824,39584.0,False,False,False,False,False,91.69,99.27,LAGGING,True
507,OLAELEC,AUTO,38.98,71.25,-45.29,38.81,1.0043,-23.3,60.75,-0.3835,78463929.0,False,False,True,True,False,98.19,104.8,IMPROVING,True
508,MRF,AUTO,132080.0,163308.49,-19.12,135193.54,0.977,-9.83,24.48,-0.4016,2262.0,False,True,False,False,False,100.26,99.27,WEAKENING,True
509,OLECTRA,AUTO,1312.3,1714.2,-23.45,1281.98,1.0237,-17.59,43.64,-0.403,237865.0,False,False,True,True,False,95.28,100.97,IMPROVING,True
510,NTPCGREEN,ENERGY,90.82,119.95,-24.29,96.85,0.9378,-11.52,28.3,-0.4072,1033809.0,False,False,False,False,False,98.12,100.32,IMPROVING,True
511,ARVINDFASN,CONSDUR,450.65,576.98,-21.9,460.57,0.9785,-14.03,34.07,-0.4117,173596.0,False,False,False,False,False,98.85,103.19,IMPROVING,True
512,BLUEDART,INFRA_MEDIA,4989.5,7036.0,-29.09,5243.32,0.9516,-12.4,29.94,-0.4143,3660.0,False,False,False,False,False,100.1,99.06,WEAKENING,True
513,CERA,CONSDUR,5654.5,6663.07,-15.14,5715.0,0.9894,-11.55,27.89,-0.4144,7189.0,False,True,False,True,False,92.82,99.19,LAGGING,True
514,SARDAEN,METALS,508.25,637.3,-20.25,518.96,0.9794,-13.95,33.24,-0.4196,139241.0,False,False,False,False,False,101.02,100.06,LEADING,True
515,ONESOURCE,PHARMA,1532.2,1925.0,-20.41,1630.14,0.9399,-17.7,41.71,-0.4244,32479.0,False,False,False,False,False,95.94,101.49,IMPROVING,True
516,VEDL,METALS,287.95,795.0,-63.78,413.56,0.6963,-31.63,74.15,-0.4266,19438996.0,False,False,False,False,False,106.17,106.07,LEADING,True
517,DOMS,FMCG,2198.9,2762.06,-20.39,2319.49,0.948,-11.55,27.03,-0.4272,25988.0,False,False,False,False,False,97.86,100.59,IMPROVING,True
518,CHOLAHLDNG,FINSERV,1498.8,2062.37,-27.33,1642.59,0.9125,-15.94,36.88,-0.4323,191026.0,False,False,False,False,False,94.76,97.28,LAGGING,True
519,IONEXCHANG,INFRA_MEDIA,370.2,486.0,-23.83,393.19,0.9415,-17.16,39.57,-0.4336,116406.0,False,False,False,False,False,91.92,99.93,LAGGING,True
520,AFFLE,IT,1620.2,2185.9,-25.88,1578.75,1.0263,-14.49,33.19,-0.4365,133536.0,False,False,True,True,False,103.81,94.84,WEAKENING,True
521,LXCHEM,CHEMICALS,171.34,240.59,-28.78,162.96,1.0514,-18.9,42.81,-0.4416,563267.0,False,False,True,True,False,100.68,98.53,WEAKENING,True
522,ESCORTS,CAPGOODS,3015.5,4112.49,-26.67,3136.56,0.9614,-13.69,30.74,-0.4453,65907.0,False,False,False,False,False,101.02,98.1,WEAKENING,True
523,BSOFT,IT,300.9,467.1,-35.58,338.8,0.8881,-16.86,37.83,-0.4456,3235524.0,False,False,False,False,False,101.65,101.24,LEADING,True
524,LTTS,IT,3568.7,4673.3,-23.64,3604.15,0.9902,-16.19,35.87,-0.4515,48168.0,False,False,False,True,False,104.76,100.43,LEADING,True
525,RAILTEL,INFRA_MEDIA,278.9,408.55,-31.73,313.03,0.891,-17.91,39.62,-0.4519,365408.0,False,False,False,False,False,95.06,100.71,IMPROVING,True
526,REFEX,INFRA_MEDIA,287.55,413.68,-30.49,298.73,0.9626,-24.06,52.7,-0.4565,195240.0,False,False,False,False,False,90.91,99.2,LAGGING,True
527,GMRP&UI,ENERGY,93.35,136.95,-31.84,104.78,0.8909,-17.96,39.09,-0.4593,3307470.0,False,False,False,False,False,95.62,98.31,LAGGING,True
528,ANUP,CAPGOODS,1800.5,2559.39,-29.65,2048.55,0.8789,-20.62,44.71,-0.4612,21172.0,False,False,False,False,False,87.29,101.49,IMPROVING,True
529,EIEL,INFRA_MEDIA,199.23,276.1,-27.84,204.88,0.9724,-22.1,47.37,-0.4665,296099.0,False,False,False,False,False,92.18,101.05,IMPROVING,True
530,FSL,INFRA_MEDIA,269.3,371.59,-27.53,272.72,0.9875,-22.26,47.66,-0.467,683316.0,False,False,False,True,False,101.61,99.05,WEAKENING,True
531,MOIL,METALS,258.25,398.62,-35.21,299.5,0.8623,-18.93,40.05,-0.4728,617417.0,False,False,False,False,False,94.96,101.59,IMPROVING,True
532,GMMPFAUDLR,CAPGOODS,1026.7,1304.86,-21.32,929.54,1.1045,-15.42,32.27,-0.478,60107.0,False,False,True,True,False,118.25,98.64,WEAKENING,True
533,TEXRAIL,CAPGOODS,109.44,153.0,-28.47,114.07,0.9594,-20.5,42.71,-0.48,2601407.0,False,False,False,False,False,99.39,103.5,IMPROVING,True
534,CAMPUS,CONSDUR,226.14,294.65,-23.25,240.48,0.9404,-12.82,26.61,-0.4816,428622.0,False,False,False,False,False,100.84,101.9,LEADING,True
535,JSLL,CONSDUR,512.5,849.5,-39.67,646.97,0.7922,-26.59,54.92,-0.4841,361458.0,False,False,False,False,False,91.98,102.34,IMPROVING,True
536,RENUKA,FMCG,24.14,33.5,-27.94,24.85,0.9716,-17.24,35.42,-0.4868,30588379.0,False,False,False,False,False,106.45,99.17,WEAKENING,True
537,DATAMATICS,IT,791.9,1048.31,-24.46,795.42,0.9956,-20.24,41.37,-0.4892,54584.0,False,False,False,True,False,95.34,97.78,LAGGING,True
538,SOBHA,REALTY,1270.2,1724.93,-26.36,1395.69,0.9101,-15.31,31.22,-0.4902,42616.0,False,False,False,False,False,92.35,99.58,LAGGING,True
539,SURYAROSNI,CAPGOODS,220.46,308.07,-28.44,244.64,0.9012,-19.28,38.47,-0.5012,313345.0,False,False,False,False,False,92.49,102.73,IMPROVING,True
540,DEVYANI,CONSDUR,139.94,191.0,-26.73,127.06,1.1014,-19.62,39.03,-0.5026,2546557.0,False,False,True,True,False,113.9,94.36,WEAKENING,True
541,IRB,REALTY,19.07,23.84,-19.99,20.74,0.9194,-12.89,25.65,-0.5026,5016562.0,False,True,False,False,False,95.77,101.48,IMPROVING,True
542,SUNTECK,REALTY,306.0,472.5,-35.24,339.2,0.9021,-21.01,41.8,-0.5027,77659.0,False,False,False,False,False,99.08,101.55,IMPROVING,True
543,WAAREEENER,CAPGOODS,2640.0,3862.83,-31.66,2939.13,0.8982,-19.1,37.59,-0.5083,488508.0,False,False,False,False,False,95.54,100.86,IMPROVING,True
544,MGL,ENERGY,1092.6,1341.92,-18.58,1114.29,0.9805,-15.22,29.56,-0.5149,270473.0,False,True,False,False,False,98.9,99.02,LAGGING,True
545,POWERMECH,REALTY,2580.6,3233.59,-20.19,2494.53,1.0345,-19.82,38.44,-0.5155,45314.0,False,False,True,True,False,99.78,104.98,IMPROVING,True
546,KITEX,CONSDUR,128.4,232.7,-44.82,164.73,0.7794,-27.87,53.92,-0.5169,295487.0,False,False,False,False,False,88.53,103.34,IMPROVING,True
547,ELECON,CAPGOODS,425.25,632.51,-32.77,478.03,0.8896,-23.17,44.72,-0.518,259116.0,False,False,False,False,False,91.66,100.62,IMPROVING,True
548,RELAXO,CONSDUR,356.75,526.0,-32.18,371.8,0.9595,-23.39,44.35,-0.5274,169422.0,False,False,False,False,False,90.39,95.99,LAGGING,True
549,DCMSHRIRAM,INFRA_MEDIA,1022.3,1400.48,-27.0,1094.08,0.9344,-16.84,31.92,-0.5276,70239.0,False,False,False,False,False,99.77,97.96,LAGGING,True
550,KANSAINER,CONSDUR,195.77,260.89,-24.96,209.93,0.9326,-14.84,28.08,-0.5284,219737.0,False,False,False,False,False,96.24,98.23,LAGGING,True
551,TIMETECHNO,CAPGOODS,186.29,249.15,-25.23,189.9,0.981,-19.2,36.3,-0.5289,2984174.0,False,False,False,False,False,96.89,99.54,LAGGING,True
552,BHARTIHEXA,INFRA_MEDIA,1550.1,1934.32,-19.86,1578.84,0.9818,-14.81,27.93,-0.5303,104940.0,False,True,False,False,False,100.23,97.15,WEAKENING,True
553,HDBFS,FINSERV,679.35,796.67,-14.73,698.27,0.9729,-13.53,25.29,-0.5351,172622.0,False,True,False,False,False,96.13,99.28,LAGGING,True
554,SANOFICONR,PHARMA,4213.7,5275.81,-20.13,4528.4,0.9305,-16.54,30.59,-0.5408,3831.0,False,False,False,False,False,93.72,101.25,IMPROVING,True
555,IOB,FINSERV,32.81,41.8,-21.51,34.82,0.9422,-14.06,25.74,-0.5465,1294744.0,False,False,False,False,False,97.03,99.95,LAGGING,True
556,PFIZER,PHARMA,4703.8,5489.44,-14.31,4733.11,0.9938,-12.56,22.77,-0.5513,26865.0,False,True,False,True,False,101.01,97.18,WEAKENING,True
557,MAXHEALTH,PHARMA,1014.1,1219.73,-16.86,1057.96,0.9585,-14.15,25.64,-0.5521,1811091.0,False,True,False,False,False,94.68,101.81,IMPROVING,True
558,JSWCEMENT,REALTY,125.24,161.55,-22.48,127.95,0.9788,-16.47,29.78,-0.5531,476253.0,False,False,False,False,False,94.81,100.27,IMPROVING,True
559,WESTLIFE,CONSDUR,555.75,774.46,-28.24,524.17,1.0602,-21.52,38.83,-0.5542,47269.0,False,False,True,True,False,106.79,94.9,WEAKENING,True
560,SUZLON,CAPGOODS,46.79,61.5,-23.92,51.71,0.9048,-17.87,31.92,-0.5598,23944393.0,False,False,False,False,False,91.48,101.6,IMPROVING,True
561,JWL,CAPGOODS,245.1,358.25,-31.58,279.82,0.8759,-25.65,44.41,-0.5775,606055.0,False,False,False,False,False,96.04,100.38,IMPROVING,True
562,ABREL,REALTY,1387.0,1961.88,-29.3,1438.17,0.9644,-22.31,38.53,-0.5789,81323.0,False,False,False,False,False,99.85,98.38,LAGGING,True
563,RHIM,CAPGOODS,369.35,508.3,-27.34,408.05,0.9051,-23.38,40.29,-0.5804,127018.0,False,False,False,False,False,94.67,99.51,LAGGING,True
564,MEDPLUS,CONSDUR,676.35,1022.2,-33.83,802.68,0.8426,-17.64,30.09,-0.5864,85619.0,False,False,False,False,False,91.2,103.25,IMPROVING,True
565,RCF,CHEMICALS,119.81,161.77,-25.94,130.18,0.9203,-19.83,33.64,-0.5894,1211992.0,False,False,False,False,False,94.59,100.56,IMPROVING,True
566,HERITGFOOD,FMCG,370.55,535.95,-30.86,363.92,1.0182,-19.9,33.51,-0.5938,114313.0,False,False,True,True,False,108.35,97.84,WEAKENING,True
567,PURVA,REALTY,215.78,305.0,-29.25,223.54,0.9653,-25.27,42.3,-0.5974,85702.0,False,False,False,False,False,99.61,99.19,LAGGING,True
568,MASTEK,IT,1885.4,2587.07,-27.12,1801.94,1.0463,-24.61,40.59,-0.6064,5449060.0,False,False,True,True,False,110.08,110.09,LEADING,True
569,PARADEEP,CHEMICALS,165.88,231.0,-28.19,140.97,1.1767,-26.53,43.58,-0.6087,8464938.0,False,False,True,True,False,115.22,106.4,LEADING,True
570,RAMCOCEM,REALTY,895.65,1211.19,-26.05,959.74,0.9332,-15.56,25.56,-0.6088,243570.0,False,False,False,False,False,97.92,98.91,LAGGING,True
571,IREDA,FINSERV,117.02,162.49,-27.98,128.2,0.9128,-18.4,30.01,-0.6132,4510429.0,False,False,False,False,False,96.72,101.59,IMPROVING,True
572,VBL,FMCG,414.0,555.18,-25.43,471.09,0.8788,-18.32,29.77,-0.6154,7918746.0,False,False,False,False,False,90.15,99.01,LAGGING,True
573,JUBLPHARMA,PHARMA,882.65,1178.7,-25.12,962.51,0.917,-17.64,28.62,-0.6161,124044.0,False,False,False,False,False,93.87,101.66,IMPROVING,True
574,AAVAS,FINSERV,1275.5,1771.9,-28.02,1424.13,0.8956,-18.88,30.43,-0.6203,348832.0,False,False,False,False,False,89.8,96.76,LAGGING,True
575,SAPPHIRE,CONSDUR,231.5,347.9,-33.46,210.79,1.0982,-28.51,45.68,-0.624,862659.0,False,False,True,True,False,115.27,94.13,WEAKENING,True
576,SWSOLAR,REALTY,195.37,281.7,-30.65,213.51,0.915,-26.73,42.83,-0.6242,803620.0,False,False,False,False,False,89.98,100.5,IMPROVING,True
577,JAIBALAJI,METALS,69.23,108.0,-35.9,72.37,0.9566,-31.48,50.35,-0.6251,986503.0,False,False,False,False,False,105.62,103.4,LEADING,True
578,COROMANDEL,CHEMICALS,1913.7,2486.77,-23.04,2064.16,0.9271,-18.92,29.96,-0.6318,115794.0,False,False,False,False,False,94.82,97.25,LAGGING,True
579,UPL,CHEMICALS,571.0,804.41,-29.02,632.16,0.9033,-20.27,31.65,-0.6404,1181623.0,False,False,False,False,False,97.81,100.61,IMPROVING,True
580,WEBELSOLAR,CAPGOODS,77.84,141.5,-44.99,96.78,0.8043,-37.89,58.64,-0.646,1471654.0,False,False,False,False,False,82.21,98.7,LAGGING,True
581,EMBDL,REALTY,62.78,105.7,-40.61,65.71,0.9555,-34.72,52.55,-0.6607,2970745.0,False,False,False,False,False,100.47,100.15,LEADING,True
582,TARIL,CAPGOODS,303.45,552.0,-45.03,325.65,0.9318,-39.32,59.45,-0.6613,729621.0,False,False,False,False,False,96.53,102.76,IMPROVING,True
583,IRCON,REALTY,122.4,188.01,-34.9,141.86,0.8628,-25.04,37.74,-0.6634,834876.0,False,False,False,False,False,95.29,100.38,IMPROVING,True
584,BLUESTARCO,CONSDUR,1480.0,2030.04,-27.1,1691.19,0.8751,-20.25,30.49,-0.6642,292190.0,False,False,False,False,False,92.67,100.0,IMPROVING,True
585,ICICIGI,FINSERV,1562.0,2057.09,-24.07,1778.55,0.8782,-16.0,23.95,-0.6682,859511.0,False,False,False,False,False,92.81,98.61,LAGGING,True
586,NEWGEN,IT,567.1,1030.41,-44.96,580.59,0.9768,-35.97,52.93,-0.6796,10501206.0,False,False,False,False,False,109.56,106.42,LEADING,True
587,KAYNES,CAPGOODS,3943.1,7705.0,-48.82,3975.93,0.9917,-36.38,53.2,-0.6838,673805.0,False,False,False,True,False,112.69,100.81,LEADING,True
588,SAFARI,CONSDUR,1509.7,2504.02,-39.71,1703.74,0.8861,-24.88,35.79,-0.6952,12818.0,False,False,False,False,False,96.97,102.08,IMPROVING,True
589,APTUS,FINSERV,256.15,347.6,-26.31,268.27,0.9548,-22.55,32.34,-0.6972,324345.0,False,False,False,False,False,94.53,101.18,IMPROVING,True
590,SAMHI,CONSDUR,156.01,222.0,-29.73,170.51,0.915,-25.05,35.87,-0.6984,679031.0,False,False,False,False,False,91.74,99.21,LAGGING,True
591,GHCL,CHEMICALS,441.45,649.68,-32.05,473.38,0.9325,-18.97,27.03,-0.702,62705.0,False,False,False,False,False,101.82,100.73,LEADING,True
592,GSFC,CHEMICALS,157.97,215.43,-26.67,168.6,0.937,-19.05,26.97,-0.7064,729308.0,False,False,False,False,False,98.98,99.79,LAGGING,True
593,JMFINANCIL,FINSERV,129.29,190.77,-32.23,131.05,0.9866,-28.99,40.96,-0.7077,2233306.0,False,False,False,False,False,102.83,100.36,LEADING,True
594,TARC,REALTY,117.9,186.3,-36.71,135.88,0.8677,-29.65,41.47,-0.7149,325384.0,False,False,False,False,False,94.13,98.55,LAGGING,True
595,DBREALTY,REALTY,107.37,184.8,-41.9,120.06,0.8943,-36.58,51.05,-0.7166,1049285.0,False,False,False,False,False,95.63,102.39,IMPROVING,True
596,ICICIPRULI,FINSERV,506.0,704.36,-28.16,545.44,0.9277,-17.61,24.5,-0.7188,1603027.0,False,False,False,False,False,101.04,99.99,WEAKENING,True
597,JUBLFOOD,CONSDUR,490.45,665.86,-26.34,489.13,1.0027,-23.25,31.96,-0.7273,1153110.0,False,False,True,True,False,108.61,96.2,WEAKENING,True
598,PRSMJOHNSN,REALTY,111.18,176.0,-36.83,122.69,0.9062,-25.59,34.98,-0.7316,298381.0,False,False,False,False,False,100.34,103.58,LEADING,True
599,VIPIND,CONSDUR,305.8,454.3,-32.69,329.94,0.9268,-27.32,37.0,-0.7384,365257.0,False,False,False,False,False,100.92,101.03,LEADING,True
600,LATENTVIEW,IT,279.6,517.5,-45.97,331.61,0.8432,-34.2,46.14,-0.7412,539539.0,False,False,False,False,False,95.8,101.52,IMPROVING,True
601,BLS,CONSDUR,239.03,372.3,-35.8,274.84,0.8697,-35.17,47.42,-0.7417,890636.0,False,False,False,False,False,96.29,94.6,LAGGING,True
602,HAPPSTMNDS,IT,408.0,574.71,-29.01,407.69,1.0008,-28.79,38.36,-0.7504,3267707.0,False,False,True,True,False,107.03,94.12,WEAKENING,True
603,INFY,IT,1144.0,1691.4,-32.36,1236.26,0.9254,-22.42,29.78,-0.753,9621969.0,False,False,False,False,False,104.43,101.95,LEADING,True
604,STYRENIX,CHEMICALS,2020.8,2678.51,-24.56,2213.34,0.913,-23.14,30.72,-0.7533,44371.0,False,False,False,False,False,89.42,97.6,LAGGING,True
605,SUPREMEIND,CAPGOODS,3636.9,4596.8,-20.88,3597.44,1.011,-19.7,26.15,-0.7535,269330.0,False,False,True,True,False,106.19,101.15,LEADING,True
606,COLPAL,FMCG,1826.9,2448.35,-25.38,2064.89,0.8847,-18.2,23.81,-0.7643,283459.0,False,False,False,False,False,91.24,98.32,LAGGING,True
607,IXIGO,CONSDUR,163.36,339.15,-51.83,194.51,0.8399,-42.58,55.59,-0.7661,879086.0,False,False,False,False,False,86.04,98.28,LAGGING,True
608,INTELLECT,IT,679.7,1232.73,-44.86,773.85,0.8783,-30.2,39.0,-0.7743,395222.0,False,False,False,False,False,94.05,100.41,IMPROVING,True
609,HEXT,IT,555.7,806.97,-31.14,565.33,0.983,-30.85,39.78,-0.7754,188517.0,False,False,False,False,False,101.46,100.13,LEADING,True
610,AWL,FMCG,196.27,281.43,-30.26,203.61,0.964,-21.69,27.88,-0.7781,1135382.0,False,False,False,False,False,103.91,101.33,LEADING,True
611,DALBHARAT,REALTY,1845.3,2484.34,-25.72,1893.96,0.9743,-21.01,26.94,-0.7801,72320.0,False,False,False,False,False,102.7,98.74,WEAKENING,True
612,DMART,CONSDUR,3830.6,4949.5,-22.61,4083.88,0.938,-18.78,24.03,-0.7817,276877.0,False,False,False,False,False,95.37,99.05,LAGGING,True
613,JKCEMENT,REALTY,5168.5,7098.08,-27.18,5495.86,0.9404,-25.18,32.1,-0.7844,26769.0,False,False,False,False,False,95.64,98.84,LAGGING,True
614,GODFRYPHLP,FMCG,2123.7,3868.28,-45.1,2278.64,0.932,-38.23,48.74,-0.7844,125235.0,False,False,False,False,False,99.87,101.3,IMPROVING,True
615,TTML,INFRA_MEDIA,38.84,60.62,-35.93,43.87,0.8853,-32.03,40.67,-0.7875,50962825.0,False,False,False,False,False,97.25,105.37,IMPROVING,True
616,SBICARD,FINSERV,641.05,961.63,-33.34,694.87,0.9225,-21.14,26.66,-0.7928,1398856.0,False,False,False,False,False,101.66,99.82,WEAKENING,True
617,AHLUCONT,REALTY,641.1,1077.95,-40.53,831.19,0.7713,-30.6,38.34,-0.7981,80833.0,False,False,False,False,False,79.8,96.57,LAGGING,True
618,NFL,CHEMICALS,71.09,101.34,-29.85,77.38,0.9187,-23.9,29.92,-0.7986,337128.0,False,False,False,False,False,98.25,101.39,IMPROVING,True
619,EUREKAFORB,CONSDUR,427.75,668.3,-35.99,487.04,0.8783,-25.62,31.84,-0.8044,101179.0,False,False,False,False,False,95.5,102.35,IMPROVING,True
620,NESCO,INFRA_MEDIA,1048.4,1628.41,-35.62,1131.01,0.927,-26.99,33.37,-0.809,219548.0,False,False,False,False,False,98.75,102.65,IMPROVING,True
621,TCS,IT,2342.0,3287.16,-28.75,2482.39,0.9434,-22.74,27.95,-0.8135,4054069.0,False,False,False,False,False,104.99,102.19,LEADING,True
622,ELLEN,CHEMICALS,319.8,559.8,-42.87,299.6,1.0674,-39.51,48.49,-0.8149,277761.0,False,False,True,True,False,110.82,97.93,WEAKENING,True
623,CLEAN,CHEMICALS,836.45,1214.89,-31.15,833.32,1.0038,-25.84,31.62,-0.8172,253666.0,False,False,True,True,False,107.48,100.74,LEADING,True
624,ABBOTINDIA,PHARMA,26175.0,32025.59,-18.27,26958.3,0.9709,-15.99,19.51,-0.8194,6550.0,False,True,False,False,False,98.37,99.36,LAGGING,True
625,HAVELLS,CAPGOODS,1222.9,1608.14,-23.96,1288.25,0.9493,-18.79,22.88,-0.8211,1778490.0,False,False,False,False,False,99.95,96.3,LAGGING,True
626,TECHNOE,REALTY,1025.5,1565.32,-34.49,1108.48,0.9251,-32.2,39.12,-0.8231,272844.0,False,False,False,False,False,100.33,104.19,LEADING,True
627,PAGEIND,CONSDUR,35985.0,46547.97,-22.69,37865.49,0.9503,-19.89,24.08,-0.8259,13087.0,False,False,False,False,False,92.2,101.98,IMPROVING,True
628,CHAMBLFERT,CHEMICALS,421.55,566.87,-25.64,454.64,0.9272,-21.87,26.42,-0.8277,336671.0,False,False,False,False,False,94.9,99.36,LAGGING,True
629,FINPIPE,CAPGOODS,160.56,222.5,-27.84,173.81,0.9238,-22.89,27.28,-0.8392,300382.0,False,False,False,False,False,96.79,101.2,IMPROVING,True
630,MANYAVAR,CONSDUR,547.8,779.0,-29.68,485.02,1.1294,-28.93,34.41,-0.841,255004.0,False,False,True,True,False,121.72,98.88,WEAKENING,True
631,SIGNATURE,REALTY,779.25,1158.0,-32.71,878.52,0.887,-30.54,36.02,-0.848,166979.0,False,False,False,False,False,98.52,99.11,LAGGING,True
632,INDIASHLTR,FINSERV,649.85,956.14,-32.03,766.04,0.8483,-27.21,31.94,-0.8518,55916.0,False,False,False,False,False,88.69,99.77,LAGGING,True
633,ERIS,PHARMA,1314.8,1809.09,-27.32,1420.91,0.9253,-25.26,29.57,-0.8544,86138.0,False,False,False,False,False,94.24,100.16,IMPROVING,True
634,SHAKTIPUMP,CAPGOODS,493.55,912.2,-45.89,585.47,0.843,-39.09,45.11,-0.8666,279592.0,False,False,False,False,False,92.26,100.58,IMPROVING,True
635,THOMASCOOK,CONSDUR,108.43,180.73,-40.0,112.96,0.9599,-37.47,42.8,-0.8755,841847.0,False,False,False,False,False,103.67,101.99,LEADING,True
636,NUVOCO,REALTY,324.85,477.5,-31.97,335.48,0.9683,-30.04,34.29,-0.876,236387.0,False,False,False,False,False,98.29,100.66,IMPROVING,True
637,JIOFIN,FINSERV,238.4,320.85,-25.7,254.02,0.9385,-24.32,27.53,-0.8834,7150998.0,False,False,False,False,False,98.46,98.6,LAGGING,True
638,KPIGREEN,ENERGY,314.25,541.7,-41.99,405.74,0.7745,-36.85,41.61,-0.8855,444520.0,False,False,False,False,False,84.48,102.95,IMPROVING,True
639,KSCL,FMCG,786.8,1218.71,-35.44,896.15,0.878,-31.58,34.98,-0.9027,70765.0,False,False,False,False,False,94.89,102.84,IMPROVING,True
640,ACI,CHEMICALS,484.3,722.59,-32.98,555.44,0.8719,-28.99,31.98,-0.9065,390477.0,False,False,False,False,False,92.16,97.89,LAGGING,True
641,SHREECEM,REALTY,24000.0,30583.61,-21.53,25922.23,0.9258,-19.86,21.79,-0.9115,20074.0,False,False,False,False,False,93.28,99.02,LAGGING,True
642,RVNL,REALTY,214.22,398.2,-46.2,269.83,0.7939,-31.06,33.89,-0.9165,2941255.0,False,False,False,False,False,94.22,97.75,LAGGING,True
643,EIHOTEL,CONSDUR,297.8,432.84,-31.2,327.04,0.9106,-26.22,28.54,-0.9186,52017.0,False,False,False,False,False,93.63,100.12,IMPROVING,True
644,BIRLACORPN,REALTY,881.2,1328.83,-33.69,985.84,0.8939,-29.87,32.38,-0.9225,32452.0,False,False,False,False,False,94.63,100.56,IMPROVING,True
645,ZAGGLE,IT,190.26,409.2,-53.5,246.85,0.7708,-52.06,56.32,-0.9244,1160425.0,False,False,False,False,False,94.4,103.59,IMPROVING,True
646,SWIGGY,CONSDUR,280.5,474.0,-40.82,297.71,0.9422,-34.85,37.23,-0.936,4825338.0,False,False,False,False,False,104.54,99.4,WEAKENING,True
647,KNRCON,REALTY,124.55,220.0,-43.39,139.71,0.8915,-35.86,38.17,-0.9394,2939674.0,False,False,False,False,False,97.12,99.27,LAGGING,True
648,CROMPTON,CONSDUR,233.0,333.49,-30.13,263.73,0.8835,-27.43,29.1,-0.9427,5656422.0,False,False,False,False,False,91.22,96.88,LAGGING,True
649,COHANCE,PHARMA,449.9,1038.9,-56.69,485.92,0.9259,-48.92,51.28,-0.9541,272982.0,False,False,False,False,False,101.85,98.82,WEAKENING,True
650,ABFRL,CONSDUR,52.49,94.95,-44.72,67.49,0.7777,-36.42,37.9,-0.9609,4611357.0,False,False,False,False,False,90.45,98.24,LAGGING,True
651,MAPMYINDIA,IT,965.9,1992.15,-51.51,1136.21,0.8501,-42.99,44.64,-0.9629,250732.0,False,False,False,False,False,95.27,97.33,LAGGING,True
652,RAYMONDLSL,CONSDUR,691.35,1348.3,-48.72,840.44,0.8226,-40.0,41.48,-0.9644,69558.0,False,False,False,False,False,93.77,97.4,LAGGING,True
653,TRENT,CONSDUR,2898.0,5665.63,-48.85,3187.64,0.9091,-45.19,46.64,-0.9689,469911.0,False,False,False,False,False,96.54,99.88,LAGGING,True
654,NCC,REALTY,148.4,218.93,-32.22,154.68,0.9594,-28.91,29.73,-0.9725,1458322.0,False,False,False,False,False,104.01,103.06,LEADING,True
655,GODREJCP,FMCG,915.0,1284.14,-28.75,1064.29,0.8597,-25.89,26.3,-0.9845,930774.0,False,False,False,False,False,90.07,99.81,LAGGING,True
656,ASHOKA,REALTY,112.65,214.5,-47.48,137.14,0.8214,-36.89,37.39,-0.9865,294687.0,False,False,False,False,False,92.15,101.44,IMPROVING,True
657,VMM,CONSDUR,107.0,155.32,-31.11,118.97,0.8994,-30.13,30.48,-0.9886,5132761.0,False,False,False,False,False,96.08,101.44,IMPROVING,True
658,SWANCORP,CHEMICALS,298.15,505.75,-41.05,351.03,0.8494,-34.25,34.62,-0.9891,698162.0,False,False,False,False,False,96.12,99.51,LAGGING,True
659,WHIRLPOOL,CONSDUR,813.25,1428.46,-43.07,882.72,0.9213,-36.09,36.17,-0.9976,893000.0,False,False,False,False,False,103.75,105.27,LEADING,True
660,TATAELXSI,IT,3685.0,5845.18,-36.96,4292.13,0.8585,-31.53,31.56,-0.999,303505.0,False,False,False,False,False,99.94,101.84,IMPROVING,True
661,TATACHEM,CHEMICALS,655.75,1011.1,-35.15,723.96,0.9058,-28.81,28.6,-1.0072,1439859.0,False,False,False,False,False,96.29,104.21,IMPROVING,True
662,BAYERCROP,CHEMICALS,4048.7,5305.22,-23.68,4400.01,0.9202,-21.42,21.26,-1.0078,12947.0,False,False,False,False,False,98.58,100.17,IMPROVING,True
663,CELLO,CONSDUR,350.8,670.83,-47.71,425.13,0.8252,-34.7,33.99,-1.0208,156223.0,False,False,False,False,False,97.24,99.07,LAGGING,True
664,WIPRO,IT,180.95,263.22,-31.26,199.28,0.908,-25.51,24.91,-1.0239,14686269.0,False,False,False,False,False,102.24,101.24,LEADING,True
665,RTNPOWER,ENERGY,7.95,12.84,-38.08,9.25,0.8592,-33.36,32.4,-1.0297,17525647.0,False,False,False,False,False,92.35,102.27,IMPROVING,True
666,AURIONPRO,IT,707.6,1343.93,-47.35,892.73,0.7926,-45.89,44.56,-1.03,204145.0,False,False,False,False,False,89.75,102.99,IMPROVING,True
667,AMBUJACEM,REALTY,412.05,597.84,-31.08,461.69,0.8925,-27.71,26.89,-1.0302,2152464.0,False,False,False,False,False,97.03,100.67,IMPROVING,True
668,ZENSARTECH,IT,470.6,845.39,-44.33,549.59,0.8563,-39.88,38.61,-1.0328,1834114.0,False,False,False,False,False,97.72,98.52,LAGGING,True
669,IGL,ENERGY,147.61,219.29,-32.69,165.91,0.8897,-27.01,26.06,-1.0366,2537531.0,False,False,False,False,False,96.17,100.65,IMPROVING,True
670,BATAINDIA,CONSDUR,681.3,1223.99,-44.34,755.02,0.9024,-32.97,31.8,-1.0368,80053.0,False,False,False,False,False,100.99,97.49,WEAKENING,True
671,BIKAJI,FMCG,618.8,817.1,-24.27,658.46,0.9398,-22.37,21.55,-1.0383,244238.0,False,False,False,False,False,98.17,102.96,IMPROVING,True
672,AFCONS,REALTY,286.65,476.09,-39.79,323.38,0.8864,-33.45,32.0,-1.0455,728796.0,False,False,False,False,False,99.52,103.66,IMPROVING,True
673,IRFC,FINSERV,83.9,135.73,-38.19,100.38,0.8358,-29.45,28.11,-1.0474,6872970.0,False,False,False,False,False,94.82,99.75,LAGGING,True
674,TMPV,AUTO,319.4,733.61,-56.46,377.37,0.8464,-52.75,50.35,-1.0477,5852894.0,False,False,False,False,False,95.36,102.19,IMPROVING,True
675,SKFINDIA,CAPGOODS,1571.3,4953.04,-68.28,1880.99,0.8354,-64.64,61.42,-1.0525,129396.0,False,False,False,False,False,101.37,98.89,WEAKENING,True
676,ITCHOTELS,CONSDUR,162.73,252.02,-35.43,174.08,0.9348,-31.51,29.77,-1.0585,1319791.0,False,False,False,False,False,95.71,98.9,LAGGING,True
677,PNCINFRA,REALTY,195.22,324.36,-39.81,229.42,0.8509,-34.85,32.88,-1.0601,361612.0,False,False,False,False,False,85.08,95.67,LAGGING,True
678,SJVN,INFRA_MEDIA,64.88,97.93,-33.75,73.55,0.8821,-33.03,31.04,-1.064,1275895.0,False,False,False,False,False,94.81,100.27,IMPROVING,True
679,RPOWER,ENERGY,22.45,50.73,-55.75,28.82,0.7791,-49.81,46.69,-1.0667,10849559.0,False,False,False,False,False,93.59,101.28,IMPROVING,True
680,GILLETTE,FMCG,7316.0,10437.38,-29.91,7949.41,0.9203,-24.67,23.09,-1.0682,14848.0,False,False,False,False,False,96.29,99.4,LAGGING,True
681,TRANSRAILL,CAPGOODS,452.75,818.09,-44.66,530.16,0.854,-40.12,37.4,-1.0726,359968.0,False,False,False,False,False,93.09,99.19,LAGGING,True
682,ROUTE,INFRA_MEDIA,509.35,872.04,-41.59,571.28,0.8916,-39.42,36.55,-1.0784,128361.0,False,False,False,False,False,96.05,101.64,IMPROVING,True
683,DABUR,FMCG,386.0,566.62,-31.88,446.21,0.8651,-24.76,22.78,-1.0867,1925866.0,False,False,False,False,False,92.64,98.43,LAGGING,True
684,CRIZAC,CONSDUR,172.9,375.59,-53.97,216.68,0.7979,-46.77,42.67,-1.0961,149889.0,False,False,False,False,False,91.68,101.51,IMPROVING,True
685,VIKRAMSOLR,CAPGOODS,172.71,407.95,-57.66,205.68,0.8397,-51.54,46.75,-1.1024,1282945.0,False,False,False,False,False,96.08,101.91,IMPROVING,True
686,UTIAMC,FINSERV,887.7,1362.82,-34.86,968.93,0.9162,-31.55,28.54,-1.1055,50141.0,False,False,False,False,False,97.59,100.02,IMPROVING,True
687,LEMONTREE,CONSDUR,108.53,180.68,-39.93,121.82,0.8909,-34.3,30.92,-1.1095,9179975.0,False,False,False,False,False,96.54,100.62,IMPROVING,True
688,ABLBL,CONSDUR,84.6,150.53,-43.8,103.41,0.8181,-38.77,34.63,-1.1195,252167.0,False,False,False,False,False,91.32,99.6,LAGGING,True
689,RTNINDIA,CONSDUR,30.24,64.0,-52.75,35.73,0.8462,-48.04,42.67,-1.1259,726146.0,False,False,False,False,False,94.97,102.04,IMPROVING,True
690,HINDUNILVR,FMCG,2010.4,2701.08,-25.57,2198.65,0.9144,-23.98,21.25,-1.1288,933212.0,False,False,False,False,False,95.7,100.45,IMPROVING,True
691,BAJAJHFL,FINSERV,85.0,117.0,-27.35,90.19,0.9424,-24.33,21.42,-1.1359,1693097.0,False,False,False,False,False,98.87,101.12,IMPROVING,True
692,EIDPARRY,FMCG,805.3,1176.0,-31.52,838.44,0.9605,-31.49,27.01,-1.1659,567851.0,False,False,False,False,False,105.44,100.26,LEADING,True
693,SYNGENE,PHARMA,403.4,677.03,-40.42,471.11,0.8563,-37.65,32.01,-1.176,293096.0,False,False,False,False,False,97.76,101.27,IMPROVING,True
694,GODIGIT,FINSERV,262.35,381.4,-31.21,306.41,0.8562,-29.18,24.74,-1.1797,368020.0,False,False,False,False,False,93.64,103.52,IMPROVING,True
695,FIRSTCRY,CONSDUR,185.48,438.7,-57.72,243.85,0.7606,-50.57,42.61,-1.1868,752050.0,False,False,False,False,False,88.35,96.52,LAGGING,True
696,HDFCBANK,FINSERV,720.3,1003.9,-28.25,812.15,0.8869,-24.78,20.76,-1.1933,16494301.0,False,False,False,False,False,94.71,100.59,IMPROVING,True
697,ACC,REALTY,1306.4,1975.57,-33.87,1471.79,0.8876,-26.94,22.22,-1.2126,65574.0,False,False,False,False,False,97.33,100.7,IMPROVING,True
698,RALLIS,CHEMICALS,209.63,367.2,-42.91,244.41,0.8577,-42.03,34.53,-1.2171,387772.0,False,False,False,False,False,95.14,100.05,IMPROVING,True
699,AWFIS,INFRA_MEDIA,253.25,639.4,-60.39,354.12,0.7152,-56.01,45.61,-1.2279,409033.0,False,False,False,False,False,89.55,96.82,LAGGING,True
700,KPITTECH,IT,609.4,1313.89,-53.62,784.62,0.7767,-48.68,39.23,-1.2408,5637989.0,False,False,False,False,False,101.54,105.5,LEADING,True
701,NETWORK18,INFRA_MEDIA,28.8,58.1,-50.43,35.02,0.8225,-46.16,36.35,-1.27,4626567.0,False,False,False,False,False,95.18,99.17,LAGGING,True
702,UBL,FMCG,1334.1,1868.7,-28.61,1477.59,0.9029,-27.52,21.5,-1.28,36542.0,False,False,False,False,False,98.31,99.29,LAGGING,True
703,PIIND,CHEMICALS,2420.1,3812.93,-36.53,2935.05,0.8246,-35.76,27.61,-1.2951,249992.0,False,False,False,False,False,92.54,99.09,LAGGING,True
704,KEC,REALTY,425.8,927.0,-54.07,558.89,0.7619,-47.38,36.42,-1.3011,486493.0,False,False,False,False,False,90.2,101.59,IMPROVING,True
705,INOXWIND,CAPGOODS,71.79,159.3,-54.93,97.46,0.7366,-49.45,37.74,-1.3104,7058151.0,False,False,False,False,False,90.37,99.49,LAGGING,True
706,EMAMILTD,FMCG,379.4,606.01,-37.39,443.17,0.8561,-32.45,24.7,-1.3134,1065144.0,False,False,False,False,False,93.77,95.66,LAGGING,True
707,HDFCLIFE,FINSERV,548.0,800.15,-31.51,620.82,0.8827,-29.18,22.06,-1.3232,2076182.0,False,False,False,False,False,98.73,101.3,IMPROVING,True
708,HGINFRA,REALTY,496.5,1046.12,-52.54,627.28,0.7915,-49.0,36.93,-1.327,52973.0,False,False,False,False,False,91.76,99.45,LAGGING,True
709,JYOTHYLAB,FMCG,207.4,340.94,-39.17,230.62,0.8993,-37.55,28.16,-1.3336,323793.0,False,False,False,False,False,103.45,98.86,WEAKENING,True
710,INDIAMART,CONSDUR,1756.9,2581.36,-31.94,1998.83,0.879,-31.91,23.61,-1.3511,74123.0,False,False,False,False,False,95.94,102.25,IMPROVING,True
711,BAJAJELEC,CONSDUR,332.75,647.96,-48.65,384.95,0.8644,-41.51,30.45,-1.3631,131210.0,False,False,False,False,False,99.31,96.13,LAGGING,True
712,ALOKINDS,CONSDUR,9.24,19.34,-52.22,13.65,0.6769,-47.56,34.7,-1.3707,85131255.0,False,False,False,False,False,76.61,84.83,LAGGING,True
713,ORIENTCEM,REALTY,131.37,237.15,-44.61,154.08,0.8526,-43.96,31.45,-1.398,89980.0,False,False,False,False,False,97.56,100.9,IMPROVING,True
714,OSWALPUMPS,CAPGOODS,295.55,846.0,-65.07,411.75,0.7178,-64.6,45.44,-1.4217,218585.0,False,False,False,False,False,82.37,102.49,IMPROVING,True
715,IRCTC,CONSDUR,485.65,729.66,-33.44,559.16,0.8685,-31.42,21.93,-1.4326,581576.0,False,False,False,False,False,97.28,100.63,IMPROVING,True
716,STARCEMENT,REALTY,187.79,307.54,-38.94,214.39,0.8759,-33.18,22.16,-1.4971,336872.0,False,False,False,False,False,92.92,98.37,LAGGING,True
717,JKLAKSHMI,REALTY,540.85,978.64,-44.73,644.7,0.8389,-40.91,26.95,-1.5181,66478.0,False,False,False,False,False,95.82,99.16,LAGGING,True
718,CMSINFO,INFRA_MEDIA,242.55,429.13,-43.48,305.39,0.7942,-43.48,28.15,-1.5443,1254724.0,False,False,False,False,False,90.45,100.47,IMPROVING,True
719,ITC,FMCG,266.0,407.14,-34.67,306.65,0.8674,-30.84,19.57,-1.5759,15200847.0,False,False,False,False,False,94.96,99.79,LAGGING,True
720,PATANJALI,FMCG,348.45,606.9,-42.58,445.4,0.7823,-41.06,25.3,-1.6229,1099007.0,False,False,False,False,False,94.82,102.03,IMPROVING,True
721,AEQUS,CAPGOODS,245.99,274.39,-10.35,201.05,1.2235,,57.62,,1329838.0,False,True,True,True,False,102.71,95.17,WEAKENING,True
722,ATLANTAELE,CAPGOODS,1745.1,2152.6,-18.93,1485.71,1.1746,,56.54,,128412.0,False,True,True,True,False,103.46,101.12,LEADING,True
723,CANHLIFE,FINSERV,154.19,166.25,-7.25,143.2,1.0768,,30.61,,1161040.0,False,True,True,True,False,105.43,100.52,LEADING,True
724,CAPILLARY,IT,501.5,798.95,-37.23,533.76,0.9396,,46.71,,81204.0,False,False,False,False,False,98.59,98.99,LAGGING,True
725,CORONA,PHARMA,2079.5,2270.1,-8.4,1827.83,1.1377,,32.08,,10524.0,False,True,True,True,False,101.68,97.29,WEAKENING,True
726,CRAMC,FINSERV,259.9,348.32,-25.38,257.6,1.0089,,40.26,,179348.0,False,False,True,True,False,101.8,100.79,LEADING,True
727,EMMVEE,CAPGOODS,324.1,371.55,-12.77,286.57,1.131,,53.22,,737469.0,False,True,True,True,False,98.54,100.55,IMPROVING,True
728,GROWW,FINSERV,191.46,227.2,-15.73,188.56,1.0154,,51.13,,53275950.0,False,True,True,True,False,96.76,97.93,LAGGING,True
729,ICICIAMC,FINSERV,3139.6,3597.03,-12.72,3141.78,0.9993,,33.86,,755036.0,False,True,False,True,False,99.0,99.04,LAGGING,True
730,JAINREC,METALS,287.95,593.95,-51.52,372.78,0.7724,,53.38,,811696.0,False,False,False,False,False,88.12,100.83,IMPROVING,True
731,LENSKART,CONSDUR,636.15,673.9,-5.6,527.84,1.2052,,35.56,,6054352.0,False,True,True,True,False,112.6,97.17,WEAKENING,True
732,LGEINDIA,CONSDUR,1691.4,1755.0,-3.62,1558.55,1.0852,,28.86,,753223.0,False,True,True,True,False,107.47,101.64,LEADING,True
733,MEESHO,CONSDUR,208.63,254.4,-17.99,180.84,1.1537,,56.72,,9520098.0,False,True,True,True,False,109.62,101.26,LEADING,True
734,ORKLAINDIA,FMCG,595.4,760.0,-21.66,597.09,0.9972,,27.27,,235478.0,False,False,False,True,False,103.16,106.48,LEADING,True
735,PARKHOSPS,PHARMA,290.55,305.0,-4.74,250.62,1.1593,,42.61,,253289.0,False,True,True,True,False,102.6,103.6,LEADING,True
736,PINELABS,FINSERV,165.07,284.0,-41.88,171.51,0.9625,,46.66,,8248186.0,False,False,False,False,False,106.91,101.69,LEADING,True
737,PIRAMALFIN,FINSERV,2278.4,2299.9,-0.93,1956.05,1.1648,,33.17,,394664.0,False,True,True,True,False,107.67,105.34,LEADING,True
738,PWL,CONSDUR,119.46,161.99,-26.25,117.72,1.0148,,52.43,,16232251.0,False,False,True,True,False,93.07,97.86,LAGGING,True
739,RUBICON,PHARMA,1804.4,1899.0,-4.98,1183.04,1.5252,,45.88,,249261.0,False,True,True,True,False,118.01,98.92,WEAKENING,True
740,SAATVIKGL,CAPGOODS,422.3,567.0,-25.52,434.01,0.973,,43.64,,33723.0,False,False,False,False,False,96.48,103.64,IMPROVING,True
741,SKFINDUS,CAPGOODS,2952.2,3018.35,-2.19,2521.92,1.1706,,35.26,,39141.0,False,True,True,True,False,107.59,105.17,LEADING,True
742,STYL,FINSERV,402.1,434.7,-7.5,312.64,1.2861,,44.06,,130545.0,False,True,True,True,False,110.39,99.67,WEAKENING,True
743,SUDEEPPHRM,CHEMICALS,1152.1,1180.0,-2.36,796.8,1.4459,,46.6,,176989.0,False,True,True,True,False,124.25,99.77,WEAKENING,True
744,TATACAP,FINSERV,375.7,390.2,-3.72,341.6,1.0998,,27.0,,1158290.0,False,True,True,True,False,104.88,102.2,LEADING,True
745,TENNIND,AUTO,537.5,657.0,-18.19,561.17,0.9578,,37.5,,682567.0,False,True,False,False,False,95.78,98.28,LAGGING,True
746,TMCV,CAPGOODS,466.3,503.32,-7.35,423.07,1.1022,,38.84,,6189661.0,False,True,True,True,False,107.09,97.24,WEAKENING,True
747,URBANCO,CONSDUR,168.41,201.18,-16.29,134.22,1.2547,,45.22,,8658242.0,False,True,True,True,False,121.41,104.56,LEADING,True
748,UTLSOLAR,CAPGOODS,449.55,494.25,-9.04,314.44,1.4297,,45.83,,498009.0,False,True,True,True,False,117.45,94.58,WEAKENING,True
749,WAKEFIT,CONSDUR,144.71,224.0,-35.4,141.57,1.0222,,50.71,,1135910.0,False,False,True,True,False,112.76,103.35,LEADING,True
750,WEWORK,INFRA_MEDIA,691.6,794.5,-12.95,624.33,1.1078,,39.42,,203332.0,False,True,True,True,False,98.7,100.81,IMPROVING,True
