date,portfolio_value,cash_balance,invested_capital,benchmark_value,drawdown,active_positions
2016-01-04,10000000.0,10000000.0,0.0,7791.2998046875,0.0,0
2016-01-05,10000000.0,10000000.0,0.0,7784.64990234375,0.0,0
2016-01-06,10000000.0,10000000.0,0.0,7741.0,0.0,0
2016-01-07,10000000.0,10000000.0,0.0,7568.2998046875,0.0,0
2016-01-08,10000000.0,10000000.0,0.0,7601.35009765625,0.0,0
2016-01-11,10000000.0,10000000.0,0.0,7563.85009765625,0.0,0
2016-01-12,10000000.0,10000000.0,0.0,7510.2998046875,0.0,0
2016-01-13,10000000.0,10000000.0,0.0,7562.39990234375,0.0,0
2016-01-14,10000000.0,10000000.0,0.0,7536.7998046875,0.0,0
2016-01-15,10000000.0,10000000.0,0.0,7437.7998046875,0.0,0
2016-01-18,10000000.0,10000000.0,0.0,7351.0,0.0,0
2016-01-19,10000000.0,10000000.0,0.0,7435.10009765625,0.0,0
2016-01-20,10000000.0,10000000.0,0.0,7309.2998046875,0.0,0
2016-01-21,10000000.0,10000000.0,0.0,7276.7998046875,0.0,0
2016-01-22,10000000.0,10000000.0,0.0,7422.4501953125,0.0,0
2016-01-25,10000000.0,10000000.0,0.0,7436.14990234375,0.0,0
2016-01-27,10000000.0,10000000.0,0.0,7437.75,0.0,0
2016-01-28,10000000.0,10000000.0,0.0,7424.64990234375,0.0,0
2016-01-29,10000000.0,10000000.0,0.0,7563.5498046875,0.0,0
2016-02-01,9945422.540619303,-6006.254380699014,9951428.795000002,7555.9501953125,-0.5457745938069691,20
2016-02-02,9806562.385619301,-6006.254380699014,9812568.64,7455.5498046875,-1.9343761438069818,20
2016-02-03,9681201.535619302,-6006.254380699014,9687207.790000001,7361.7998046875,-3.1879846438069848,20
2016-02-04,9643710.155619299,-6006.254380699014,9649716.409999998,7404.0,-3.5628984438070055,20
2016-02-05,9730311.190619301,-6006.254380699014,9736317.445,7489.10009765625,-2.696888093806993,20
2016-02-08,9675994.6306193,-6006.254380699014,9682000.885,7387.25,-3.240053693806999,20
2016-02-09,9572162.0406193,-6006.254380699014,9578168.295,7298.2001953125,-4.278379593806991,20
2016-02-10,9489722.380619302,-6006.254380699014,9495728.635000002,7215.7001953125,-5.10277619380698,20
2016-02-11,9109082.110619303,-6006.254380699014,9115088.365000002,6976.35009765625,-8.909178893806969,20
2016-02-12,9112135.705619302,-6006.254380699014,9118141.96,6980.9501953125,-8.87864294380698,20
2016-02-15,9396906.2206193,-6006.254380699014,9402912.475,7162.9501953125,-6.030937793807,20
2016-02-16,9257668.750619302,-6006.254380699014,9263675.005,7048.25,-7.423312493806988,20
2016-02-17,9304151.690619301,-6006.254380699014,9310157.945,7108.4501953125,-6.958483093806988,20
2016-02-18,9374652.855619302,-6006.254380699014,9380659.110000001,7191.75,-6.25347144380698,20
2016-02-19,9352742.900619298,-6006.254380699014,9358749.154999997,7210.75,-6.472570993807015,20
2016-02-22,9351541.390619298,-6006.254380699014,9357547.644999998,7234.5498046875,-6.484586093807021,20
2016-02-23,9252130.810619302,-6006.254380699014,9258137.065000001,7109.5498046875,-7.478691893806976,20
2016-02-24,9248730.745619303,-6006.254380699014,9254737.000000002,7018.7001953125,-7.512692543806976,20
2016-02-25,9171136.7306193,-6006.254380699014,9177142.985,6970.60009765625,-8.288632693806996,20
2016-02-26,9209690.1556193,-6006.254380699014,9215696.41,7029.75,-7.9030984438069884,20
2016-02-29,9162152.7356193,-6006.254380699014,9168158.989999998,6987.0498046875,-8.378472643807012,20
2016-03-01,9366130.33379907,1410.8787990713608,9364719.454999998,7222.2998046875,-6.338696662009302,20
2016-03-02,9480318.433799071,1410.8787990713608,9478907.555,7368.85009765625,-5.196815662009291,20
2016-03-03,9547773.743799072,1410.8787990713608,9546362.865,7475.60009765625,-4.522262562009283,20
2016-03-04,9609158.97379907,1410.8787990713608,9607748.094999999,7485.35009765625,-3.9084102620092986,20
2016-03-08,9716653.758799069,1410.8787990713608,9715242.879999997,7485.2998046875,-2.8334624120093133,20
2016-03-09,9787417.368799072,1410.8787990713608,9786006.49,7531.7998046875,-2.1258263120092824,20
2016-03-10,9765910.878799072,1410.8787990713608,9764500.0,7486.14990234375,-2.3408912120092884,20
2016-03-11,9809814.96879907,1410.8787990713608,9808404.089999998,7510.2001953125,-1.901850312009301,20
2016-03-14,9823386.57379907,1410.8787990713608,9821975.694999998,7538.75,-1.7661342620093001,20
2016-03-15,9741574.76879907,1410.8787990713608,9740163.889999999,7460.60009765625,-2.584252312009294,20
2016-03-16,9691988.22879907,1410.8787990713608,9690577.349999998,7498.75,-3.0801177120093115,20
2016-03-17,9702092.413799072,1410.8787990713608,9700681.535,7512.5498046875,-2.979075862009284,20
2016-03-18,9828369.768799072,1410.8787990713608,9826958.89,7604.35009765625,-1.7163023120092769,20
2016-03-21,9851815.613799073,1410.8787990713608,9850404.735000001,7704.25,-1.4818438620092689,20
2016-03-22,9756461.198799072,1410.8787990713608,9755050.32,7714.89990234375,-2.4353880120092763,20
2016-03-23,9768396.188799072,1410.8787990713608,9766985.31,7716.5,-2.3160381120092777,20
2016-03-28,9633786.388799073,1410.8787990713608,9632375.510000002,7615.10009765625,-3.6621361120092732,20
2016-03-29,9649269.18379907,1410.8787990713608,9647858.304999998,7597.0,-3.507308162009304,20
2016-03-30,9789874.18379907,1410.8787990713608,9788463.304999998,7735.2001953125,-2.1012581620093007,20
2016-03-31,9875621.893799072,1410.8787990713608,9874211.015,7738.39990234375,-1.2437810620092749,20
2016-04-01,9803248.999335917,-1991.9506640823092,9805240.95,7713.0498046875,-1.967510006640838,20
2016-04-04,9849854.959335918,-1991.9506640823092,9851846.91,7758.7998046875,-1.5014504066408252,20
2016-04-05,9707294.429335918,-1991.9506640823092,9709286.38,7603.2001953125,-2.927055706640813,20
2016-04-06,9740111.439335916,-1991.9506640823092,9742103.389999999,7614.35009765625,-2.598885606640833,20
2016-04-07,9658088.519335918,-1991.9506640823092,9660080.47,7546.4501953125,-3.4191148066408217,20
2016-04-08,9710659.349335918,-1991.9506640823092,9712651.3,7555.2001953125,-2.8934065066408166,20
2016-04-11,9785814.189335918,-1991.9506640823092,9787806.14,7671.39990234375,-2.141858106640815,20
2016-04-12,9796151.73933592,-1991.9506640823092,9798143.690000003,7708.9501953125,-2.03848260664079,20
2016-04-13,9914717.919335917,-1991.9506640823092,9916709.87,7850.4501953125,-0.8528208066408305,20
2016-04-18,10083598.139335917,-1991.9506640823092,10085590.09,7914.7001953125,0.0,20
2016-04-20,10138923.34933592,-1991.9506640823092,10140915.300000003,7914.75,0.0,20
2016-04-21,10000096.349335916,-1991.9506640823092,10002088.299999999,7912.0498046875,-1.3692479488869647,20
2016-04-22,9946769.489335917,-1991.9506640823092,9948761.44,7899.2998046875,-1.8952097119127376,20
2016-04-25,9909849.039335918,-1991.9506640823092,9911840.99,7855.0498046875,-2.25935537834997,20
2016-04-26,9998531.959335916,-1991.9506640823092,10000523.909999998,7962.64990234375,-1.3846774964444308,20
2016-04-27,10005737.359335916,-1991.9506640823092,10007729.309999999,7979.89990234375,-1.3136107790846174,20
2016-04-28,9914253.70933592,-1991.9506640823092,9916245.660000002,7847.25,-2.215912205458348,20
2016-04-29,9965555.029335918,-1991.9506640823092,9967546.98,7849.7998046875,-1.7099283032981694,20
2016-05-02,9939332.026078638,-1530.8987602294073,9940862.924838867,7805.89990234375,-1.9685652645786589,20
2016-05-03,9852524.767544704,-1530.8987602294073,9854055.666304933,7747.0,-2.824743534627616,20
2016-05-04,9762092.303400822,-1530.8987602294073,9763623.202161051,7706.5498046875,-3.716677135741242,20
2016-05-05,9779022.598686468,-1530.8987602294073,9780553.497446697,7735.5,-3.5496939689658946,20
2016-05-06,9798095.143758487,-1530.8987602294073,9799626.042518716,7733.4501953125,-3.3615818350156146,20
2016-05-09,9908144.43376093,-1530.8987602294073,9909675.33252116,7866.0498046875,-2.2761678693438925,20
2016-05-10,9904825.039217062,-1530.8987602294073,9906355.937977292,7887.7998046875,-2.3089069919262295,20
2016-05-11,9996249.749530785,-1530.8987602294073,9997780.648291014,7848.85009765625,-1.4071868865098036,20
2016-05-12,10052859.109339543,-1530.8987602294073,10054390.008099772,7900.39990234375,-0.8488498929426713,20
2016-05-13,10096416.770891057,-1530.8987602294073,10097947.669651287,7814.89990234375,-0.41924154054924223,20
2016-05-16,10123081.809245143,-1530.8987602294073,10124612.708005372,7860.75,-0.1562447958718849,20
2016-05-17,10127066.349003443,-1530.8987602294073,10128597.247763673,7890.75,-0.11694535922547322,20
2016-05-18,10165917.329238223,-1530.8987602294073,10167448.227998452,7870.14990234375,0.0,20
2016-05-19,10019548.55897862,-1530.8987602294073,10021079.45773885,7783.39990234375,-1.4397989430686264,20
2016-05-20,9919527.33253982,-1530.8987602294073,9921058.231300049,7749.7001953125,-2.4236868028599923,20
2016-05-23,9995280.016379338,-1530.8987602294073,9996810.915139567,7731.0498046875,-1.6785235147261601,20
2016-05-24,10038664.83416905,-1530.8987602294073,10040195.73292928,7748.85009765625,-1.2517561470147043,20
2016-05-25,10043298.895935409,-1530.8987602294073,10044829.794695638,7934.89990234375,-1.2061718518027953,20
2016-05-26,10179750.697042994,-1530.8987602294073,10181281.595803224,8069.64990234375,0.0,20
2016-05-27,10258907.394763535,-1530.8987602294073,10260438.293523764,8156.64990234375,0.0,20
2016-05-30,10280190.578653105,-1530.8987602294073,10281721.477413334,8178.5,0.0,20
2016-05-31,10332484.016386256,-1530.8987602294073,10334014.915146485,8160.10009765625,0.0,20
2016-06-01,10284574.858278442,-938.2857016912894,10285513.143980134,8179.9501953125,-0.4636751243150661,20
2016-06-02,10374523.610168321,-938.2857016912894,10375461.895870013,8218.9501953125,0.0,20
2016-06-03,10477130.038073536,-938.2857016912894,10478068.323775228,8220.7998046875,0.0,20
2016-06-06,10439356.677832535,-938.2857016912894,10440294.963534227,8201.0498046875,-0.36053155877358023,20
2016-06-07,10561658.998654708,-938.2857016912894,10562597.2843564,8266.4501953125,0.0,20
2016-06-08,10643560.29976915,-938.2857016912894,10644498.585470842,8273.0498046875,0.0,20
2016-06-09,10549534.94244563,-938.2857016912894,10550473.228147322,8203.599609375,-0.8834013682955222,20
2016-06-10,10512960.9572291,-938.2857016912894,10513899.242930792,8170.0498046875,-1.2270268487404756,20
2016-06-13,10430534.265666427,-938.2857016912894,10431472.55136812,8110.60009765625,-2.001454664632696,20
2016-06-14,10434384.680183202,-938.2857016912894,10435322.965884894,8108.85009765625,-1.9652786632916919,20
2016-06-15,10442858.597365355,-938.2857016912894,10443796.883067047,8206.599609375,-1.8856632250032757,20
2016-06-16,10391958.223710338,-938.2857016912894,10392896.50941203,8140.75,-2.3638901737069062,20
2016-06-17,10441526.259089045,-938.2857016912894,10442464.544790737,8170.2001953125,-1.8981810126493692,20
2016-06-20,10482087.629892152,-938.2857016912894,10483025.915593844,8238.5,-1.5170926393915485,20
2016-06-21,10509813.210315911,-938.2857016912894,10510751.496017603,8219.900390625,-1.256601040312988,20
2016-06-22,10499931.848487822,-938.2857016912894,10500870.134189514,8203.7001953125,-1.349439917058981,20
2016-06-23,10467100.605433796,-938.2857016912894,10468038.891135488,8270.4501953125,-1.6579010158770058,20
2016-06-24,10331892.053910593,-938.2857016912894,10332830.339612285,8088.60009765625,-2.928233007383041,20
2016-06-27,10503898.415909754,-938.2857016912894,10504836.701611446,8094.7001953125,-1.3121726182396376,20
2016-06-28,10546569.059383234,-938.2857016912894,10547507.345084926,8127.85009765625,-0.9112668848977101,20
2016-06-29,10661567.847189922,-938.2857016912894,10662506.132891614,8204.0,0.0,20
2016-06-30,10918738.984806763,-938.2857016912894,10919677.270508455,8287.75,0.0,20
2016-07-01,11099440.132773185,-280.2997005410725,11099720.432473727,8328.349609375,0.0,20
2016-07-04,11232807.861246726,-280.2997005410725,11233088.160947267,8370.7001953125,0.0,20
2016-07-05,11183623.438247457,-280.2997005410725,11183903.737947999,8335.9501953125,-0.4378640105556775,20
2016-07-07,11120846.463284252,-280.2997005410725,11121126.762984794,8337.900390625,-0.9967356278632766,20
2016-07-08,11109244.895518895,-280.2997005410725,11109525.195219437,8323.2001953125,-1.100018510546441,20
2016-07-11,11280109.95964028,-280.2997005410725,11280390.25934082,8467.900390625,0.0,20
2016-07-12,11376506.45446729,-280.2997005410725,11376786.75416783,8521.0498046875,0.0,20
2016-07-13,11273006.213254083,-280.2997005410725,11273286.512954624,8519.5,-0.9097717443175557,20
2016-07-14,11302807.672563165,-280.2997005410725,11303087.972263707,8565.0,-0.647815585558642,20
2016-07-15,11314655.98891059,-280.2997005410725,11314936.28861113,8541.400390625,-0.5436683555206212,20
2016-07-18,11241339.528418414,-280.2997005410725,11241619.828118956,8508.7001953125,-1.1881233187873597,20
2016-07-19,11218029.021201732,-280.2997005410725,11218309.320902273,8528.5498046875,-1.3930237186594918,20
2016-07-20,11303055.874045797,-280.2997005410725,11303336.173746338,8565.849609375,-0.6456338834374797,20
2016-07-21,11271050.36858536,-280.2997005410725,11271330.6682859,8510.099609375,-0.9269637063364033,20
2016-07-22,11320224.088115796,-280.2997005410725,11320504.387816338,8541.2001953125,-0.4947245147423285,20
2016-07-25,11448597.423815839,-280.2997005410725,11448877.72351638,8635.650390625,0.0,20
2016-07-26,11633839.181341069,-280.2997005410725,11634119.48104161,8590.650390625,0.0,20
2016-07-27,11834991.553116726,-280.2997005410725,11835271.852817267,8615.7998046875,0.0,20
2016-07-28,11900049.496974729,-280.2997005410725,11900329.79667527,8666.2998046875,0.0,20
2016-07-29,12060786.178661158,-280.2997005410725,12061066.4783617,8638.5,0.0,20
2016-08-01,12311270.976115353,-280.2997005410725,12311551.275815895,8636.5498046875,0.0,20
2016-08-02,12220309.646551203,-280.2997005410725,12220589.946251744,8622.900390625,-0.7388459708231654,20
2016-08-03,11896953.660398684,-280.2997005410725,11897233.960099226,8544.849609375,-3.3653496582153886,20
2016-08-04,12031387.167985821,-280.2997005410725,12031667.467686363,8551.099609375,-2.2733949132670794,20
2016-08-05,12194386.203641511,-280.2997005410725,12194666.503342053,8683.150390625,-0.9494127186429835,20
2016-08-08,12383526.176390128,-280.2997005410725,12383806.47609067,8711.349609375,0.0,20
2016-08-09,12202366.243363772,-280.2997005410725,12202646.543064313,8678.25,-1.462910728704625,20
2016-08-10,12140640.951972634,-280.2997005410725,12140921.251673175,8575.2998046875,-1.9613575403148786,20
2016-08-11,12009542.249385849,-280.2997005410725,12009822.54908639,8592.150390625,-3.0200115999052035,20
2016-08-12,8573037.828628842,-280.2997005410725,8573318.128329383,9030.935241659032,-30.770624565934956,20
2016-08-16,12156733.089601101,-280.2997005410725,12157013.389301643,8642.5498046875,-1.8314095965769495,20
2016-08-17,12219191.9186461,-280.2997005410725,12219472.218346642,8624.0498046875,-1.3270392891593263,20
2016-08-18,12374009.207444815,-280.2997005410725,12374289.507145356,8673.25,-0.07685184986694349,20
2016-08-19,12445862.087650824,-280.2997005410725,12446142.387351366,8666.900390625,0.0,20
2016-08-22,12397939.290778207,-280.2997005410725,12398219.590478748,8629.150390625,-0.3850500394036005,20
2016-08-23,12290336.799496122,-280.2997005410725,12290617.099196663,8632.599609375,-1.249614426541168,20
2016-08-24,12335180.44857815,-280.2997005410725,12335460.74827869,8650.2998046875,-0.8893047206629201,20
2016-08-25,12202975.707623504,-280.2997005410725,12203256.007324046,8592.2001953125,-1.9515432383612863,20
2016-08-26,12197231.81448368,-280.2997005410725,12197512.114184221,8572.5498046875,-1.9976942650991036,20
2016-08-29,12350161.864738692,-280.2997005410725,12350442.164439233,8607.4501953125,-0.7689320533857513,20
2016-08-30,12502626.892094357,-280.2997005410725,12502907.191794898,8744.349609375,0.0,20
2016-08-31,12510899.566069953,-280.2997005410725,12511179.865770495,8786.2001953125,0.0,20
2016-09-01,12361323.990258789,-1866.672598355275,12363190.662857143,8774.650390625,-1.1955621178257991,20
2016-09-02,12318135.261687363,-1866.672598355275,12320001.934285717,8809.650390625,-1.5407709362912247,20
2016-09-06,12496510.60883022,-1866.672598355275,12498377.281428574,8943.0,-0.11501137199404488,20
2016-09-07,12536535.808830217,-1866.672598355275,12538402.481428571,8917.9501953125,0.0,20
2016-09-08,11975779.384544501,-1866.672598355275,11977646.057142856,8952.5,-4.472977486258545,20
2016-09-09,11754647.100258786,-1866.672598355275,11756513.77285714,8866.7001953125,-6.236880111814469,20
2016-09-12,11374197.665973071,-1866.672598355275,11376064.338571426,8715.599609375,-9.271605494385804,20
2016-09-14,11553154.581687357,-1866.672598355275,11555021.254285712,8726.599609375,-7.844122508310525,20
2016-09-15,11582904.170258787,-1866.672598355275,11584770.842857141,8742.5498046875,-7.606819404605625,20
2016-09-16,11550036.854544505,-1866.672598355275,11551903.52714286,8779.849609375,-7.868991636356693,20
2016-09-19,11586543.614544503,-1866.672598355275,11588410.287142858,8808.400390625,-7.577788703132626,20
2016-09-20,11665654.780258786,-1866.672598355275,11667521.45285714,8775.900390625,-6.94674383618813,20
2016-09-21,11770431.627401644,-1866.672598355275,11772298.299999999,8777.150390625,-6.110971907318763,20
2016-09-22,11959849.973115928,-1866.672598355275,11961716.645714283,8867.4501953125,-4.600041387095899,20
2016-09-23,11927250.400258789,-1866.672598355275,11929117.072857143,8831.5498046875,-4.860077918353422,20
2016-09-26,11832824.880258786,-1866.672598355275,11834691.55285714,8723.0498046875,-5.613280568909362,20
2016-09-27,11848489.73168736,-1866.672598355275,11850356.404285714,8706.400390625,-5.48832697991598,20
2016-09-28,11955707.10168736,-1866.672598355275,11957573.774285715,8745.150390625,-4.6330877684227945,20
2016-09-29,11453530.524544502,-1866.672598355275,11455397.197142856,8591.25,-8.638792253302475,20
2016-09-30,11658097.251687359,-1866.672598355275,11659963.924285714,8611.150390625,-7.007027862706073,20
2016-10-03,11964724.607653553,-1457.0002035874058,11966181.60785714,8738.099609375,-4.56115796178641,20
2016-10-04,11976446.092653556,-1457.0002035874058,11977903.092857143,8769.150390625,-4.467659365533471,20
2016-10-05,12089372.757177364,-1457.0002035874058,12090829.757380951,8743.9501953125,-3.566878908748372,20
2016-10-06,11993063.01884403,-1457.0002035874058,11994520.019047618,8709.5498046875,-4.3351113758506195,20
2016-10-07,11981848.415986888,-1457.0002035874058,11983305.416190475,8697.599609375,-4.424566732802127,20
2016-10-10,11982201.989082126,-1457.0002035874058,11983658.989285713,8708.7998046875,-4.421746391516235,20
2016-10-13,11794754.095272604,-1457.0002035874058,11796211.095476191,8573.349609375,-5.916959237137354,20
2016-10-14,11878796.245272605,-1457.0002035874058,11880253.245476192,8583.400390625,-5.246581460680133,20
2016-10-17,11837307.299796415,-1457.0002035874058,11838764.300000003,8520.400390625,-5.57752571919663,20
2016-10-18,12013581.424320221,-1457.0002035874058,12015038.424523808,8677.900390625,-4.171442513981005,20
2016-10-19,12101899.047177365,-1457.0002035874058,12103356.047380952,8659.099609375,-3.4669606363403105,20
2016-10-20,12217448.535748793,-1457.0002035874058,12218905.53595238,8699.400390625,-2.5452587377182145,20
2016-10-21,12195640.983367838,-1457.0002035874058,12197097.983571425,8693.0498046875,-2.7192107186601477,20
2016-10-24,12233951.573367842,-1457.0002035874058,12235408.573571429,8708.9501953125,-2.413619201320727,20
2016-10-25,12352268.523129744,-1457.0002035874058,12353725.523333332,8691.2998046875,-1.4698421359007452,20
2016-10-26,12249028.908844031,-1457.0002035874058,12250485.909047619,8615.25,-2.2933520421461018,20
2016-10-27,12088742.84193927,-1457.0002035874058,12090199.842142858,8615.25,-3.5719035443231406,20
2016-10-28,12211876.79336784,-1457.0002035874058,12213333.793571427,8638.0,-2.5897027728640887,20
2016-11-01,12276200.512146492,1158260.7400036324,11117939.77214286,8626.25,-2.0766127154548952,18
2016-11-02,12073664.284051253,1158260.7400036324,10915403.54404762,8514.0,-3.6921804542921377,18
2016-11-03,11948440.666194107,1158260.7400036324,10790179.926190475,8484.9501953125,-4.691049837084016,18
2016-11-04,11691592.633098869,1158260.7400036324,10533331.893095236,8433.75,-6.739845748585549,18
2016-11-07,11844199.023336966,1158260.7400036324,10685938.283333333,8497.0498046875,-5.522552609833397,18
2016-11-08,11937015.466908393,1158260.7400036324,10778754.726904761,8543.5498046875,-4.782185055456434,18
2016-11-09,11599531.689765537,1158260.7400036324,10441270.949761905,8432.0,-7.474186915373327,18
2016-11-10,11870275.979289345,1158260.7400036324,10712015.239285713,8525.75,-5.314544940489741,18
2016-11-11,11341024.975479823,1158260.7400036324,10182764.23547619,8296.2998046875,-9.536213604625331,18
2016-11-15,10583375.439289346,1158260.7400036324,9425114.699285714,8108.4501953125,-15.579745468163097,18
2016-11-16,10679030.931194108,1158260.7400036324,9520770.191190476,8111.60009765625,-14.816731718883291,18
2016-11-17,10756897.655479824,1158260.7400036324,9598636.915476192,8079.9501953125,-14.195613369499483,18
2016-11-18,10663410.063575061,1158260.7400036324,9505149.323571429,8074.10009765625,-14.941334462872934,18
2016-11-21,10279265.021670297,1158260.7400036324,9121004.281666664,7929.10009765625,-18.005538544148624,18
2016-11-22,10494840.32905125,1158260.7400036324,9336579.589047618,8002.2998046875,-16.285962174182767,18
2016-11-23,10741515.791908395,1158260.7400036324,9583255.051904762,8033.2998046875,-14.318309653433003,18
2016-11-24,10670488.294289349,1158260.7400036324,9512227.554285716,7965.5,-14.88487364449198,18
2016-11-25,10852057.847860776,1158260.7400036324,9693797.107857144,8114.2998046875,-13.436550468614817,18
2016-11-28,10909369.845479824,1158260.7400036324,9751109.105476191,8126.89990234375,-12.979390703804194,18
2016-11-29,11038751.84571792,1158260.7400036324,9880491.105714288,8142.14990234375,-11.947351213700674,18
2016-11-30,11113929.504289348,1158260.7400036324,9955668.764285715,8224.5,-11.347682695077888,18
2016-12-01,10896001.946761593,5920199.888428259,4975802.0583333345,8192.900390625,-13.086022224042937,9
2016-12-02,10858084.47342826,5920199.888428259,4937884.585000002,8086.7998046875,-13.388477973474334,9
2016-12-05,10894374.475094924,5920199.888428259,4974174.586666665,8128.75,-13.099004053245888,9
2016-12-06,10915245.706761591,5920199.888428259,4995045.818333332,8143.14990234375,-12.932520807914539,9
2016-12-07,10903490.513428258,5920199.888428259,4983290.624999999,8102.0498046875,-13.026288284932019,9
2016-12-08,11032975.566761594,5920199.888428259,5112775.678333336,8246.849609375,-11.993426772725979,9
2016-12-09,11049400.363428257,5920199.888428259,5129200.474999999,8261.75,-11.862411339777633,9
2016-12-12,11058567.956761593,5920199.888428259,5138368.068333334,8170.7998046875,-11.789284333456806,9
2016-12-13,11011533.990094924,5920199.888428259,5091334.101666666,8221.7998046875,-12.16445948059387,9
2016-12-14,10959132.153428258,5920199.888428259,5038932.265,8182.4501953125,-12.582452437067182,9
2016-12-15,10979341.476761593,5920199.888428259,5059141.588333334,8153.60009765625,-12.421249026160808,9
2016-12-16,10921451.078428257,5920199.888428259,5001251.189999999,8139.4501953125,-12.883022511405107,9
2016-12-19,10864902.500094926,5920199.888428259,4944702.611666667,8104.35009765625,-13.334092720876377,9
2016-12-20,10806489.570094926,5920199.888428259,4886289.681666668,8082.39990234375,-13.800034276747464,9
2016-12-21,10780321.728428258,5920199.888428259,4860121.839999999,8061.2998046875,-14.008766912825743,9
2016-12-22,10673368.823428258,5920199.888428259,4753168.935,7979.10009765625,-14.861896570260026,9
2016-12-23,10686542.06842826,5920199.888428259,4766342.180000001,7985.75,-14.756817741460114,9
2016-12-26,10564269.996761592,5920199.888428259,4644070.108333333,7908.25,-15.732143569353841,9
2016-12-27,10665415.313428259,5920199.888428259,4745215.425,8032.85009765625,-14.925339215989942,9
2016-12-28,10662241.525094926,5920199.888428259,4742041.636666668,8034.85009765625,-14.950655526506097,9
2016-12-29,10735229.016761594,5920199.888428259,4815029.128333335,8103.60009765625,-14.368457279879953,9
2016-12-30,10749538.276761593,5920199.888428259,4829338.388333335,8185.7998046875,-14.254316817010459,9
2017-01-02,10717258.324131431,-3680.8392019014573,10720939.163333332,8179.5,-14.511803838324788,20
2017-01-03,10809202.222464766,-3680.8392019014573,10812883.061666667,8192.25,-13.778396302659523,20
2017-01-04,10282922.090798095,-3680.8392019014573,10286602.929999996,8190.5,-17.97636725485815,20
2017-01-05,10510193.5057981,-3680.8392019014573,10513874.345,8273.7998046875,-16.163494716019123,20
2017-01-06,10489663.272464765,-3680.8392019014573,10493344.111666666,8243.7998046875,-16.327257924982106,20
2017-01-09,10607489.199131433,-3680.8392019014573,10611170.038333334,8236.0498046875,-15.387397596232633,20
2017-01-10,10749054.919131432,-3680.8392019014573,10752735.758333333,8288.599609375,-14.258172408678938,20
2017-01-11,10942761.96913143,-3680.8392019014573,10946442.808333332,8380.650390625,-12.71303224433179,20
2017-01-12,10982896.624131432,-3680.8392019014573,10986577.463333333,8407.2001953125,-12.392890734651473,20
2017-01-13,10926839.329131434,-3680.8392019014573,10930520.168333335,8400.349609375,-12.840042131614847,20
2017-01-16,10925665.919131432,-3680.8392019014573,10929346.758333333,8412.7998046875,-12.849402053828573,20
2017-01-17,10867647.88913143,-3680.8392019014573,10871328.728333332,8398.0,-13.312193616703027,20
2017-01-18,11015288.042464763,-3680.8392019014573,11018968.881666664,8417.0,-12.134514586509216,20
2017-01-19,11029567.289131435,-3680.8392019014573,11033248.128333336,8435.099609375,-12.020613530552327,20
2017-01-20,10823040.550798098,-3680.8392019014573,10826721.389999999,8349.349609375,-13.668012313459066,20
2017-01-23,10996974.712464767,-3680.8392019014573,11000655.551666668,8391.5,-12.280594255400656,20
2017-01-24,11135159.497464765,-3680.8392019014573,11138840.336666666,8475.7998046875,-11.178337722119213,20
2017-01-25,11381276.027464766,-3680.8392019014573,11384956.866666667,8602.75,-9.215143632834621,20
2017-01-27,11428904.609131433,-3680.8392019014573,11432585.448333334,8641.25,-8.835225429010574,20
2017-01-30,11383930.0307981,-3680.8392019014573,11387610.870000001,8632.75,-9.193973483649831,20
2017-01-31,11208140.4857981,-3680.8392019014573,11211821.325000001,8561.2998046875,-10.59619135053601,20
2017-02-01,11464499.507037079,-1438.0358200648916,11465937.542857144,8716.400390625,-8.55129613268475,20
2017-02-02,11504817.012989458,-1438.0358200648916,11506255.048809523,8734.25,-8.229696078513637,20
2017-02-03,11570792.204656124,-1438.0358200648916,11572230.24047619,8740.9501953125,-7.703432741713723,20
2017-02-06,11646462.808227554,-1438.0358200648916,11647900.844047619,8801.0498046875,-7.09983215599107,20
2017-02-07,11634420.565370414,-1438.0358200648916,11635858.60119048,8768.2998046875,-7.195889336704875,20
2017-02-08,11689831.595132316,-1438.0358200648916,11691269.63095238,8769.0498046875,-6.753892994119781,20
2017-02-09,11678099.633227551,-1438.0358200648916,11679537.669047616,8778.400390625,-6.847475161344163,20
2017-02-10,11624988.641560888,-1438.0358200648916,11626426.677380953,8793.5498046875,-7.271124824030517,20
2017-02-13,11625770.49989422,-1438.0358200648916,11627208.535714285,8805.0498046875,-7.264888186212426,20
2017-02-14,11506266.672513269,-1438.0358200648916,11507704.708333334,8792.2998046875,-8.21813260080403,20
2017-02-15,11317397.02846565,-1438.0358200648916,11318835.064285714,8724.7001953125,-9.724686300547692,20
2017-02-16,11508281.579656124,-1438.0358200648916,11509719.61547619,8778.0,-8.202060320761284,20
2017-02-17,11517672.903465651,-1438.0358200648916,11519110.939285716,8821.7001953125,-8.12714868685591,20
2017-02-20,11614229.098703746,-1438.0358200648916,11615667.13452381,8879.2001953125,-7.3569503106020395,20
2017-02-21,11688649.864179933,-1438.0358200648916,11690087.899999999,8907.849609375,-6.763319289951431,20
2017-02-22,11586991.765370412,-1438.0358200648916,11588429.801190477,8926.900390625,-7.574213945059571,20
2017-02-23,11655457.703465652,-1438.0358200648916,11656895.739285717,8939.5,-7.028082708015482,20
2017-02-27,11663485.46894184,-1438.0358200648916,11664923.504761904,8896.7001953125,-6.964047749725544,20
2017-02-28,11691734.364179935,-1438.0358200648916,11693172.4,8879.599609375,-6.738715204364809,20
2017-03-01,11796225.999633737,-2675.4944138797,11798901.494047616,8945.7998046875,-5.905218319362482,20
2017-03-02,11806756.874633737,-2675.4944138797,11809432.369047616,8899.75,-5.821216844309207,20
2017-03-03,12005818.160348024,-2675.4944138797,12008493.654761903,8897.5498046875,-4.233367627031203,20
2017-03-06,12084937.70439564,-2675.4944138797,12087613.19880952,8963.4501953125,-3.6022559287589573,20
2017-03-07,12163505.712728975,-2675.4944138797,12166181.207142856,8946.900390625,-2.9755436572716842,20
2017-03-08,12065979.650824215,-2675.4944138797,12068655.145238094,8924.2998046875,-3.7534783546389394,20
2017-03-09,11932774.891300404,-2675.4944138797,11935450.385714285,8927.0,-4.816010792268055,20
2017-03-10,11905735.091300406,-2675.4944138797,11908410.585714284,8934.5498046875,-5.031698765503478,20
2017-03-14,12144991.117490886,-2675.4944138797,12147666.611904766,9087.0,-3.123228755614793,20
2017-03-15,12200135.455586119,-2675.4944138797,12202810.95,9084.7998046875,-2.683359728507706,20
2017-03-16,12357785.388919452,-2675.4944138797,12360460.883333333,9153.7001953125,-1.4258358340496269,20
2017-03-17,12293087.863919454,-2675.4944138797,12295763.358333334,9160.0498046875,-1.9419076260228763,20
2017-03-20,12260698.297252787,-2675.4944138797,12263373.791666668,9126.849609375,-2.200269004003008,20
2017-03-21,12356803.588919451,-2675.4944138797,12359479.083333332,9121.5,-1.4336673436067482,20
2017-03-22,12365399.255586121,-2675.4944138797,12368074.75,9030.4501953125,-1.3651024162795733,20
2017-03-23,12492231.847252786,-2675.4944138797,12494907.341666665,9086.2998046875,-0.353398755868628,20
2017-03-24,12497099.03058612,-2675.4944138797,12499774.524999999,9108.0,-0.31457476647033245,20
2017-03-27,12397296.638919454,-2675.4944138797,12399972.133333333,9045.2001953125,-1.1106670298240418,20
2017-03-28,12521364.388919454,-2675.4944138797,12524039.883333333,9100.7998046875,-0.12101764109408997,20
2017-03-29,12640731.247252788,-2675.4944138797,12643406.741666667,9143.7998046875,0.0,20
2017-03-30,12671156.38058612,-2675.4944138797,12673831.875,9173.75,0.0,20
2017-03-31,12889970.013919452,-2675.4944138797,12892645.508333333,9173.75,0.0,20
2017-04-03,13087333.43016731,-1138.1698326894548,13088471.6,9237.849609375,0.0,20
2017-04-05,13172899.288500646,-1138.1698326894548,13174037.458333336,9265.150390625,0.0,20
2017-04-06,13052430.813500643,-1138.1698326894548,13053568.983333332,9261.9501953125,-0.9145175436448327,20
2017-04-07,12977412.22183398,-1138.1698326894548,12978550.39166667,9198.2998046875,-1.4840094225674227,20
2017-04-10,13073863.921833975,-1138.1698326894548,13075002.091666665,9181.4501953125,-0.7518114615293836,20
2017-04-11,13098456.105167314,-1138.1698326894548,13099594.275000004,9237.0,-0.565123756759589,20
2017-04-12,12994777.163500644,-1138.1698326894548,12995915.333333334,9203.4501953125,-1.3521861899870036,20
2017-04-13,12936338.955167312,-1138.1698326894548,12937477.125000002,9150.7998046875,-1.7958106879313984,20
2017-04-17,12845233.671833979,-1138.1698326894548,12846371.841666669,9139.2998046875,-2.4874221649345274,20
2017-04-18,12770724.605167309,-1138.1698326894548,12771862.774999999,9105.150390625,-3.053046064691456,20
2017-04-19,12858088.413500646,-1138.1698326894548,12859226.583333336,9103.5,-2.389837408647133,20
2017-04-20,13018477.996833978,-1138.1698326894548,13019616.166666668,9136.400390625,-1.1722650290165837,20
2017-04-21,13049207.221833974,-1138.1698326894548,13050345.391666664,9119.400390625,-0.9389889344606939,20
2017-04-24,13191350.646833979,-1138.1698326894548,13192488.816666668,9217.9501953125,0.0,20
2017-04-25,13490470.33016731,-1138.1698326894548,13491608.5,9306.599609375,0.0,20
2017-04-26,13343972.95516731,-1138.1698326894548,13345111.125,9351.849609375,-1.0859323019480116,20
2017-04-27,13307543.355167309,-1138.1698326894548,13308681.524999999,9342.150390625,-1.3559718121238573,20
2017-04-28,13355700.346833976,-1138.1698326894548,13356838.516666666,9304.0498046875,-0.9990013693737754,20
2017-05-02,13525987.194695624,-1567.2553043792723,13527554.450000003,9313.7998046875,0.0,20
2017-05-03,13538173.119695622,-1567.2553043792723,13539740.375000002,9311.9501953125,0.0,20
2017-05-04,13742582.819695618,-1567.2553043792723,13744150.074999997,9359.900390625,0.0,20
2017-05-05,13522183.36969562,-1567.2553043792723,13523750.625,9285.2998046875,-1.6037702147526756,20
2017-05-08,13645879.319695618,-1567.2553043792723,13647446.574999997,9314.0498046875,-0.7036777676275419,20
2017-05-09,13714606.34469562,-1567.2553043792723,13716173.6,9316.849609375,-0.20357508750030728,20
2017-05-10,13941390.194695618,-1567.2553043792723,13942957.449999997,9407.2998046875,0.0,20
2017-05-11,13986693.719695622,-1567.2553043792723,13988260.975000001,9422.400390625,0.0,20
2017-05-12,13898349.36969562,-1567.2553043792723,13899916.625,9400.900390625,-0.6316314046084903,20
2017-05-15,14110021.994695622,-1567.2553043792723,14111589.250000002,9445.400390625,0.0,20
2017-05-16,14160557.569695622,-1567.2553043792723,14162124.825000001,9512.25,0.0,20
2017-05-17,14146120.644695623,-1567.2553043792723,14147687.900000002,9525.75,-0.1019516705394019,20
2017-05-18,13859852.36969562,-1567.2553043792723,13861419.625,9429.4501953125,-2.123540676417479,20
2017-05-19,13707623.569695622,-1567.2553043792723,13709190.825000001,9427.900390625,-3.1985604929095746,20
2017-05-22,13431337.894695621,-1567.2553043792723,13432905.15,9438.25,-5.1496536870876515,20
2017-05-23,13095135.494695624,-1567.2553043792723,13096702.750000004,9386.150390625,-7.523870933444455,20
2017-05-24,12864574.64469562,-1567.2553043792723,12866141.899999999,9360.5498046875,-9.152061411575186,20
2017-05-25,13192429.219695618,-1567.2553043792723,13193996.474999998,9509.75,-6.836795410315277,20
2017-05-26,13531450.919695621,-1567.2553043792723,13533018.175,9595.099609375,-4.442668637189284,20
2017-05-29,13316082.69469562,-1567.2553043792723,13317649.95,9604.900390625,-5.9635707905119855,20
2017-05-30,13333059.969695618,-1567.2553043792723,13334627.224999998,9624.5498046875,-5.843679501511256,20
2017-05-31,13473853.16969562,-1567.2553043792723,13475420.424999999,9621.25,-4.8494163921171225,20
2017-06-01,13659775.109011209,-780.3354788437719,13660555.444490053,9616.099609375,-3.5364600455854545,20
2017-06-02,13797815.671242652,-780.3354788437719,13798596.006721497,9653.5,-2.5616357030266768,20
2017-06-05,13904490.498436866,-780.3354788437719,13905270.83391571,9675.099609375,-1.808312066798512,20
2017-06-06,13828063.36189054,-780.3354788437719,13828843.697369384,9637.150390625,-2.348030479510488,20
2017-06-07,14022254.883071266,-780.3354788437719,14023035.21855011,9663.900390625,-0.9766754306365089,20
2017-06-08,13968240.40091642,-780.3354788437719,13969020.736395264,9647.25,-1.3581186180886773,20
2017-06-09,14034146.640113197,-780.3354788437719,14034926.975592041,9668.25,-0.8926974023462986,20
2017-06-12,13938629.742455423,-780.3354788437719,13939410.077934267,9616.400390625,-1.5672252038658185,20
2017-06-13,14025790.537781652,-780.3354788437719,14026570.873260496,9606.900390625,-0.9517071008727673,20
2017-06-14,14051372.24442228,-780.3354788437719,14052152.579901123,9618.150390625,-0.7710524443402256,20
2017-06-15,14085802.526235329,-780.3354788437719,14086582.861714173,9578.0498046875,-0.5279103106806571,20
2017-06-16,13944739.980285011,-780.3354788437719,13945520.315763855,9588.0498046875,-1.5240755058435806,20
2017-06-19,14026312.9427667,-780.3354788437719,14027093.278245544,9657.5498046875,-0.9480179453965287,20
2017-06-20,14063725.539916359,-780.3354788437719,14064505.875395203,9653.5,-0.6838150920447372,20
2017-06-21,14019823.914376196,-780.3354788437719,14020604.24985504,9633.599609375,-0.9938426126708699,20
2017-06-22,13966154.91354917,-780.3354788437719,13966935.249028014,9630.0,-1.37284605630561,20
2017-06-23,13739392.343480812,-780.3354788437719,13740172.678959657,9574.9501953125,-2.9742135798107694,20
2017-06-27,13382493.01531614,-780.3354788437719,13383273.350794984,9511.400390625,-5.494589817879647,20
2017-06-28,13454424.663691077,-780.3354788437719,13455204.999169922,9491.25,-4.986617952923744,20
2017-06-29,13673435.858156716,-780.3354788437719,13674216.19363556,9504.099609375,-3.4399896271130825,20
2017-06-30,13749255.908637367,-780.3354788437719,13750036.244116211,9520.900390625,-2.9045583765604177,20
2017-07-03,13896074.657589106,56235.855543817044,13839838.80204529,9615.0,-1.8677436308900952,20
2017-07-04,13862773.233254086,56235.855543817044,13806537.37771027,9613.2998046875,-2.1029139211213743,20
2017-07-05,14097899.981861563,56235.855543817044,14041664.126317747,9637.599609375,-0.44247966597127375,20
2017-07-06,14118153.976417229,56235.855543817044,14061918.120873412,9674.5498046875,-0.2994486133027663,20
2017-07-07,14102060.443160396,56235.855543817044,14045824.58761658,9665.7998046875,-0.4130990340409535,20
2017-07-10,14126762.783184199,56235.855543817044,14070526.927640382,9771.0498046875,-0.23865434920264939,20
2017-07-11,14066280.990021054,56235.855543817044,14010045.134477237,9786.0498046875,-0.6657688386248695,20
2017-07-12,14134986.764425043,56235.855543817044,14078750.908881227,9816.099609375,-0.18057767248729206,20
2017-07-13,14140647.828300776,56235.855543817044,14084411.97275696,9891.7001953125,-0.14059998200532942,20
2017-07-14,14123814.319785455,56235.855543817044,14067578.464241639,9886.349609375,-0.25947601095029915,20
2017-07-17,14164400.701692803,56235.855543817044,14108164.846148986,9915.9501953125,0.0,20
2017-07-18,13994599.94014068,56235.855543817044,13938364.084596863,9827.150390625,-1.1987853572359763,20
2017-07-19,14114695.260000909,56235.855543817044,14058459.404457092,9899.599609375,-0.3509180708644699,20
2017-07-20,14136038.098895868,56235.855543817044,14079802.243352052,9873.2998046875,-0.20023863624208937,20
2017-07-21,14098101.031449577,56235.855543817044,14041865.17590576,9915.25,-0.46807254072741555,20
2017-07-24,14224265.036735531,56235.855543817044,14168029.181191714,9966.400390625,0.0,20
2017-07-25,14403335.314431759,56235.855543817044,14347099.458887942,9964.5498046875,0.0,20
2017-07-26,14363858.06043731,56235.855543817044,14307622.204893494,10020.650390625,-0.27408411407942035,20
2017-07-27,14228438.714669794,56235.855543817044,14172202.859125977,10020.5498046875,-1.2142784705339915,20
2017-07-28,14244342.579393307,56235.855543817044,14188106.72384949,10014.5,-1.1038605404065316,20
2017-07-31,14245936.765469965,56235.855543817044,14189700.909926148,10077.099609375,-1.0927923673628936,20
2017-08-01,14210983.22734318,-2467.2079226317583,14213450.435265811,10114.650390625,-1.3354690624736598,20
2017-08-02,14372722.048389623,-2467.2079226317583,14375189.256312255,10081.5,-0.2125428963072329,20
2017-08-03,14367823.181916842,-2467.2079226317583,14370290.389839474,10013.650390625,-0.2465549245342813,20
2017-08-04,14268246.068189733,-2467.2079226317583,14270713.276112365,10066.400390625,-0.9379025294694809,20
2017-08-07,14476189.407879675,-2467.2079226317583,14478656.615802307,10057.400390625,0.0,20
2017-08-08,14318008.26484806,-2467.2079226317583,14320475.472770693,9978.5498046875,-1.0926987660545007,20
2017-08-09,14172208.375467565,-2467.2079226317583,14174675.583390197,9908.0498046875,-2.0998691288651394,20
2017-08-10,13528786.422040746,-2467.2079226317583,13531253.629963377,9820.25,-6.54456058251931,20
2017-08-11,13618896.709392129,-2467.2079226317583,13621363.91731476,9710.7998046875,-5.922088156852279,20
2017-08-14,13969188.12588291,-2467.2079226317583,13971655.333805542,9794.150390625,-3.5023117459405007,20
2017-08-16,14294572.393619725,-2467.2079226317583,14297039.601542357,9897.2998046875,-1.254591309513342,20
2017-08-17,14430249.641776465,-2467.2079226317583,14432716.849699097,9904.150390625,-0.3173470918956367,20
2017-08-18,14359352.950196266,-2467.2079226317583,14361820.158118898,9837.400390625,-0.8070940106642444,20
2017-08-21,14130912.560499914,-2467.2079226317583,14133379.768422546,9754.349609375,-2.385136292785861,20
2017-08-22,14009539.606271397,-2467.2079226317583,14012006.81419403,9765.5498046875,-3.223567946370409,20
2017-08-23,14305268.88113529,-2467.2079226317583,14307736.089057922,9852.5,-1.180701094248937,20
2017-08-24,14317292.846267737,-2467.2079226317583,14319760.05419037,9857.0498046875,-1.0976408026648676,20
2017-08-28,14441401.066220434,-2467.2079226317583,14443868.274143066,9912.7998046875,-0.24031421998599312,20
2017-08-29,14292969.955473365,-2467.2079226317583,14295437.163395997,9796.0498046875,-1.265660784367606,20
2017-08-30,14576714.778905371,-2467.2079226317583,14579181.986828003,9884.400390625,0.0,20
2017-08-31,14797484.754535254,-2467.2079226317583,14799951.962457886,9917.900390625,0.0,20
2017-09-01,15091851.91074637,-1976.3959729912458,15093828.30671936,9974.400390625,0.0,20
2017-09-04,14995427.249204623,-1976.3959729912458,14997403.645177614,9912.849609375,-0.6389186834856675,20
2017-09-05,15223487.318185333,-1976.3959729912458,15225463.714158325,9952.2001953125,0.0,20
2017-09-06,15313902.156038119,-1976.3959729912458,15315878.55201111,9916.2001953125,0.0,20
2017-09-07,15494798.071015535,-1976.3959729912458,15496774.466988526,9929.900390625,0.0,20
2017-09-08,15443923.191298125,-1976.3959729912458,15445899.587271117,9934.7998046875,-0.32833522246782376,20
2017-09-11,15625764.555447906,-1976.3959729912458,15627740.951420898,10006.0498046875,0.0,20
2017-09-12,15702149.080278229,-1976.3959729912458,15704125.47625122,10093.0498046875,0.0,20
2017-09-13,15621293.799699007,-1976.3959729912458,15623270.195671998,10079.2998046875,-0.5149313012240864,20
2017-09-14,15740514.735461945,-1976.3959729912458,15742491.131434936,10086.599609375,0.0,20
2017-09-15,15962218.130500397,-1976.3959729912458,15964194.526473388,10085.400390625,0.0,20
2017-09-18,16221654.934557404,-1976.3959729912458,16223631.330530396,10153.099609375,0.0,20
2017-09-19,16589881.012042146,-1976.3959729912458,16591857.408015138,10147.5498046875,0.0,20
2017-09-20,16548027.647920439,-1976.3959729912458,16550004.04389343,10141.150390625,-0.25228248527717767,20
2017-09-21,16553120.105284335,-1976.3959729912458,16555096.501257326,10121.900390625,-0.22158631958316688,20
2017-09-22,15949907.791681428,-1976.3959729912458,15951884.187654419,9964.400390625,-3.857611877361744,20
2017-09-25,15573263.659346838,-1976.3959729912458,15575240.055319829,9872.599609375,-6.127936372523546,20
2017-09-26,15845096.449774079,-1976.3959729912458,15847072.84574707,9871.5,-4.4893906214725,20
2017-09-27,15479216.352513336,-1976.3959729912458,15481192.748486327,9735.75,-6.694831980546512,20
2017-09-28,15632299.37099356,-1976.3959729912458,15634275.766966552,9768.9501953125,-5.772082634911624,20
2017-09-29,15905917.043239657,-1976.3959729912458,15907893.439212648,9788.599609375,-4.122778025387996,20
2017-10-03,16184007.360773321,2364492.6506628487,13819514.710110473,9859.5,-2.4465133352928325,16
2017-10-04,16519563.581760263,2364492.6506628487,14155070.931097414,9914.900390625,-0.4238573515436439,16
2017-10-05,16758533.437949227,2364492.6506628487,14394040.787286378,9888.7001953125,0.0,16
2017-10-06,16840908.01615662,2364492.6506628487,14476415.365493773,9979.7001953125,0.0,16
2017-10-09,16959877.415967412,2364492.6506628487,14595384.765304564,9988.75,0.0,16
2017-10-10,17291727.28238587,2364492.6506628487,14927234.631723022,10016.9501953125,0.0,16
2017-10-11,17095161.13823304,2364492.6506628487,14730668.48757019,9984.7998046875,-1.1367640776584698,16
2017-10-12,17413447.19637513,2364492.6506628487,15048954.545712283,10096.400390625,0.0,16
2017-10-13,17508000.653592538,2364492.6506628487,15143508.00292969,10167.4501953125,0.0,16
2017-10-16,17506705.777026985,2364492.6506628487,15142213.126364136,10230.849609375,-0.0073959133951029266,16
2017-10-17,17872565.8755774,2364492.6506628487,15508073.224914553,10234.4501953125,0.0,16
2017-10-18,17946410.17424378,2364492.6506628487,15581917.523580933,10210.849609375,0.0,16
2017-10-19,18026402.658264775,2364492.6506628487,15661910.007601926,10146.5498046875,0.0,16
2017-10-23,18274620.538434453,2364492.6506628487,15910127.887771605,10184.849609375,0.0,16
2017-10-24,18263381.706983037,2364492.6506628487,15898889.056320189,10207.7001953125,-0.061499670692366504,16
2017-10-25,17977682.335413218,2364492.6506628487,15613189.684750369,10295.349609375,-1.624866586951712,16
2017-10-26,18227463.02178712,2364492.6506628487,15862970.37112427,10343.7998046875,-0.2580492248698385,16
2017-10-27,18184910.08090882,2364492.6506628487,15820417.430245971,10323.0498046875,-0.4909018895191686,16
2017-10-30,18436076.814084478,2364492.6506628487,16071584.163421629,10363.650390625,0.0,16
2017-10-31,18552884.758350227,2364492.6506628487,16188392.107687378,10335.2998046875,0.0,16
2017-11-01,18658342.358726483,-3722.4209305001423,18662064.779656984,10440.5,0.0,20
2017-11-02,18846183.960755903,-3722.4209305001423,18849906.381686404,10423.7998046875,0.0,20
2017-11-03,19009093.773005657,-3722.4209305001423,19012816.193936158,10452.5,0.0,20
2017-11-06,19126250.267277513,-3722.4209305001423,19129972.688208014,10451.7998046875,0.0,20
2017-11-07,18957773.262882978,-3722.4209305001423,18961495.68381348,10350.150390625,-0.8808679277964693,20
2017-11-08,18813935.1547592,-3722.4209305001423,18817657.5756897,10303.150390625,-1.632913446984663,20
2017-11-09,19266332.561128214,-3722.4209305001423,19270054.982058715,10308.9501953125,0.0,20
2017-11-10,19330089.800715618,-3722.4209305001423,19333812.22164612,10321.75,0.0,20
2017-11-13,19257659.655937172,-3722.4209305001423,19261382.076867674,10224.9501953125,-0.37470154316491255,20
2017-11-14,19173087.319258094,-3722.4209305001423,19176809.740188595,10186.599609375,-0.8122180655969369,20
2017-11-15,18700091.878086835,-3722.4209305001423,18703814.299017336,10118.0498046875,-3.259156729864021,20
2017-11-16,18609162.44670561,-3722.4209305001423,18612884.86763611,10214.75,-3.7295602940412564,20
2017-11-17,18770296.596928388,-3722.4209305001423,18774019.01785889,10283.599609375,-2.8959679419932383,20
2017-11-20,18923939.04219511,-3722.4209305001423,18927661.463125613,10298.75,-2.101132290163854,20
2017-11-21,18877665.494544968,-3722.4209305001423,18881387.91547547,10326.900390625,-2.3405183878343894,20
2017-11-22,18971369.578349285,-3722.4209305001423,18975091.999279786,10342.2998046875,-1.8557607650278585,20
2017-11-23,19125901.17697294,-3722.4209305001423,19129623.59790344,10348.75,-1.0563252724005379,20
2017-11-24,19206199.34095304,-3722.4209305001423,19209921.761883542,10389.7001953125,-0.6409202494133792,20
2017-11-27,19443648.87113188,-3722.4209305001423,19447371.29206238,10399.5498046875,0.0,20
2017-11-28,19496985.732402023,-3722.4209305001423,19500708.153332524,10370.25,0.0,20
2017-11-29,19271613.79658964,-3722.4209305001423,19275336.21752014,10361.2998046875,-1.155932198472287,20
2017-11-30,19551709.011643965,-3722.4209305001423,19555431.432574466,10226.5498046875,0.0,20
2017-12-01,19266960.783206824,1942541.708243451,17324419.074963372,10121.7998046875,-1.4563853638961177,17
2017-12-04,19037279.410489544,1942541.708243451,17094737.702246092,10127.75,-2.631123452420725,17
2017-12-05,18969930.355249677,1942541.708243451,17027388.647006225,10118.25,-2.975589786283195,17
2017-12-06,18893271.33752507,1942541.708243451,16950729.629281618,10044.099609375,-3.3676732490585115,17
2017-12-07,19254847.635419354,1942541.708243451,17312305.9271759,10166.7001953125,-1.5183397832272183,17
2017-12-08,19672808.494101603,1942541.708243451,17730266.78585815,10265.650390625,0.0,17
2017-12-11,19581910.64570683,1942541.708243451,17639368.937463377,10322.25,-0.4620481535314469,17
2017-12-12,19449419.484558757,1942541.708243451,17506877.776315305,10240.150390625,-1.1355217004721196,17
2017-12-13,19351404.579212077,1942541.708243451,17408862.870968625,10192.9501953125,-1.6337469811994132,17
2017-12-14,19339281.54596928,1942541.708243451,17396739.83772583,10252.099609375,-1.69537027838359,17
2017-12-15,19808039.55224675,1942541.708243451,17865497.844003297,10333.25,0.0,17
2017-12-18,19844828.086371504,1942541.708243451,17902286.37812805,10388.75,0.0,17
2017-12-19,20201471.683081713,1942541.708243451,18258929.97483826,10463.2001953125,0.0,17
2017-12-20,20342907.348477826,1942541.708243451,18400365.640234374,10444.2001953125,0.0,17
2017-12-21,20539257.31942204,1942541.708243451,18596715.611178588,10440.2998046875,0.0,17
2017-12-22,20750588.4532935,1942541.708243451,18808046.745050047,10493.0,0.0,17
2017-12-26,20903792.558478437,1942541.708243451,18961250.850234985,10531.5,0.0,17
2017-12-27,20719087.086139567,1942541.708243451,18776545.377896115,10490.75,-0.8835979013002371,17
2017-12-28,20635165.385382738,1942541.708243451,18692623.677139286,10477.900390625,-1.2850642884261965,17
2017-12-29,20756614.664652146,1942541.708243451,18814072.956408694,10530.7001953125,-0.704072686401569,17
2018-01-01,20141023.190187782,-7869.936825426295,20148893.127013206,11093.600240070982,-3.6489520557420607,20
2018-01-02,20757050.018927135,-7869.936825426295,20764919.95575256,10442.2001953125,-0.7019900295163639,20
2018-01-03,21127471.03679823,-7869.936825426295,21135340.973623656,10443.2001953125,0.0,20
2018-01-04,21610712.560815565,-7869.936825426295,21618582.49764099,10504.7998046875,0.0,20
2018-01-05,21670284.218112316,-7869.936825426295,21678154.154937744,10558.849609375,0.0,20
2018-01-08,22161888.318127576,-7869.936825426295,22169758.254953004,10623.599609375,0.0,20
2018-01-09,22042131.62071547,-7869.936825426295,22050001.557540894,10637.0,-0.540372262927391,20
2018-01-10,22187635.847293228,-7869.936825426295,22195505.784118652,10632.2001953125,0.0,20
2018-01-11,22239515.95122084,-7869.936825426295,22247385.888046265,10651.2001953125,0.0,20
2018-01-12,22086048.38858046,-7869.936825426295,22093918.32540589,10681.25,-0.6900670094483585,20
2018-01-15,22064455.412576426,-7869.936825426295,22072325.349401854,10741.5498046875,-0.7871598420954196,20
2018-01-16,21516143.903387584,-7869.936825426295,21524013.84021301,10700.4501953125,-3.2526429505923993,20
2018-01-17,21825925.48677687,-7869.936825426295,21833795.423602298,10788.5498046875,-1.8597098306955995,20
2018-01-18,21353654.323550552,-7869.936825426295,21361524.260375977,10817.0,-3.9832774670694127,20
2018-01-19,21621483.026306286,-7869.936825426295,21629352.96313171,10894.7001953125,-2.7789855061149726,20
2018-01-22,21738429.749572888,-7869.936825426295,21746299.686398312,10966.2001953125,-2.2531344780480467,20
2018-01-23,22052674.64264234,-7869.936825426295,22060544.579467766,11083.7001953125,-0.8401320828578696,20
2018-01-24,21614925.637912124,-7869.936825426295,21622795.57473755,11086.0,-2.808470807901864,20
2018-01-25,21389642.731607188,-7869.936825426295,21397512.668432616,11069.650390625,-3.8214555635011416,20
2018-01-29,20900073.032132093,-7869.936825426295,20907942.96895752,11130.400390625,-6.022806080971465,20
2018-01-30,20551256.132592913,-7869.936825426295,20559126.06941834,11049.650390625,-7.5912615289419065,20
2018-01-31,20433313.50407118,-7869.936825426295,20441183.440896608,11027.7001953125,-8.12159064572855,20
2018-02-01,20399274.47873376,-5607.973403489334,20404882.45213725,11016.900390625,-8.274647148451365,20
2018-02-02,19317855.509796586,-5607.973403489334,19323463.483200077,10760.599609375,-13.137248345838525,20
2018-02-05,19254030.324917026,-5607.973403489334,19259638.298320517,10666.5498046875,-13.424238337075522,20
2018-02-06,18743803.97777754,-5607.973403489334,18749411.95118103,10498.25,-15.718471486117947,20
2018-02-07,19042817.87832177,-5607.973403489334,19048425.85172526,10476.7001953125,-14.373955260134997,20
2018-02-08,19516502.195179682,-5607.973403489334,19522110.168583173,10576.849609375,-12.24403337740666,20
2018-02-09,19600676.55200138,-5607.973403489334,19606284.52540487,10454.9501953125,-11.865543319411142,20
2018-02-12,20150030.045399405,-5607.973403489334,20155638.018802896,10539.75,-9.395374928143308,20
2018-02-14,20224018.30947208,-5607.973403489334,20229626.28287557,10500.900390625,-9.062686643762675,20
2018-02-15,19928832.428921953,-5607.973403489334,19934440.402325444,10545.5,-10.389990174997676,20
2018-02-16,19507341.364460684,-5607.973403489334,19512949.337864175,10452.2998046875,-12.285225059541693,20
2018-02-19,19145663.549815305,-5607.973403489334,19151271.523218796,10378.400390625,-13.911509621843631,20
2018-02-20,19175437.596891716,-5607.973403489334,19181045.570295207,10360.400390625,-13.777630597040591,20
2018-02-21,19254944.000729814,-5607.973403489334,19260551.974133305,10397.4501953125,-13.420129993104402,20
2018-02-22,19254282.251564976,-5607.973403489334,19259890.224968467,10382.7001953125,-13.423105548715819,20
2018-02-23,19710000.531404044,-5607.973403489334,19715608.504807536,10491.0498046875,-11.373967964792586,20
2018-02-26,20025959.69660892,-5607.973403489334,20031567.67001241,10582.599609375,-9.953257343671673,20
2018-02-27,19722438.66212406,-5607.973403489334,19728046.63552755,10554.2998046875,-11.31803990076774,20
2018-02-28,19608499.67807356,-5607.973403489334,19614107.65147705,10492.849609375,-11.830366627214527,20
2018-03-01,19539663.515677653,6144831.814568851,13394831.701108802,10458.349609375,-12.139888482577243,13
2018-03-05,19368371.681947596,6144831.814568851,13223539.867378745,10358.849609375,-12.91010234022486,13
2018-03-06,19173163.93908362,6144831.814568851,13028332.12451477,10249.25,-13.787854101064156,13
2018-03-07,18952487.21641923,6144831.814568851,12807655.40185038,10154.2001953125,-14.780127148501032,13
2018-03-08,19054480.44092281,6144831.814568851,12909648.62635396,10242.650390625,-14.321514538733416,13
2018-03-09,18914187.097176883,6144831.814568851,12769355.282608032,10226.849609375,-14.952343663133604,13
2018-03-12,18960304.64226457,6144831.814568851,12815472.82769572,10421.400390625,-14.744976087378635,13
2018-03-13,19107498.10170671,6144831.814568851,12962666.287137859,10426.849609375,-14.08312058762321,13
2018-03-14,18920627.78113074,6144831.814568851,12775795.966561887,10410.900390625,-14.923383122949275,13
2018-03-15,18858565.052201092,6144831.814568851,12713733.237632241,10360.150390625,-15.202448229697874,13
2018-03-16,18675476.84403967,6144831.814568851,12530645.02947082,10195.150390625,-16.025704493741554,13
2018-03-19,18413174.122056846,6144831.814568851,12268342.307487994,10094.25,-17.205148878044476,13
2018-03-20,18487725.575346645,6144831.814568851,12342893.760777794,10124.349609375,-16.869928212930553,13
2018-03-21,18683706.480154183,6144831.814568851,12538874.665585332,10155.25,-15.988699928837525,13
2018-03-22,18573580.555140954,6144831.814568851,12428748.740572102,10114.75,-16.483881232489882,13
2018-03-23,18343963.602926396,6144831.814568851,12199131.788357545,9998.0498046875,-17.516354028742242,13
2018-03-26,18426309.290859748,6144831.814568851,12281477.476290897,10130.650390625,-17.14608658176199,13
2018-03-27,18562414.82612993,6144831.814568851,12417583.011561077,10184.150390625,-16.534087941284792,13
2018-03-28,18357028.893210616,6144831.814568851,12212197.078641765,10113.7001953125,-17.457605941270927,13
2018-04-02,18790614.696293425,11551701.636277555,7238913.06001587,10211.7998046875,-15.507987055528016,7
2018-04-03,18857996.46013213,11551701.636277555,7306294.823854575,10245.0,-15.205004904358454,7
2018-04-04,18745010.879244268,11551701.636277555,7193309.242966713,10128.400390625,-15.713044652775999,7
2018-04-05,18996832.85576913,11551701.636277555,7445131.219491577,10325.150390625,-14.580726948212652,7
2018-04-06,19043699.465721935,11551701.636277555,7491997.8294443805,10331.599609375,-14.369991201735088,7
2018-04-09,19017505.60589934,11551701.636277555,7465803.969621787,10379.349609375,-14.487771911891034,7
2018-04-10,19027191.42003712,11551701.636277555,7475489.783759566,10402.25,-14.44421964142335,7
2018-04-11,19076524.13896819,11551701.636277555,7524822.502690634,10417.150390625,-14.22239503409254,7
2018-04-12,19041008.55595427,11551701.636277555,7489306.9196767155,10458.650390625,-14.382090879504904,7
2018-04-13,19009435.189938646,11551701.636277555,7457733.553661091,10480.599609375,-14.524060543255125,7
2018-04-16,19034966.85173369,11551701.636277555,7483265.215456134,10528.349609375,-14.409257407022103,7
2018-04-17,19080343.23618702,11551701.636277555,7528641.599909464,10548.7001953125,-14.205222460610244,7
2018-04-18,19172591.996782724,11551701.636277555,7620890.360505169,10526.2001953125,-13.790425840045128,7
2018-04-19,19359187.834893074,11551701.636277555,7807486.198615519,10565.2998046875,-12.951397515329688,7
2018-04-20,19454369.358968392,11551701.636277555,7902667.722690837,10564.0498046875,-12.523413721599264,7
2018-04-23,19459063.576929003,11551701.636277555,7907361.940651448,10584.7001953125,-12.50230616705128,7
2018-04-24,19422371.59464853,11551701.636277555,7870669.958370974,10614.349609375,-12.667291692639848,7
2018-04-25,19331615.050391935,11551701.636277555,7779913.41411438,10570.5498046875,-13.075378561327344,7
2018-04-26,19321876.32869597,11551701.636277555,7770174.692418417,10617.7998046875,-13.119168730669717,7
2018-04-27,19371246.43224618,11551701.636277555,7819544.795968624,10692.2998046875,-12.89717602337117,7
2018-04-30,19384435.566439096,11551701.636277555,7832733.930161541,10739.349609375,-12.83787107167238,7
2018-05-02,19301716.865399256,-6436.812238482293,19308153.677637737,10718.0498046875,-13.209815772363132,20
2018-05-03,19043161.428447552,-6436.812238482293,19049598.240686033,10679.650390625,-14.37241048673914,20
2018-05-04,19043918.70451872,-6436.812238482293,19050355.5167572,10618.25,-14.369005394322432,20
2018-05-07,19169322.09119678,-6436.812238482293,19175758.90343526,10715.5,-13.805128972942072,20
2018-05-08,19292640.417588383,-6436.812238482293,19299077.229826864,10717.7998046875,-13.250628026689082,20
2018-05-09,19274469.15574858,-6436.812238482293,19280905.96798706,10741.7001953125,-13.332335119054129,20
2018-05-10,18918845.713366784,-6436.812238482293,18925282.525605265,10716.5498046875,-14.931396191974077,20
2018-05-11,18895837.630094487,-6436.812238482293,18902274.442332968,10806.5,-15.034852055504388,20
2018-05-14,18676302.64307565,-6436.812238482293,18682739.45531413,10806.599609375,-16.02199128776267,20
2018-05-15,18630390.332489092,-6436.812238482293,18636827.144727573,10801.849609375,-16.228436026430803,20
2018-05-16,18601346.71005766,-6436.812238482293,18607783.52229614,10741.099609375,-16.359030696274946,20
2018-05-17,18802116.45547799,-6436.812238482293,18808553.26771647,10682.7001953125,-15.456269386808097,20
2018-05-18,18450852.267747078,-6436.812238482293,18457289.07998556,10596.400390625,-17.035729067951156,20
2018-05-21,18051531.33564665,-6436.812238482293,18057968.147885133,10516.7001953125,-18.83127593586087,20
2018-05-22,18368496.468520187,-6436.812238482293,18374933.280758668,10536.7001953125,-17.406041980370325,20
2018-05-23,18461580.534842003,-6436.812238482293,18468017.347080484,10430.349609375,-16.987489406987056,20
2018-05-24,18486119.56956897,-6436.812238482293,18492556.38180745,10513.849609375,-16.87714961910324,20
2018-05-25,18821336.68700367,-6436.812238482293,18827773.49924215,10605.150390625,-15.369845601471066,20
2018-05-28,18938368.971348144,-6436.812238482293,18944805.783586625,10688.650390625,-14.843609847953909,20
2018-05-29,18957430.500321534,-6436.812238482293,18963867.312560014,10633.2998046875,-14.757899668761166,20
2018-05-30,18779398.97399504,-6436.812238482293,18785835.786233522,10614.349609375,-15.558418559176667,20
2018-05-31,18491677.396630943,-6436.812238482293,18498114.208869424,10736.150390625,-16.85215884558926,20
2018-06-01,18008633.565424997,-4741.581294364878,18013375.146719363,10696.2001953125,-19.024165791538227,20
2018-06-04,17551657.606779367,-4741.581294364878,17556399.188073732,10628.5,-21.078958529149705,20
2018-06-05,17035036.251920965,-4741.581294364878,17039777.83321533,10593.150390625,-23.40194683515212,20
2018-06-06,17443573.313410833,-4741.581294364878,17448314.8947052,10684.650390625,-21.564959634594626,20
2018-06-07,17858972.316880688,-4741.581294364878,17863713.898175053,10768.349609375,-19.697117706825274,20
2018-06-08,18036857.51456745,-4741.581294364878,18041599.095861815,10767.650390625,-18.89725678324705,20
2018-06-11,18071389.240516547,-4741.581294364878,18076130.821810912,10786.9501953125,-18.74198485185773,20
2018-06-12,18295027.365827825,-4741.581294364878,18299768.94712219,10842.849609375,-17.73639585521861,20
2018-06-13,18114909.109269597,-4741.581294364878,18119650.690563962,10856.7001953125,-18.54629772967169,20
2018-06-14,18183899.129289128,-4741.581294364878,18188640.710583493,10808.0498046875,-18.236084053390012,20
2018-06-15,18213502.052259717,-4741.581294364878,18218243.633554082,10817.7001953125,-18.102974488255963,20
2018-06-18,18080171.408149604,-4741.581294364878,18084912.98944397,10799.849609375,-18.702495828569997,20
2018-06-19,17783829.27800129,-4741.581294364878,17788570.859295655,10710.4501953125,-20.03499843698242,20
2018-06-20,17783820.712303046,-4741.581294364878,17788562.29359741,10772.0498046875,-20.03503695265093,20
2018-06-21,17697866.531620678,-4741.581294364878,17702608.112915043,10741.099609375,-20.421529989958476,20
2018-06-22,17753372.22748249,-4741.581294364878,17758113.808776855,10821.849609375,-20.17194858727167,20
2018-06-25,17632300.14470356,-4741.581294364878,17637041.725997925,10762.4501953125,-20.716349297451174,20
2018-06-26,17547208.926167183,-4741.581294364878,17551950.507461548,10769.150390625,-21.098962024828026,20
2018-06-27,17441202.424848825,-4741.581294364878,17445944.00614319,10671.400390625,-21.575620336775415,20
2018-06-28,17242602.662510566,-4741.581294364878,17247344.24380493,10589.099609375,-22.46862431570129,20
2018-06-29,17599463.895371895,-4741.581294364878,17604205.47666626,10714.2998046875,-20.863997516970368,20
2018-07-02,17522727.538095146,1482849.6415436352,16039877.896551512,10657.2998046875,-21.209042604485127,18
2018-07-03,17649952.004769955,1482849.6415436352,16167102.36322632,10699.900390625,-20.63697769554621,18
2018-07-04,17681129.196411192,1482849.6415436352,16198279.554867558,10769.900390625,-20.496789430164796,18
2018-07-05,17527851.324411064,1482849.6415436352,16045001.68286743,10749.75,-21.18600349550831,18
2018-07-06,17459822.382803403,1482849.6415436352,15976972.741259769,10772.650390625,-21.491895681996876,18
2018-07-09,17699738.72561651,1482849.6415436352,16216889.084072877,10852.900390625,-20.41311166826505,18
2018-07-10,17807687.596896425,1482849.6415436352,16324837.95535279,10947.25,-19.927719488342234,18
2018-07-11,17795365.496225033,1482849.6415436352,16312515.854681399,10948.2998046875,-19.983125823167235,18
2018-07-12,17804337.710781917,1482849.6415436352,16321488.069238283,11023.2001953125,-19.942782253745296,18
2018-07-13,17718186.870208796,1482849.6415436352,16235337.228665162,11018.900390625,-20.330159572397733,18
2018-07-16,17510542.833139095,1482849.6415436352,16027693.191595461,10936.849609375,-21.263831139374002,18
2018-07-17,17546467.19078375,1482849.6415436352,16063617.549240116,11008.0498046875,-21.102297238530788,18
2018-07-18,17506962.375961363,1482849.6415436352,16024112.73441773,10980.4501953125,-21.27993066773417,18
2018-07-19,17305463.406396538,1482849.6415436352,15822613.764852904,10957.099609375,-22.1859709341086,18
2018-07-20,17525439.426049862,1482849.6415436352,16042589.784506228,11010.2001953125,-21.196848598281647,18
2018-07-23,17519336.784320123,1482849.6415436352,16036487.14277649,11084.75,-21.224289131354055,18
2018-07-24,17871921.940606743,1482849.6415436352,16389072.299063109,11134.2998046875,-19.6388897141187,18
2018-07-25,17957311.12202154,1482849.6415436352,16474461.480477907,11132.0,-19.254937196437616,18
2018-07-26,17954054.926385555,1482849.6415436352,16471205.284841921,11167.2998046875,-19.269578682534384,18
2018-07-27,18049908.551818904,1482849.6415436352,16567058.91027527,11278.349609375,-18.83857278454816,18
2018-07-30,18094230.328726254,1482849.6415436352,16611380.68718262,11319.5498046875,-18.639279881750436,18
2018-07-31,18286947.150036678,1482849.6415436352,16804097.508493043,11356.5,-17.772728551527607,18
2018-08-01,18437146.87116787,6627.510328025324,18430519.360839844,11346.2001953125,-17.09735539385353,20
2018-08-02,18332638.26814968,6627.510328025324,18326010.757821657,11244.7001953125,-17.567278404981156,20
2018-08-03,18676354.024982568,6627.510328025324,18669726.514654543,11360.7998046875,-16.021760248980023,20
2018-08-06,18599978.948624533,6627.510328025324,18593351.438296508,11387.099609375,-16.365180836575334,20
2018-08-07,18780312.286319844,6627.510328025324,18773684.77599182,11389.4501953125,-15.554311849629542,20
2018-08-08,18921140.172312275,6627.510328025324,18914512.66198425,11450.0,-14.921079155620752,20
2018-08-09,18995373.683176536,6627.510328025324,18988746.17284851,11470.7001953125,-14.58728811885951,20
2018-08-10,18876818.5413522,6627.510328025324,18870191.031024177,11429.5,-15.120371402166432,20
2018-08-13,18883693.519977678,6627.510328025324,18877066.009649653,11355.75,-15.089458055668448,20
2018-08-14,19097543.643949244,6627.510328025324,19090916.13362122,11435.099609375,-14.127880814326431,20
2018-08-16,19147063.459443014,6627.510328025324,19140435.94911499,11385.0498046875,-13.905214927162412,20
2018-08-17,19302053.97820522,6627.510328025324,19295426.467877194,11470.75,-13.20829994438062,20
2018-08-20,19309497.69627773,6627.510328025324,19302870.185949706,11551.75,-13.174829260536425,20
2018-08-21,19529668.289240383,6627.510328025324,19523040.778912358,11570.900390625,-12.184832025679505,20
2018-08-23,19597371.32904751,6627.510328025324,19590743.818719484,11582.75,-11.880405256879211,20
2018-08-24,19541301.83167202,6627.510328025324,19534674.321343996,11557.099609375,-12.132521793491202,20
2018-08-27,19925639.158942528,6627.510328025324,19919011.648614503,11691.9501953125,-10.404348715832956,20
2018-08-28,19993738.895014305,6627.510328025324,19987111.38468628,11738.5,-10.098138201983907,20
2018-08-29,20113637.419123195,6627.510328025324,20107009.90879517,11691.900390625,-9.559014399236265,20
2018-08-30,20266087.403208278,6627.510328025324,20259459.892880253,11676.7998046875,-8.873522932517918,20
2018-08-31,20600430.29331142,6627.510328025324,20593802.782983396,11680.5,-7.370149878731702,20
2018-09-03,20362386.78990705,-1397.4100929466076,20363784.199999996,11582.349609375,-8.440512668670497,20
2018-09-04,19968503.189907055,-1397.4100929466076,19969900.6,11520.2998046875,-10.21161056875034,20
2018-09-05,19852109.239907056,-1397.4100929466076,19853506.650000002,11476.9501953125,-10.734976051413236,20
2018-09-06,20011095.739907052,-1397.4100929466076,20012493.15,11536.900390625,-10.020093136026453,20
2018-09-07,20044683.13990705,-1397.4100929466076,20046080.549999997,11589.099609375,-9.869067366968942,20
2018-09-10,19738335.939907048,-1397.4100929466076,19739733.349999994,11438.099609375,-11.246557779403876,20
2018-09-11,19449662.589907054,-1397.4100929466076,19451060.0,11287.5,-12.544577712180994,20
2018-09-12,19348775.989907056,-1397.4100929466076,19350173.400000002,11369.900390625,-12.99821438404597,20
2018-09-14,19616086.839907054,-1397.4100929466076,19617484.25,11515.2001953125,-11.796250948392483,20
2018-09-17,19620548.189907055,-1397.4100929466076,19621945.6,11377.75,-11.776190484802418,20
2018-09-18,19405218.939907055,-1397.4100929466076,19406616.35,11278.900390625,-12.744418617430364,20
2018-09-19,19120989.939907055,-1397.4100929466076,19122387.35,11234.349609375,-14.02245452713009,20
2018-09-21,18555885.739907056,-1397.4100929466076,18557283.150000002,11143.099609375,-16.563445982337445,20
2018-09-24,18037350.489907052,-1397.4100929466076,18038747.9,10967.400390625,-18.895040119266216,20
2018-09-25,17881829.53990705,-1397.4100929466076,17883226.949999996,11067.4501953125,-19.59434018650291,20
2018-09-26,17752753.23990705,-1397.4100929466076,17754150.649999995,11053.7998046875,-20.174731865364592,20
2018-09-27,17286291.839907054,-1397.4100929466076,17287689.25,10977.5498046875,-22.27217589707423,20
2018-09-28,16975983.789907053,-1397.4100929466076,16977381.2,10930.4501953125,-23.667476274477306,20
2018-10-01,17023238.783191152,9842748.83319115,7180489.950000001,11008.2998046875,-23.454994162061972,8
2018-10-03,17003836.18319115,9842748.83319115,7161087.35,10858.25,-23.542237967379307,8
2018-10-04,16782659.78319115,9842748.83319115,6939910.949999997,10599.25,-24.53675781432706,8
2018-10-05,16595095.333191149,9842748.83319115,6752346.499999998,10316.4501953125,-25.380141503124044,8
2018-10-08,16458241.33319115,9842748.83319115,6615492.5,10348.0498046875,-25.995505615815016,8
2018-10-09,16399321.28319115,9842748.83319115,6556572.449999999,10301.0498046875,-26.260439664421252,8
2018-10-10,16561428.833191153,9842748.83319115,6718680.000000002,10460.099609375,-25.531522945390318,8
2018-10-11,16231614.033191148,9842748.83319115,6388865.199999997,10234.650390625,-27.014535438663124,8
2018-10-12,16282243.08319115,9842748.83319115,6439494.25,10472.5,-26.786881877717594,8
2018-10-15,16521632.783191152,9842748.83319115,6678883.950000001,10512.5,-25.71046591378624,8
2018-10-16,16653831.783191152,9842748.83319115,6811082.950000001,10584.75,-25.116033012054206,8
2018-10-17,16624424.28319115,9842748.83319115,6781675.449999999,10453.0498046875,-25.248263857655807,8
2018-10-19,16391031.333191153,9842748.83319115,6548282.500000002,10303.5498046875,-26.297715430756195,8
2018-10-22,16314483.683191154,9842748.83319115,6471734.850000003,10245.25,-26.641911995860823,8
2018-10-23,16205132.733191151,9842748.83319115,6362383.9,10146.7998046875,-27.13360862379035,8
2018-10-24,16089749.93319115,9842748.83319115,6247001.1,10224.75,-27.652427469726916,8
2018-10-25,15993907.683191152,9842748.83319115,6151158.8500000015,10124.900390625,-28.08338221806862,8
2018-10-26,16115257.83319115,9842748.83319115,6272509.0,10030.0,-27.537731178422963,8
2018-10-29,16379666.88319115,9842748.83319115,6536918.049999999,10250.849609375,-26.34881568862569,8
2018-10-30,16392060.183191149,9842748.83319115,6549311.349999998,10198.400390625,-26.293089205966712,8
2018-10-31,16629699.733191151,9842748.83319115,6786950.9,10386.599609375,-25.224542792810823,8
2018-11-01,16590502.263122652,12761658.113122651,3828844.1500000004,10380.4501953125,-25.400794246099967,4
2018-11-02,16505960.013122652,12761658.113122651,3744301.9000000004,10553.0,-25.780938536045095,4
2018-11-05,16491467.96312265,12761658.113122651,3729809.8499999978,10524.0,-25.846102049638585,4
2018-11-06,16471033.813122652,12761658.113122651,3709375.700000001,10530.0,-25.937984220297416,4
2018-11-07,16506485.213122651,12761658.113122651,3744827.0999999996,10598.400390625,-25.77857697385484,4
2018-11-09,16544170.56312265,12761658.113122651,3782512.4499999993,10585.2001953125,-25.609124769577296,4
2018-11-12,16550289.613122651,12761658.113122651,3788631.5,10482.2001953125,-25.581610456705462,4
2018-11-13,16528430.213122653,12761658.113122651,3766772.1000000015,10582.5,-25.679901265048333,4
2018-11-14,16433065.713122653,12761658.113122651,3671407.6000000015,10576.2998046875,-26.10870781016006,4
2018-11-15,16466438.513122654,12761658.113122651,3704780.4000000022,10616.7001953125,-25.958646990162006,4
2018-11-16,16467462.66312265,12761658.113122651,3705804.549999999,10682.2001953125,-25.954041898926008,4
2018-11-19,16491072.263122652,12761658.113122651,3729414.1500000004,10763.400390625,-25.84788131498261,4
2018-11-20,16406987.263122652,12761658.113122651,3645329.1500000004,10656.2001953125,-26.22596957996296,4
2018-11-21,16370817.863122653,12761658.113122651,3609159.750000002,10600.0498046875,-26.388605313939063,4
2018-11-22,16340505.213122651,12761658.113122651,3578847.0999999996,10526.75,-26.524906167188245,4
2018-11-26,16353027.16312265,12761658.113122651,3591369.049999999,10628.599609375,-26.468601209708666,4
2018-11-27,16376638.31312265,12761658.113122651,3614980.1999999993,10685.599609375,-26.36243365618911,4
2018-11-28,16372426.763122652,12761658.113122651,3610768.6500000004,10728.849609375,-26.381370893893553,4
2018-11-29,16317741.213122653,12761658.113122651,3556083.1000000015,10858.7001953125,-26.627264510103288,4
2018-11-30,16335832.963122653,12761658.113122651,3574174.8500000015,10876.75,-26.545914942784997,4
2018-12-03,16335944.524162415,-3017.54250424949,16338962.066666665,10883.75,-26.545413308486808,20
2018-12-04,16344022.85749575,-3017.54250424949,16347040.399999999,10869.5,-26.50908907665077,20
2018-12-05,16247686.682495749,-3017.54250424949,16250704.224999998,10782.900390625,-26.942264759122015,20
2018-12-06,15875884.407495754,-3017.54250424949,15878901.950000003,10601.150390625,-28.614073964931574,20
2018-12-07,15991011.357495751,-3017.54250424949,15994028.9,10693.7001953125,-28.096405548710145,20
2018-12-10,15645982.824162414,-3017.54250424949,15649000.366666663,10488.4501953125,-29.647826605221027,20
2018-12-11,15845361.60749575,-3017.54250424949,15848379.149999999,10549.150390625,-28.75131975781192,20
2018-12-12,16139749.365829084,-3017.54250424949,16142766.908333333,10737.599609375,-27.427604983717767,20
2018-12-13,16211945.540829085,-3017.54250424949,16214963.083333334,10791.5498046875,-27.102974829184046,20
2018-12-14,16228472.690829087,-3017.54250424949,16231490.233333336,10805.4501953125,-27.028660486928345,20
2018-12-17,16271907.474162413,-3017.54250424949,16274925.016666662,10888.349609375,-26.833355951395312,20
2018-12-18,16366279.065829085,-3017.54250424949,16369296.608333334,10908.7001953125,-26.40901401934219,20
2018-12-19,16419165.482495751,-3017.54250424949,16422183.025,10967.2998046875,-26.17121020750265,20
2018-12-20,16343364.949162416,-3017.54250424949,16346382.491666665,10951.7001953125,-26.512047361960477,20
2018-12-21,16108447.849162415,-3017.54250424949,16111465.391666664,10754.0,-27.568352276668417,20
2018-12-24,15857394.332495749,-3017.54250424949,15860411.874999998,10663.5,-28.69721460090836,20
2018-12-26,15856754.08249575,-3017.54250424949,15859771.625,10729.849609375,-28.700093485509104,20
2018-12-27,15976791.607495751,-3017.54250424949,15979809.15,10779.7998046875,-28.160344665151293,20
2018-12-28,16094033.75749575,-3017.54250424949,16097051.299999999,10859.900390625,-27.633165250558132,20
2018-12-31,16206230.149162415,-3017.54250424949,16209247.691666665,10862.5498046875,-27.128674092060113,20
2019-01-01,15568335.7917151,-4215.775209948537,15572551.566925049,11349.161816869038,-29.996966544316916,20
2019-01-02,16016622.724790052,-4215.775209948537,16020838.5,10792.5,-27.981244016640495,20
2019-01-03,15897629.02479005,-4215.775209948537,15901844.799999999,10672.25,-28.516299277110168,20
2019-01-04,15938806.949790051,-4215.775209948537,15943022.725,10727.349609375,-28.331142706749922,20
2019-01-07,16067674.099790052,-4215.775209948537,16071889.875,10771.7998046875,-27.75169147101866,20
2019-01-08,16088365.399790052,-4215.775209948537,16092581.175,10802.150390625,-27.658653025193747,20
2019-01-09,16171002.64979005,-4215.775209948537,16175218.424999999,10855.150390625,-27.28707456916416,20
2019-01-10,16247948.099790053,-4215.775209948537,16252163.875000002,10821.599609375,-26.941089296063925,20
2019-01-11,16235131.374790052,-4215.775209948537,16239347.15,10794.9501953125,-26.998719709550045,20
2019-01-14,16133169.874790052,-4215.775209948537,16137385.65,10737.599609375,-27.45718967006375,20
2019-01-15,16190927.124790052,-4215.775209948537,16195142.9,10886.7998046875,-27.197484152521547,20
2019-01-16,16152782.924790053,-4215.775209948537,16156998.700000001,10890.2998046875,-27.36899957616503,20
2019-01-17,16130477.199790053,-4215.775209948537,16134692.975000001,10905.2001953125,-27.469297285202067,20
2019-01-18,15929118.899790052,-4215.775209948537,15933334.675,10906.9501953125,-28.37470503077374,20
2019-01-21,16029656.67479005,-4215.775209948537,16033872.45,10961.849609375,-27.922636850780457,20
2019-01-22,16048064.624790052,-4215.775209948537,16052280.4,10922.75,-27.839865489927206,20
2019-01-23,16020778.49979005,-4215.775209948537,16024994.274999999,10831.5,-27.962557571265002,20
2019-01-24,16079052.624790054,-4215.775209948537,16083268.400000002,10849.7998046875,-27.70052792490121,20
2019-01-25,15762832.374790052,-4215.775209948537,15767048.15,10780.5498046875,-29.12241251399741,20
2019-01-28,15489473.849790053,-4215.775209948537,15493689.625000002,10661.5498046875,-30.35156932478219,20
2019-01-29,15584273.574790051,-4215.775209948537,15588489.35,10652.2001953125,-29.925302290877642,20
2019-01-30,15621897.174790049,-4215.775209948537,15626112.949999997,10651.7998046875,-29.75612774552099,20
2019-01-31,15824551.724790052,-4215.775209948537,15828767.5,10830.9501953125,-28.844891410861116,20
2019-02-01,15839662.451797528,3206.796797528048,15836455.655,10893.650390625,-28.7769460156438,20
2019-02-04,15930279.471797528,3206.796797528048,15927072.674999999,10912.25,-28.36948651787975,20
2019-02-05,15927936.546797527,3206.796797528048,15924729.749999998,10934.349609375,-28.38002148188319,20
2019-02-06,16017793.496797526,3206.796797528048,16014586.699999997,11062.4501953125,-27.97597963943892,20
2019-02-07,16056381.111797525,3206.796797528048,16053174.314999996,11069.400390625,-27.802470399918445,20
2019-02-08,15922388.291797528,3206.796797528048,15919181.495,10943.599609375,-28.404969214613384,20
2019-02-11,15778542.386797525,3206.796797528048,15775335.589999996,10888.7998046875,-29.051772433332303,20
2019-02-12,15662651.596797528,3206.796797528048,15659444.799999999,10831.400390625,-29.572875456681313,20
2019-02-14,15546886.201797528,3206.796797528048,15543679.405,10746.0498046875,-30.093414641319647,20
2019-02-15,15419971.271797528,3206.796797528048,15416764.475,10724.400390625,-30.664087718370293,20
2019-02-18,15271252.246797528,3206.796797528048,15268045.45,10640.9501953125,-31.332802924790226,20
2019-02-19,15252738.331797529,3206.796797528048,15249531.535,10604.349609375,-31.416050757344706,20
2019-02-20,15371067.176797528,3206.796797528048,15367860.379999999,10735.4501953125,-30.883985017876558,20
2019-02-21,15438583.096797531,3206.796797528048,15435376.300000003,10789.849609375,-30.580399633428044,20
2019-02-22,15481667.68679753,3206.796797528048,15478460.89,10791.650390625,-30.386669742478535,20
2019-02-25,15621770.40179753,3206.796797528048,15618563.605,10880.099609375,-29.75669778037606,20
2019-02-26,15563239.09679753,3206.796797528048,15560032.3,10835.2998046875,-30.019883836800933,20
2019-02-27,15571574.146797528,3206.796797528048,15568367.35,10806.650390625,-29.982405278282485,20
2019-02-28,15666430.74179753,3206.796797528048,15663223.945,10792.5,-29.55588252838066,20
2019-03-01,15735288.484244173,12007.609244173742,15723280.875,10863.5,-29.24626363830377,20
2019-03-05,15977396.914244171,12007.609244173742,15965389.304999998,10987.4501953125,-28.157622902907242,20
2019-03-06,16157259.119244173,12007.609244173742,16145251.51,11053.0,-27.348872364475994,20
2019-03-07,16110151.459244173,12007.609244173742,16098143.85,11058.2001953125,-27.560691992669895,20
2019-03-08,16093950.199244171,12007.609244173742,16081942.589999998,11035.400390625,-27.63354097029844,20
2019-03-11,16273309.624244176,12007.609244173742,16261302.015000002,11168.0498046875,-26.827051182510786,20
2019-03-12,16438869.264244175,12007.609244173742,16426861.655000001,11301.2001953125,-26.082612138229734,20
2019-03-13,16323915.004244177,12007.609244173742,16311907.395000003,11341.7001953125,-26.599504053737853,20
2019-03-14,16298467.764244175,12007.609244173742,16286460.155000001,11343.25,-26.713927587306728,20
2019-03-15,16323017.419244174,12007.609244173742,16311009.81,11426.849609375,-26.60354004535732,20
2019-03-18,16253483.919244174,12007.609244173742,16241476.31,11462.2001953125,-26.91619747977502,20
2019-03-19,16232464.149244174,12007.609244173742,16220456.540000001,11532.400390625,-27.010712891199006,20
2019-03-20,16158951.289244173,12007.609244173742,16146943.68,11521.0498046875,-27.34126352081361,20
2019-03-22,16111480.959244175,12007.609244173742,16099473.350000001,11456.900390625,-27.554713894931993,20
2019-03-25,15971104.599244174,12007.609244173742,15959096.99,11354.25,-28.185916301980306,20
2019-03-26,16119237.809244173,12007.609244173742,16107230.2,11483.25,-27.519835213143185,20
2019-03-27,16221644.534244174,12007.609244173742,16209636.925,11445.0498046875,-27.059363298086147,20
2019-03-28,16342308.619244173,12007.609244173742,16330301.01,11570.0,-26.51679715022277,20
2019-04-01,16568085.5793987,195.75439869915135,16567889.825,11669.150390625,-25.501590881121704,20
2019-04-02,16585801.3143987,195.75439869915135,16585605.56,11713.2001953125,-25.421932065530317,20
2019-04-03,16529141.7943987,195.75439869915135,16528946.040000001,11643.9501953125,-25.676701639311837,20
2019-04-04,16507551.399398698,195.75439869915135,16507355.644999998,11598.0,-25.77378286647235,20
2019-04-05,16640337.289398696,195.75439869915135,16640141.534999996,11665.9501953125,-25.17671101341923,20
2019-04-08,16558619.239398701,195.75439869915135,16558423.485000001,11604.5,-25.54415628596577,20
2019-04-09,16601623.5343987,195.75439869915135,16601427.78,11671.9501953125,-25.35078744154343,20
2019-04-10,16604772.274398698,195.75439869915135,16604576.519999998,11584.2998046875,-25.33662912979373,20
2019-04-11,16635773.7193987,195.75439869915135,16635577.965,11596.7001953125,-25.197231109315233,20
2019-04-12,16693403.4493987,195.75439869915135,16693207.695,11643.4501953125,-24.938098985547775,20
2019-04-15,16743980.984398698,195.75439869915135,16743785.229999999,11690.349609375,-24.710677061838048,20
2019-04-16,16814714.0093987,195.75439869915135,16814518.255,11787.150390625,-24.39262596236653,20
2019-04-18,16760251.9443987,195.75439869915135,16760056.19,11752.7998046875,-24.63751467810772,20
2019-04-22,16532079.064398697,195.75439869915135,16531883.309999997,11594.4501953125,-25.663494202574288,20
2019-04-23,16608666.3893987,195.75439869915135,16608470.635,11575.9501953125,-25.319119238802656,20
2019-04-24,16831693.7493987,195.75439869915135,16831497.995,11726.150390625,-24.316276548839532,20
2019-04-25,16731589.869398698,195.75439869915135,16731394.114999998,11641.7998046875,-24.76639371964291,20
2019-04-26,16658710.359398698,195.75439869915135,16658514.604999999,11754.650390625,-25.094096490511898,20
2019-04-30,16631369.3643987,195.75439869915135,16631173.61,11748.150390625,-25.217035294845434,20
2019-05-02,16599598.66657096,-1101.1634290404618,16600699.83,11724.75,-25.359892261235462,20
2019-05-03,16586760.31657096,-1101.1634290404618,16587861.48,11712.25,-25.417619911550148,20
2019-05-06,16404281.231570957,-1101.1634290404618,16405382.394999998,11598.25,-26.238137252845906,20
2019-05-07,16256932.856570957,-1101.1634290404618,16258034.019999998,11497.900390625,-26.900689330522365,20
2019-05-08,16065710.746570958,-1101.1634290404618,16066811.909999998,11359.4501953125,-27.760519690227213,20
2019-05-09,16046670.33157096,-1101.1634290404618,16047771.495000001,11301.7998046875,-27.846134930422906,20
2019-05-10,16100480.306570962,-1101.1634290404618,16101581.470000003,11278.900390625,-27.60417833785126,20
2019-05-13,15908453.861570958,-1101.1634290404618,15909555.024999999,11148.2001953125,-28.4676253904813,20
2019-05-14,16035341.406570958,-1101.1634290404618,16036442.569999998,11222.0498046875,-27.897075450103504,20
2019-05-15,16070132.59657096,-1101.1634290404618,16071233.76,11157.0,-27.7406368384165,20
2019-05-16,16274988.01157096,-1101.1634290404618,16276089.175,11257.099609375,-26.819504312648746,20
2019-05-17,16424954.101570958,-1101.1634290404618,16426055.264999999,11407.150390625,-26.145181677529685,20
2019-05-20,16849083.516570963,-1101.1634290404618,16850184.680000003,11828.25,-24.238083447827783,20
2019-05-21,16786764.63657096,-1101.1634290404618,16787865.8,11709.099609375,-24.518300338054576,20
2019-05-22,16860217.29657096,-1101.1634290404618,16861318.46,11737.900390625,-24.188020397784705,20
2019-05-23,16763287.91657096,-1101.1634290404618,16764389.08,11657.0498046875,-24.62386342697923,20
2019-05-24,17024021.536570963,-1101.1634290404618,17025122.700000003,11844.099609375,-23.45147451090801,20
2019-05-27,16966773.556570962,-1101.1634290404618,16967874.720000003,11924.75,-23.70889009551681,20
2019-05-28,17016450.14157096,-1101.1634290404618,17017551.305,11928.75,-23.485519294151548,20
2019-05-29,17059366.631570958,-1101.1634290404618,17060467.794999998,11861.099609375,-23.29254526497695,20
2019-05-30,17220689.21657096,-1101.1634290404618,17221790.38,11945.900390625,-22.567158141651788,20
2019-05-31,17298821.78657096,-1101.1634290404618,17299922.95,11922.7998046875,-22.215834982589456,20
2019-06-03,17466211.006030776,-1775.7989692254923,17467986.805,12088.5498046875,-21.463169232907852,20
2019-06-04,17434196.466030773,-1775.7989692254923,17435972.264999997,12021.650390625,-21.60712263580664,20
2019-06-06,17172624.611030772,-1775.7989692254923,17174400.409999996,11843.75,-22.783280676178208,20
2019-06-07,17221577.60103078,-1775.7989692254923,17223353.400000002,11870.650390625,-22.56316352026808,20
2019-06-10,17300471.116030775,-1775.7989692254923,17302246.915,11922.7001953125,-22.208418771447835,20
2019-06-11,17191137.456030775,-1775.7989692254923,17192913.255,11965.599609375,-22.700037654879512,20
2019-06-12,17183377.706030775,-1775.7989692254923,17185153.505,11906.2001953125,-22.734929376520483,20
2019-06-13,17094778.776030775,-1775.7989692254923,17096554.575,11914.0498046875,-23.13331453109997,20
2019-06-14,16973527.711030778,-1775.7989692254923,16975303.51,11823.2998046875,-23.678520034969498,20
2019-06-17,16814444.326030776,-1775.7989692254923,16816220.125,11672.150390625,-24.393838593830797,20
2019-06-18,16792519.25603078,-1775.7989692254923,16794295.055000003,11691.5,-24.492424687377458,20
2019-06-19,16644399.096030774,-1775.7989692254923,16646174.895,11691.4501953125,-25.15844709687992,20
2019-06-20,16893200.576030776,-1775.7989692254923,16894976.375,11831.75,-24.03971105718503,20
2019-06-21,16889307.406030774,-1775.7989692254923,16891083.205,11724.099609375,-24.0572166989829,20
2019-06-24,16947795.376030777,-1775.7989692254923,16949571.175,11699.650390625,-23.79422549841771,20
2019-06-25,17135734.691030774,-1775.7989692254923,17137510.49,11796.4501953125,-22.949156228869693,20
2019-06-26,17172639.021030772,-1775.7989692254923,17174414.819999997,11847.5498046875,-22.7832158816025,20
2019-06-27,17270850.956030775,-1775.7989692254923,17272626.755,11841.5498046875,-22.34160584289745,20
2019-06-28,17297718.621030778,-1775.7989692254923,17299494.42,11788.849609375,-22.220795367260603,20
2019-07-01,17443252.533856846,-133.74114315246698,17443386.275,11865.599609375,-21.566402020097485,20
2019-07-02,17593916.133856844,-133.74114315246698,17594049.874999996,11910.2998046875,-20.88894303074512,20
2019-07-03,17652161.783856846,-133.74114315246698,17652295.525,11916.75,-20.62704142224,20
2019-07-04,17640933.408856846,-133.74114315246698,17641067.15,11946.75,-20.677529818770868,20
2019-07-05,17463972.183856845,-133.74114315246698,17464105.924999997,11811.150390625,-21.473236098476512,20
2019-07-08,17081991.633856848,-133.74114315246698,17082125.375,11558.599609375,-23.19081192538667,20
2019-07-09,17199812.833856847,-133.74114315246698,17199946.575,11555.900390625,-22.661028812038232,20
2019-07-10,16908961.958856843,-133.74114315246698,16909095.699999996,11498.900390625,-23.968839987595935,20
2019-07-11,16884066.783856846,-133.74114315246698,16884200.525,11582.900390625,-24.08078116048208,20
2019-07-12,16957682.708856847,-133.74114315246698,16957816.45,11552.5,-23.74976709901838,20
2019-07-15,16889985.43385685,-133.74114315246698,16890119.175,11588.349609375,-24.05416794635914,20
2019-07-16,17035216.783856846,-133.74114315246698,17035350.525,11662.599609375,-23.401135073168277,20
2019-07-17,17066505.033856846,-133.74114315246698,17066638.775,11687.5,-23.260447433794173,20
2019-07-18,16909879.73385685,-133.74114315246698,16910013.475,11596.900390625,-23.964713211626442,20
2019-07-19,16556595.133856848,-133.74114315246698,16556728.875,11419.25,-25.553257678038754,20
2019-07-22,16465054.833856849,-133.74114315246698,16465188.575000001,11346.2001953125,-25.964868705008847,20
2019-07-23,16425617.808856847,-133.74114315246698,16425751.549999999,11331.0498046875,-26.142197317225513,20
2019-07-24,16122957.908856848,-133.74114315246698,16123091.65,11271.2998046875,-27.503107782470526,20
2019-07-25,16077226.483856846,-133.74114315246698,16077360.224999998,11252.150390625,-27.708739168964314,20
2019-07-26,16173831.208856847,-133.74114315246698,16173964.95,11284.2998046875,-27.27435595121852,20
2019-07-29,16032144.158856848,-133.74114315246698,16032277.9,11189.2001953125,-27.911451876825755,20
2019-07-30,15779311.48385685,-133.74114315246698,15779445.225000001,11085.400390625,-29.048314187833558,20
2019-07-31,15776525.808856849,-133.74114315246698,15776659.55,11118.0,-29.060839977540986,20
2019-08-01,15620243.591207804,4460477.666207807,11159765.924999997,10980.0,-29.76356308532727,13
2019-08-02,15607683.116207805,4460477.666207807,11147205.449999997,10997.349609375,-29.820041270497978,13
2019-08-05,15459355.291207809,4460477.666207807,10998877.625000002,10862.599609375,-30.486997445827203,13
2019-08-06,15751832.566207808,4460477.666207807,11291354.9,10948.25,-29.171873161461015,13
2019-08-07,15781212.566207808,4460477.666207807,11320734.9,10855.5,-29.039765969629848,13
2019-08-08,15876105.491207806,4460477.666207807,11415627.825,11032.4501953125,-28.61307986185605,13
2019-08-09,15986152.066207806,4460477.666207807,11525674.399999999,11109.650390625,-28.118255355597142,13
2019-08-13,15622105.991207808,4460477.666207807,11161628.325000001,10925.849609375,-29.75518880234337,13
2019-08-14,15751996.641207807,4460477.666207807,11291518.975,11029.400390625,-29.1711353981016,13
2019-08-16,15877986.291207809,4460477.666207807,11417508.625000002,11047.7998046875,-28.604622843258486,13
2019-08-19,15972046.841207808,4460477.666207807,11511569.175,11053.900390625,-28.181679510290692,13
2019-08-20,15827649.866207808,4460477.666207807,11367172.200000001,11017.0,-28.830960615674062,13
2019-08-21,15712420.941207808,4460477.666207807,11251943.275,10918.7001953125,-29.349087562558786,13
2019-08-22,15586545.041207807,4460477.666207807,11126067.375,10741.349609375,-29.915088640442367,13
2019-08-23,15615062.24120781,4460477.666207807,11154584.575000003,10829.349609375,-29.786861029452304,13
2019-08-26,15787589.491207806,4460477.666207807,11327111.825,11057.849609375,-29.011092121628913,13
2019-08-27,15961984.741207806,4460477.666207807,11501507.075,11105.349609375,-28.226923750417455,13
2019-08-28,15874465.741207808,4460477.666207807,11413988.075000001,11046.099609375,-28.620452998949474,13
2019-08-29,15801050.641207809,4460477.666207807,11340572.975000001,10948.2998046875,-28.95056405065143,13
2019-08-30,15840279.941207806,4460477.666207807,11379802.274999999,11023.25,-28.774169474051646,13
2019-09-03,15782466.531856706,6907665.231856707,8874801.3,10797.900390625,-29.034127512157802,10
2019-09-04,15812813.531856706,6907665.231856707,8905148.3,10844.650390625,-28.897672204108105,10
2019-09-05,15865339.556856707,6907665.231856707,8957674.325,10847.900390625,-28.66148889366552,10
2019-09-06,15899646.081856705,6907665.231856707,8991980.849999998,10946.2001953125,-28.50722957851116,10
2019-09-09,16019800.206856707,6907665.231856707,9112134.975000001,11003.0498046875,-27.966956466166703,10
2019-09-11,16134176.931856707,6907665.231856707,9226511.7,11035.7001953125,-27.45266143721523,10
2019-09-12,16093550.331856705,6907665.231856707,9185885.099999998,10982.7998046875,-27.635338974303313,10
2019-09-13,16050598.23185671,6907665.231856707,9142933.000000004,11075.900390625,-27.828473123869358,10
2019-09-16,16133281.406856708,6907665.231856707,9225616.175,11003.5,-27.456688166043154,10
2019-09-17,16059521.631856708,6907665.231856707,9151856.400000002,10817.599609375,-27.788349049138727,10
2019-09-18,16091493.906856706,6907665.231856707,9183828.675,10840.650390625,-27.644585690843858,10
2019-09-19,15930281.106856706,6907665.231856707,9022615.875,10704.7998046875,-28.369479165834942,10
2019-09-20,16283814.581856705,6907665.231856707,9376149.349999998,11274.2001953125,-26.779815632800208,10
2019-09-23,16512096.806856705,6907665.231856707,9604431.575,11600.2001953125,-25.7533444384599,10
2019-09-24,16624732.75685671,6907665.231856707,9717067.525000002,11588.2001953125,-25.2468768055894,10
2019-09-25,16661623.631856706,6907665.231856707,9753958.399999999,11440.2001953125,-25.08099695873972,10
2019-09-26,16680831.956856705,6907665.231856707,9773166.724999998,11571.2001953125,-24.99462671110425,10
2019-09-27,16621703.156856706,6907665.231856707,9714037.925,11512.400390625,-25.260499404240598,10
2019-09-30,16475320.306856705,6907665.231856707,9567655.075,11474.4501953125,-25.918709998037116,10
2019-10-01,16502621.654267922,587.2292679232778,16502034.424999999,11359.900390625,-25.795949469115985,20
2019-10-03,16517672.579267923,587.2292679232778,16517085.35,11314.0,-25.728272973669718,20
2019-10-04,16383514.929267922,587.2292679232778,16382927.7,11174.75,-26.331512946582148,20
2019-10-07,16371440.954267925,587.2292679232778,16370853.725000001,11126.400390625,-26.385803584141353,20
2019-10-09,16630026.154267922,587.2292679232778,16629438.924999999,11313.2998046875,-25.223075040196562,20
2019-10-10,16437089.879267925,587.2292679232778,16436502.650000002,11234.5498046875,-26.09061314409764,20
2019-10-11,16432300.379267922,587.2292679232778,16431713.149999999,11305.0498046875,-26.112149134406547,20
2019-10-14,16516182.004267922,587.2292679232778,16515594.774999999,11341.150390625,-25.73497534526481,20
2019-10-15,16505344.604267921,587.2292679232778,16504757.374999998,11428.2998046875,-25.783705722417672,20
2019-10-16,16420764.454267923,587.2292679232778,16420177.225,11464.0,-26.16402042974095,20
2019-10-17,16638972.254267922,587.2292679232778,16638385.024999999,11586.349609375,-25.182848894899067,20
2019-10-18,16916552.879267924,587.2292679232778,16915965.65,11661.849609375,-23.934707408326982,20
2019-10-22,17077037.679267924,587.2292679232778,17076450.45,11588.349609375,-23.21308738587685,20
2019-10-23,17059712.429267924,587.2292679232778,17059125.2,11604.099609375,-23.290990385375586,20
2019-10-24,17027530.17926792,587.2292679232778,17026942.949999996,11582.599609375,-23.43569789641401,20
2019-10-25,16803729.979267925,587.2292679232778,16803142.75,11583.900390625,-24.442015662011375,20
2019-10-27,12026633.479916982,587.2292679232778,12026046.25064906,11583.900390625,-45.92223362102097,20
2019-10-29,17062864.029267926,587.2292679232778,17062276.8,11786.849609375,-23.276819213633747,20
2019-10-30,17103660.57926792,587.2292679232778,17103073.349999994,11844.099609375,-23.093377496244415,20
2019-10-31,17266113.554267924,587.2292679232778,17265526.325,11877.4501953125,-22.36290757344429,20
2019-11-01,17235082.442745753,-574.049728611717,17235656.492474366,11890.599609375,-22.50243898946177,20
2019-11-04,17329732.86812417,-574.049728611717,17330306.91785278,11941.2998046875,-22.076843281416604,20
2019-11-05,17262005.35426309,-574.049728611717,17262579.403991703,11917.2001953125,-22.38138009781867,20
2019-11-06,17167986.493881006,-574.049728611717,17168560.54360962,11966.0498046875,-22.80413597338854,20
2019-11-07,17230347.954678126,-574.049728611717,17230922.00440674,12012.0498046875,-22.523727618575872,20
2019-11-08,17147786.899258204,-574.049728611717,17148360.948986817,11908.150390625,-22.894963465619522,20
2019-11-11,17266990.439449858,-574.049728611717,17267564.48917847,11913.4501953125,-22.358964658572145,20
2019-11-13,17096041.278896876,-574.049728611717,17096615.32862549,11840.4501953125,-23.12763768602443,20
2019-11-14,17212820.293545313,-574.049728611717,17213394.343273927,11872.099609375,-22.602540759883695,20
2019-11-15,17276053.44462564,-574.049728611717,17276627.49435425,11895.4501953125,-22.318212849064878,20
2019-11-18,17333034.526949853,-574.049728611717,17333608.576678466,11884.5,-22.061997370053575,20
2019-11-19,17445332.907656644,-574.049728611717,17445906.957385257,11940.099609375,-21.55704761776085,20
2019-11-20,17350373.075869534,-574.049728611717,17350947.125598148,11999.099609375,-21.984034571952616,20
2019-11-21,17275658.234731838,-574.049728611717,17276232.28446045,11968.400390625,-22.319989910646008,20
2019-11-22,17072454.063039944,-574.049728611717,17073028.112768557,11914.400390625,-23.233697619651885,20
2019-11-25,17111778.281863187,-574.049728611717,17112352.3315918,12073.75,-23.05687624049284,20
2019-11-26,17069745.618581932,-574.049728611717,17070319.668310545,12037.7001953125,-23.245876142169873,20
2019-11-27,17153967.238296293,-574.049728611717,17154541.288024906,12100.7001953125,-22.867173566542377,20
2019-11-28,17232447.748513576,-574.049728611717,17233021.79824219,12151.150390625,-22.51428589403449,20
2019-11-29,17173097.837270897,-574.049728611717,17173671.88699951,12056.0498046875,-22.781152814037853,20
2019-12-02,16950229.188699245,-1656.552340793074,16951885.74104004,12048.2001953125,-23.78328185794547,20
2019-12-03,17004161.845352076,-1656.552340793074,17005818.39769287,11994.2001953125,-23.540773627230717,20
2019-12-04,17005031.302932646,-1656.552340793074,17006687.85527344,12043.2001953125,-23.536864110573617,20
2019-12-05,16913792.29742117,-1656.552340793074,16915448.849761963,12018.400390625,-23.947120366652207,20
2019-12-06,16831166.433529567,-1656.552340793074,16832822.98587036,11921.5,-24.318647625036917,20
2019-12-09,16709996.423953153,-1656.552340793074,16711652.976293946,11937.5,-24.86348866313407,20
2019-12-10,16581767.153854275,-1656.552340793074,16583423.706195068,11856.7998046875,-25.440071671415954,20
2019-12-11,16789824.37551565,-1656.552340793074,16791480.927856445,11910.150390625,-24.504542219616198,20
2019-12-12,16926339.66571951,-1656.552340793074,16927996.218060303,11971.7998046875,-23.890701115775247,20
2019-12-13,17066668.831179716,-1656.552340793074,17068325.38352051,12086.7001953125,-23.25971091901018,20
2019-12-16,16967122.011093047,-1656.552340793074,16968778.56343384,12053.9501953125,-23.707323269499337,20
2019-12-17,17027456.9825408,-1656.552340793074,17029113.534881596,12165.0,-23.436027025551887,20
2019-12-18,17046852.007272243,-1656.552340793074,17048508.559613038,12221.650390625,-23.348817282435252,20
2019-12-19,17089404.107760526,-1656.552340793074,17091060.66010132,12259.7001953125,-23.15748173097085,20
2019-12-20,17193595.125680447,-1656.552340793074,17195251.67802124,12271.7998046875,-22.68898674147356,20
2019-12-23,17255582.315597437,-1656.552340793074,17257238.86793823,12262.75,-22.410261295951493,20
2019-12-24,17283466.5604949,-1656.552340793074,17285123.112835694,12214.5498046875,-22.284879768050338,20
2019-12-26,17346380.788699243,-1656.552340793074,17348037.341040038,12126.5498046875,-22.001985894180343,20
2019-12-27,17432063.789089873,-1656.552340793074,17433720.341430668,12245.7998046875,-21.616712219256108,20
2019-12-30,17529208.541018583,-1656.552340793074,17530865.093359377,12255.849609375,-21.17990077002411,20
2019-12-31,17620438.022555448,-1656.552340793074,17622094.574896242,12168.4501953125,-20.76968733850445,20
2020-01-01,17697116.09998099,910.1543266944354,17696205.945654295,12182.5,-20.42490430638394,20
2020-01-02,17764242.845665805,910.1543266944354,17763332.69133911,12282.2001953125,-20.123068844532852,20
2020-01-03,17807124.341491,910.1543266944354,17806214.187164303,12226.650390625,-19.930252166691265,20
2020-01-06,17509490.913994662,910.1543266944354,17508580.759667967,11993.0498046875,-21.268561094588577,20
2020-01-07,17798359.57263724,910.1543266944354,17797449.418310545,12052.9501953125,-19.96966295635495,20
2020-01-08,17797820.059612337,910.1543266944354,17796909.90528564,12025.349609375,-19.972088877072323,20
2020-01-09,18063745.844377965,910.1543266944354,18062835.69005127,12215.900390625,-18.77635338827438,20
2020-01-10,17998086.15054862,910.1543266944354,17997175.996221922,12256.7998046875,-19.071592250367253,20
2020-01-13,18152434.517522495,910.1543266944354,18151524.3631958,12329.5498046875,-18.37756470357883,20
2020-01-14,18113140.49525687,910.1543266944354,18112230.340930175,12362.2998046875,-18.554250303894094,20
2020-01-15,18123329.579827186,910.1543266944354,18122419.42550049,12343.2998046875,-18.508435077552555,20
2020-01-16,18244587.686028358,910.1543266944354,18243677.53170166,12355.5,-17.96319791291672,20
2020-01-17,18354531.086077183,910.1543266944354,18353620.931750488,12352.349609375,-17.46883733290243,20
2020-01-20,18477465.53119437,910.1543266944354,18476555.376867674,12224.5498046875,-16.916062509085105,20
2020-01-21,18261968.905211706,910.1543266944354,18261058.75088501,12169.849609375,-17.88504324794348,20
2020-01-22,18255788.764373083,910.1543266944354,18254878.610046387,12106.900390625,-17.912832255816568,20
2020-01-23,18615906.91716849,910.1543266944354,18614996.762841795,12180.349609375,-16.293560714181964,20
2020-01-24,18755158.97495047,910.1543266944354,18754248.820623774,12248.25,-15.667413732892399,20
2020-01-27,18849664.28675467,910.1543266944354,18848754.132427976,12119.0,-15.242470528141517,20
2020-01-28,18951141.63196951,910.1543266944354,18950231.477642816,12055.7998046875,-14.786177569979053,20
2020-01-29,19124922.633062042,910.1543266944354,19124012.478735346,12129.5,-14.00477116943646,20
2020-01-30,18928197.97044608,910.1543266944354,18927287.816119384,12035.7998046875,-14.88934376106772,20
2020-01-31,19067745.00183646,910.1543266944354,19066834.847509764,11962.099609375,-14.261870430728807,20
2020-02-03,18862684.541555084,1931415.1878868747,16931269.35366821,11707.900390625,-15.18392494275661,18
2020-02-04,19004491.906771153,1931415.1878868747,17073076.718884278,11979.650390625,-14.546288019690913,18
2020-02-05,19103963.01202018,1931415.1878868747,17172547.824133303,12089.150390625,-14.099016121025487,18
2020-02-06,19253331.339089267,1931415.1878868747,17321916.15120239,12137.9501953125,-13.427381327369437,18
2020-02-07,19249259.326589268,1931415.1878868747,17317844.138702393,12098.349609375,-13.445691134601434,18
2020-02-10,19209822.98511588,1931415.1878868747,17278407.797229003,12031.5,-13.623016673340171,18
2020-02-11,19361811.219503086,1931415.1878868747,17430396.03161621,12107.900390625,-12.93960146448143,18
2020-02-12,19353343.314669102,1931415.1878868747,17421928.126782227,12201.2001953125,-12.977677404859623,18
2020-02-13,19250476.009536047,1931415.1878868747,17319060.82164917,12174.650390625,-13.440220318827178,18
2020-02-14,19229685.763045564,1931415.1878868747,17298270.57515869,12113.4501953125,-13.533703677620068,18
2020-02-17,19147119.01748282,1931415.1878868747,17215703.829595946,12045.7998046875,-13.904965110395139,18
2020-02-18,19124369.591671053,1931415.1878868747,17192954.40378418,11992.5,-14.00725792046198,18
2020-02-19,19620207.1367211,1931415.1878868747,17688791.948834226,12125.900390625,-11.777724030706494,18
2020-02-20,19783178.27765128,1931415.1878868747,17851763.089764405,12080.849609375,-11.044924174416304,18
2020-02-24,19269139.545131747,1931415.1878868747,17337724.35724487,11829.400390625,-13.356299717152941,18
2020-02-25,19190781.89787833,1931415.1878868747,17259366.709991455,11797.900390625,-13.708634936252507,18
2020-02-26,19008760.67292716,1931415.1878868747,17077345.485040285,11678.5,-14.527093509498478,18
2020-02-27,18691601.031966463,1931415.1878868747,16760185.844079588,11633.2998046875,-15.953202070747475,18
2020-02-28,17929736.687246006,1931415.1878868747,15998321.49935913,11201.75,-19.37892566289532,18
2020-03-02,18039244.715261582,8029998.61526158,10009246.100000001,11132.75,-18.88652273355205,11
2020-03-03,18243125.31526158,8029998.61526158,10213126.7,11303.2998046875,-17.96977346415617,11
2020-03-04,18091796.81526158,8029998.61526158,10061798.2,11251.0,-18.650222176852594,11
2020-03-05,18218112.36526158,8029998.61526158,10188113.75,11269.0,-18.08224421241733,11
2020-03-06,18154604.765261583,8029998.61526158,10124606.150000002,10989.4501953125,-18.367806183007396,11
2020-03-09,17711592.215261582,8029998.61526158,9681593.600000001,10451.4501953125,-20.359812443268112,11
2020-03-11,17737338.26526158,8029998.61526158,9707339.649999999,10458.400390625,-20.24404531031222,11
2020-03-12,16983429.215261582,8029998.61526158,8953430.600000001,9590.150390625,-23.633997913838243,11
2020-03-13,17359683.31526158,8029998.61526158,9329684.7,9955.2001953125,-21.942171073608197,11
2020-03-16,16747496.61526158,8029998.61526158,8717498.0,9197.400390625,-24.69486902505077,11
2020-03-17,16530696.365261579,8029998.61526158,8500697.75,8967.0498046875,-25.669711510271764,11
2020-03-18,15831468.61526158,8029998.61526158,7801470.000000001,8468.7998046875,-28.81378960771621,11
2020-03-19,15496324.11526158,8029998.61526158,7466325.500000001,8263.4501953125,-30.3207671009993,11
2020-03-20,15713837.16526158,8029998.61526158,7683838.55,8745.4501953125,-29.342719510048653,11
2020-03-23,14584702.065261582,8029998.61526158,6554703.450000002,7610.25,-34.41987632621585,11
2020-03-24,14497563.965261582,8029998.61526158,6467565.350000002,7801.0498046875,-34.81169285761484,11
2020-03-25,14618092.21526158,8029998.61526158,6588093.600000001,8317.849609375,-34.26973749192991,11
2020-03-26,14910393.815261582,8029998.61526158,6880395.200000002,8641.4501953125,-32.95540313033174,11
2020-03-27,14862707.81526158,8029998.61526158,6832709.2,8660.25,-33.169823264765384,11
2020-03-30,14645243.46526158,8029998.61526158,6615244.850000001,8281.099609375,-34.14765187612985,11
2020-03-31,14971695.215261584,8029998.61526158,6941696.600000004,8597.75,-32.679761339680994,11
2020-04-01,15048727.00852392,15048727.00852392,0.0,8253.7998046875,-32.333387824037516,0
2020-04-03,15048727.00852392,15048727.00852392,0.0,8083.7998046875,-32.333387824037516,0
2020-04-07,15048727.00852392,15048727.00852392,0.0,8792.2001953125,-32.333387824037516,0
2020-04-08,15048727.00852392,15048727.00852392,0.0,8748.75,-32.333387824037516,0
2020-04-09,15048727.00852392,15048727.00852392,0.0,9111.900390625,-32.333387824037516,0
2020-04-13,15048727.00852392,15048727.00852392,0.0,8993.849609375,-32.333387824037516,0
2020-04-15,15048727.00852392,15048727.00852392,0.0,8925.2998046875,-32.333387824037516,0
2020-04-16,15048727.00852392,15048727.00852392,0.0,8992.7998046875,-32.333387824037516,0
2020-04-17,15048727.00852392,15048727.00852392,0.0,9266.75,-32.333387824037516,0
2020-04-20,15048727.00852392,15048727.00852392,0.0,9261.849609375,-32.333387824037516,0
2020-04-21,15048727.00852392,15048727.00852392,0.0,8981.4501953125,-32.333387824037516,0
2020-04-22,15048727.00852392,15048727.00852392,0.0,9187.2998046875,-32.333387824037516,0
2020-04-23,15048727.00852392,15048727.00852392,0.0,9313.900390625,-32.333387824037516,0
2020-04-24,15048727.00852392,15048727.00852392,0.0,9154.400390625,-32.333387824037516,0
2020-04-27,15048727.00852392,15048727.00852392,0.0,9282.2998046875,-32.333387824037516,0
2020-04-28,15048727.00852392,15048727.00852392,0.0,9380.900390625,-32.333387824037516,0
2020-04-29,15048727.00852392,15048727.00852392,0.0,9553.349609375,-32.333387824037516,0
2020-04-30,15048727.00852392,15048727.00852392,0.0,9859.900390625,-32.333387824037516,0
2020-05-04,14837469.08830102,37066.23830101732,14800402.850000001,9293.5,-33.283309219297486,20
2020-05-05,14845851.688301018,37066.23830101732,14808785.45,9205.599609375,-33.2456168521687,20
2020-05-06,14881811.088301016,37066.23830101732,14844744.849999998,9270.900390625,-33.08392538334866,20
2020-05-07,14808290.388301019,37066.23830101732,14771224.150000002,9199.0498046875,-33.414511265529065,20
2020-05-08,14846373.338301018,37066.23830101732,14809307.100000001,9251.5,-33.243271252556085,20
2020-05-11,14864703.188301018,37066.23830101732,14827636.95,9239.2001953125,-33.16085106841088,20
2020-05-12,14774487.038301017,37066.23830101732,14737420.8,9196.5498046875,-33.56650805392205,20
2020-05-13,14745440.488301018,37066.23830101732,14708374.25,9383.5498046875,-33.69711588758043,20
2020-05-14,14777176.488301018,37066.23830101732,14740110.25,9142.75,-33.55441493999862,20
2020-05-15,14809916.338301018,37066.23830101732,14772850.100000001,9136.849609375,-33.40720018014589,20
2020-05-18,14434851.988301018,37066.23830101732,14397785.75,8823.25,-35.09367730861689,20
2020-05-19,14530842.73830102,37066.23830101732,14493776.500000004,8879.099609375,-34.66205482991482,20
2020-05-20,14771016.338301014,37066.23830101732,14733950.099999998,9066.5498046875,-33.582114059051015,20
2020-05-21,14901434.088301018,37066.23830101732,14864367.850000001,9106.25,-32.99569054926754,20
2020-05-22,14833095.338301014,37066.23830101732,14796029.099999998,9039.25,-33.302975789422476,20
2020-05-26,14904670.038301015,37066.23830101732,14867603.799999997,9029.0498046875,-32.98114009768804,20
2020-05-27,14719227.338301018,37066.23830101732,14682161.100000001,9314.9501953125,-33.81498333603342,20
2020-05-28,14852970.138301017,37066.23830101732,14815903.899999999,9490.099609375,-33.21360873645426,20
2020-05-29,15009180.588301018,37066.23830101732,14972114.350000001,9580.2998046875,-32.51120833195523,20
2020-06-01,15157119.082922494,-1503.1670775082894,15158622.250000002,9826.150390625,-31.846002780962312,20
2020-06-02,15325736.132922491,-1503.1670775082894,15327239.299999999,9979.099609375,-31.087816090344432,20
2020-06-03,15355821.532922493,-1503.1670775082894,15357324.700000001,10061.5498046875,-30.952537066889107,20
2020-06-04,15373582.032922491,-1503.1670775082894,15375085.2,10029.099609375,-30.87267696544197,20
2020-06-05,15519136.832922492,-1503.1670775082894,15520640.0,10142.150390625,-30.21818969908575,20
2020-06-08,15374835.082922492,-1503.1670775082894,15376338.25,10167.4501953125,-30.86704262518587,20
2020-06-09,15196587.63292249,-1503.1670775082894,15198090.799999997,10046.650390625,-31.668532416559756,20
2020-06-10,15406989.882922491,-1503.1670775082894,15408493.049999999,10116.150390625,-30.722458543092866,20
2020-06-11,15227748.732922493,-1503.1670775082894,15229251.9,9902.0,-31.52841650725512,20
2020-06-12,15338220.48292249,-1503.1670775082894,15339723.649999999,9972.900390625,-31.031680201292787,20
2020-06-15,15370548.182922488,-1503.1670775082894,15372051.349999996,9813.7001953125,-30.886318674221325,20
2020-06-16,15522951.83292249,-1503.1670775082894,15524454.999999998,9914.0,-30.201035548750976,20
2020-06-17,15574372.98292249,-1503.1670775082894,15575876.149999999,9881.150390625,-29.969820309566884,20
2020-06-18,15692612.932922494,-1503.1670775082894,15694116.100000001,10091.650390625,-29.43815428653227,20
2020-06-19,15921037.832922496,-1503.1670775082894,15922541.000000004,10244.400390625,-28.411041553948436,20
2020-06-22,16120588.032922493,-1503.1670775082894,16122091.200000001,10311.2001953125,-27.513763931370317,20
2020-06-23,16385834.23292249,-1503.1670775082894,16387337.399999999,10471.0,-26.321084195975995,20
2020-06-24,16088376.23292249,-1503.1670775082894,16089879.399999999,10305.2998046875,-27.658604314005686,20
2020-06-25,16078727.682922492,-1503.1670775082894,16080230.85,10288.900390625,-27.70198902625015,20
2020-06-26,15931617.982922493,-1503.1670775082894,15933121.15,10383.0,-28.36346790161175,20
2020-06-29,15811046.532922491,-1503.1670775082894,15812549.7,10312.400390625,-28.9056175161288,20
2020-06-30,15763898.18292249,-1503.1670775082894,15765401.349999998,10302.099609375,-29.11762010693795,20
2020-07-01,15591969.331663597,-600.6183364028111,15592569.95,10430.0498046875,-29.890698314377318,20
2020-07-02,15630015.081663597,-600.6183364028111,15630615.7,10551.7001953125,-29.71962557123198,20
2020-07-03,15714215.0316636,-600.6183364028111,15714815.650000002,10607.349609375,-29.341020433491195,20
2020-07-06,15843333.031663598,-600.6183364028111,15843933.650000002,10763.650390625,-28.760441250548542,20
2020-07-07,15915495.381663596,-600.6183364028111,15916096.0,10799.650390625,-28.43596319015247,20
2020-07-08,15951644.481663598,-600.6183364028111,15952245.100000001,10705.75,-28.27341873514144,20
2020-07-09,16249910.531663597,-600.6183364028111,16250511.149999999,10813.4501953125,-26.932265219686325,20
2020-07-10,16287117.731663594,-600.6183364028111,16287718.349999998,10768.0498046875,-26.764963017239086,20
2020-07-13,16341740.681663597,-600.6183364028111,16342341.3,10802.7001953125,-26.519350881975846,20
2020-07-14,16131418.431663597,-600.6183364028111,16132019.05,10607.349609375,-27.465065035383283,20
2020-07-15,16183254.9816636,-600.6183364028111,16183855.600000001,10618.2001953125,-27.23198194979051,20
2020-07-16,16153791.131663596,-600.6183364028111,16154391.75,10739.9501953125,-27.36446617320899,20
2020-07-17,16309182.231663598,-600.6183364028111,16309782.850000001,10901.7001953125,-26.665749976593787,20
2020-07-20,16528042.331663597,-600.6183364028111,16528642.95,11022.2001953125,-25.681645374317196,20
2020-07-21,16592033.231663598,-600.6183364028111,16592633.850000001,11162.25,-25.393910244918004,20
2020-07-22,16684690.131663598,-600.6183364028111,16685290.75,11132.599609375,-24.977278425218195,20
2020-07-23,16922217.9816636,-600.6183364028111,16922818.6,11215.4501953125,-23.909234271195313,20
2020-07-24,17027937.831663597,-600.6183364028111,17028538.45,11194.150390625,-23.43386488711393,20
2020-07-27,16844455.081663597,-600.6183364028111,16845055.7,11131.7998046875,-24.25889520882796,20
2020-07-28,16948611.181663595,-600.6183364028111,16949211.799999997,11300.5498046875,-23.790557227783548,20
2020-07-29,16889163.081663597,-600.6183364028111,16889763.7,11202.849609375,-24.05786565360716,20
2020-07-30,16816220.631663598,-600.6183364028111,16816821.25,11102.150390625,-24.385851434232897,20
2020-07-31,17116345.631663594,-600.6183364028111,17116946.249999996,11073.4501953125,-23.036339148721485,20
2020-08-03,17489244.088758137,3847496.0387581373,13641748.05,10891.599609375,-21.359600959309265,15
2020-08-04,17650969.93875814,3847496.0387581373,13803473.900000002,11095.25,-20.63240055461195,15
2020-08-05,17915539.938758135,3847496.0387581373,14068043.899999999,11101.650390625,-19.4427613530201,15
2020-08-06,17938528.438758135,3847496.0387581373,14091032.399999999,11200.150390625,-19.33939354568822,15
2020-08-07,18113633.388758138,3847496.0387581373,14266137.350000001,11214.0498046875,-18.552034007899397,15
2020-08-10,18615334.23875814,3847496.0387581373,14767838.200000003,11270.150390625,-16.296135763079644,15
2020-08-11,18631490.138758134,3847496.0387581373,14783994.099999998,11322.5,-16.223490746724835,15
2020-08-12,18473753.888758138,3847496.0387581373,14626257.850000001,11308.400390625,-16.932751912057597,15
2020-08-13,18508428.63875814,3847496.0387581373,14660932.600000005,11300.4501953125,-16.7768368729171,15
2020-08-14,18285052.288758136,3847496.0387581373,14437556.25,11178.400390625,-17.781248796674564,15
2020-08-17,18349200.83875814,3847496.0387581373,14501704.800000004,11247.099609375,-17.492804793933203,15
2020-08-18,18484019.68875814,3847496.0387581373,14636523.650000002,11385.349609375,-16.88659173472947,15
2020-08-19,18565420.188758135,3847496.0387581373,14717924.149999999,11408.400390625,-16.520574325993888,15
2020-08-20,18564176.73875814,3847496.0387581373,14716680.700000003,11312.2001953125,-16.526165499842826,15
2020-08-21,18802774.588758137,3847496.0387581373,14955278.55,11371.599609375,-15.453310090024885,15
2020-08-24,19265976.888758134,3847496.0387581373,15418480.849999998,11466.4501953125,-13.370520603886948,15
2020-08-25,19230418.738758136,3847496.0387581373,15382922.7,11472.25,-13.530407851783844,15
2020-08-26,19251531.688758135,3847496.0387581373,15404035.649999999,11549.599609375,-13.43547345642062,15
2020-08-27,19340292.03875814,3847496.0387581373,15492796.000000004,11559.25,-13.036362476691165,15
2020-08-28,19137500.738758136,3847496.0387581373,15290004.7,11647.599609375,-13.948213707827662,15
2020-08-31,18525641.388758134,3847496.0387581373,14678145.349999998,11387.5,-16.699439729751997,15
2020-09-01,18655197.954973176,-927.2950268224813,18656125.25,11470.25,-16.11688853349752,20
2020-09-02,19439841.254973177,-927.2950268224813,19440768.55,11535.0,-12.588739352009027,20
2020-09-03,19497446.304973178,-927.2950268224813,19498373.6,11527.4501953125,-12.329718201879913,20
2020-09-04,19367734.104973175,-927.2950268224813,19368661.4,11333.849609375,-12.912969205564107,20
2020-09-07,19544038.754973177,-927.2950268224813,19544966.05,11355.0498046875,-12.120215215833841,20
2020-09-08,19763310.754973177,-927.2950268224813,19764238.05,11317.349609375,-11.134258504901196,20
2020-09-09,19641113.804973174,-927.2950268224813,19642041.099999998,11278.0,-11.683717181376096,20
2020-09-10,19849749.204973176,-927.2950268224813,19850676.5,11449.25,-10.745587950247081,20
2020-09-11,19755104.504973177,-927.2950268224813,19756031.8,11464.4501953125,-11.171157914123942,20
2020-09-14,20829816.354973175,-927.2950268224813,20830743.65,11440.0498046875,-6.33871528202159,20
2020-09-15,14452131.106834456,-927.2950268224813,14453058.401861278,11521.7998046875,-35.01598173929183,20
2020-09-16,14542392.61409764,-927.2950268224813,14543319.909124462,11604.5498046875,-34.61012080481305,20
2020-09-17,14361087.595268294,-927.2950268224813,14362014.890295116,11516.099609375,-35.42535895670004,20
2020-09-18,14380682.38628392,-927.2950268224813,14381609.681310741,11504.9501953125,-35.33725096433814,20
2020-09-21,14050251.72624974,-927.2950268224813,14051179.021276562,11250.5498046875,-36.823032672712245,20
2020-09-22,13942540.693809554,-927.2950268224813,13943467.988836376,11153.650390625,-37.30735541011549,20
2020-09-23,13958144.45092015,-927.2950268224813,13959071.745946972,11131.849609375,-37.23719310467314,20
2020-09-24,13709613.729332015,-927.2950268224813,13710541.024358837,10805.5498046875,-38.35471167896789,20
2020-09-25,14040867.904014632,-927.2950268224813,14041795.199041454,11050.25,-36.86522703636517,20
2020-09-28,14461618.48506932,-927.2950268224813,14462545.780096142,11227.5498046875,-34.97332173600907,20
2020-09-29,14458937.328971907,-927.2950268224813,14459864.62399873,11222.400390625,-34.98537755639334,20
2020-09-30,14474676.748085067,-927.2950268224813,14475604.043111889,11247.5498046875,-34.91460524665566,20
2020-10-01,14353901.588603761,-962.1487467031693,14354863.737350464,11416.9501953125,-35.45767084100676,20
2020-10-05,14386998.861522462,-962.1487467031693,14387961.010269165,11503.349609375,-35.308848928734506,20
2020-10-06,14410253.35512903,-962.1487467031693,14411215.503875732,11662.400390625,-35.20428508095305,20
2020-10-07,14211100.260951784,-962.1487467031693,14212062.409698486,11738.849609375,-36.0997771169041,20
2020-10-08,14086114.05433252,-962.1487467031693,14087076.203079224,11834.599609375,-36.66177768784009,20
2020-10-09,13987647.20717981,-962.1487467031693,13988609.355926514,11914.2001953125,-37.1045339392292,20
2020-10-12,14087097.388194826,-962.1487467031693,14088059.536941528,11930.9501953125,-36.65735612639756,20
2020-10-13,14087258.91472986,-962.1487467031693,14088221.063476562,11934.5,-36.65662982221275,20
2020-10-14,14107507.824931886,-962.1487467031693,14108469.973678589,11971.0498046875,-36.56558058244315,20
2020-10-15,13869003.204768922,-962.1487467031693,13869965.353515625,11680.349609375,-37.6380167842296,20
2020-10-16,14107049.751003053,-962.1487467031693,14108011.899749756,11762.4501953125,-36.56764031220452,20
2020-10-19,14207115.548900392,-962.1487467031693,14208077.697647095,11873.0498046875,-36.11769437760406,20
2020-10-20,14227309.949733522,-962.1487467031693,14228272.098480225,11896.7998046875,-36.02689023925221,20
2020-10-21,14188525.123210695,-962.1487467031693,14189487.271957397,11937.650390625,-36.20128624053163,20
2020-10-22,14285924.088191774,-962.1487467031693,14286886.236938477,11896.4501953125,-35.76333172212075,20
2020-10-23,14288915.236491945,-962.1487467031693,14289877.385238647,11930.349609375,-35.74988202156643,20
2020-10-26,14210844.2824209,-962.1487467031693,14211806.431167603,11767.75,-36.100928124558415,20
2020-10-27,14314821.274654176,-962.1487467031693,14315783.423400879,11889.400390625,-35.63339550172016,20
2020-10-28,14267261.777461793,-962.1487467031693,14268223.926208496,11729.599609375,-35.847246816185354,20
2020-10-29,14228182.413310792,-962.1487467031693,14229144.562057495,11670.7998046875,-36.02296720612872,20
2020-10-30,14355536.852580812,-962.1487467031693,14356499.001327515,11642.400390625,-35.450317875318845,20
2020-11-02,14141209.45756128,-962.1487467031693,14142171.606307983,11669.150390625,-36.41404116628267,20
2020-11-03,14360178.20946863,-962.1487467031693,14361140.358215332,11813.5,-35.429448010623965,20
2020-11-04,14445646.624370363,-962.1487467031693,14446608.773117065,11908.5,-35.045139219510006,20
2020-11-05,14695577.77158716,-962.1487467031693,14696539.920333862,12120.2998046875,-33.92132363033538,20
2020-11-06,14804913.063503053,-962.1487467031693,14805875.212249756,12263.5498046875,-33.42969740899267,20
2020-11-09,14933476.5709646,-962.1487467031693,14934438.719711304,12461.0498046875,-32.85161150216119,20
2020-11-10,14648111.062297609,-962.1487467031693,14649073.211044312,12631.099609375,-34.13475772392655,20
2020-11-11,14850595.592372682,-962.1487467031693,14851557.741119385,12749.150390625,-33.22428588398545,20
2020-11-12,15112906.445171144,-962.1487467031693,15113868.593917847,12690.7998046875,-32.04480493946399,20
2020-11-13,15354055.753337648,-962.1487467031693,15355017.90208435,12719.9501953125,-30.96047689610445,20
2020-11-14,15438094.282237794,-962.1487467031693,15439056.430984497,12719.9501953125,-30.582597588459116,20
2020-11-17,15569256.049083497,-962.1487467031693,15570218.1978302,12874.2001953125,-29.992828606376108,20
2020-11-18,15669026.948009279,-962.1487467031693,15669989.096755981,12938.25,-29.544208685220386,20
2020-11-19,15567495.652690675,-962.1487467031693,15568457.801437378,12771.7001953125,-30.000744230064523,20
2020-11-20,15693592.127452638,-962.1487467031693,15694554.27619934,12859.0498046875,-29.43375133759988,20
2020-11-23,16092848.62969568,-962.1487467031693,16093810.778442383,12926.4501953125,-27.638494178591767,20
2020-11-24,16297792.809581544,-962.1487467031693,16298754.958328247,13055.150390625,-26.716962521448785,20
2020-11-25,15932220.783916261,-962.1487467031693,15933182.932662964,12858.400390625,-28.360757406495352,20
2020-11-26,15871299.603832033,-962.1487467031693,15872261.752578735,12987.0,-28.634689538012292,20
2020-11-27,16443871.903575685,-962.1487467031693,16444834.052322388,12968.9501953125,-26.060117766758328,20
2020-12-01,16496518.465434816,-962.1487467031693,16497480.614181519,13109.0498046875,-25.823392462239102,20
2020-12-02,16441318.581950929,-962.1487467031693,16442280.730697632,13113.75,-26.071598779341322,20
2020-12-03,16326258.929363038,-962.1487467031693,16327221.078109741,13133.900390625,-26.588964592699206,20
2020-12-04,16362505.35714319,-962.1487467031693,16363467.505889893,13258.5498046875,-26.42598250325242,20
2020-12-07,16329266.764827516,-962.1487467031693,16330228.913574219,13355.75,-26.57543985829818,20
2020-12-08,16252589.707484987,-962.1487467031693,16253551.85623169,13392.9501953125,-26.92021830361465,20
2020-12-09,16275276.598476198,-962.1487467031693,16276238.7472229,13529.099609375,-26.818206681414914,20
2020-12-10,16258028.465083864,-962.1487467031693,16258990.613830566,13478.2998046875,-26.895762926029974,20
2020-12-11,16154444.59164026,-962.1487467031693,16155406.740386963,13513.849609375,-27.36152788993835,20
2020-12-14,16095948.94646814,-962.1487467031693,16096911.095214844,13558.150390625,-27.624553601920677,20
2020-12-15,16118848.391246583,-962.1487467031693,16119810.539993286,13567.849609375,-27.521586231458706,20
2020-12-16,16217408.98681238,-962.1487467031693,16218371.135559082,13682.7001953125,-27.078408440260482,20
2020-12-17,16271681.059337404,-962.1487467031693,16272643.208084106,13740.7001953125,-26.834374025824204,20
2020-12-18,16204961.2012594,-962.1487467031693,16205923.350006104,13760.5498046875,-27.13437991724893,20
2020-12-21,15580459.603587892,-962.1487467031693,15581421.752334595,13328.400390625,-29.94245181522217,20
2020-12-22,15925885.209361818,-962.1487467031693,15926847.35810852,13466.2998046875,-28.38924532218713,20
2020-12-23,16386357.553066041,-962.1487467031693,16387319.701812744,13601.099609375,-26.318731086561662,20
2020-12-24,16444357.207912233,-962.1487467031693,16445319.356658936,13749.25,-26.057935595448434,20
2020-12-28,16560639.299663331,-962.1487467031693,16561601.448410034,13873.2001953125,-25.53507308348484,20
2020-12-29,16612347.854671266,-962.1487467031693,16613310.003417969,13932.599609375,-25.302565527469,20
2020-12-30,16614423.473857667,-962.1487467031693,16615385.62260437,13981.9501953125,-25.293232504255037,20
2020-12-31,16616126.870204713,-962.1487467031693,16617089.018951416,13981.75,-25.285573181314813,20
2021-01-01,16784203.242202252,-545.6526112868451,16784748.894813538,14018.5,-24.529817649736742,20
2021-01-04,17014653.8256869,-545.6526112868451,17015199.478298187,14132.900390625,-23.493596429858986,20
2021-01-05,17141313.449656934,-545.6526112868451,17141859.10226822,14199.5,-22.924071336561802,20
2021-01-06,17281193.34002444,-545.6526112868451,17281738.992635727,14146.25,-22.295101305584897,20
2021-01-07,17417242.11436984,-545.6526112868451,17417787.766981125,14137.349609375,-21.683357890648157,20
2021-01-08,17301247.968871564,-545.6526112868451,17301793.62148285,14347.25,-22.20492565207198,20
2021-01-11,17158647.477134198,-545.6526112868451,17159193.129745483,14484.75,-22.846128869130034,20
2021-01-12,17064217.664981335,-545.6526112868451,17064763.31759262,14563.4501953125,-23.270732589642563,20
2021-01-13,17038629.386653394,-545.6526112868451,17039175.03926468,14564.849609375,-23.385790302157826,20
2021-01-14,17208029.507255048,-545.6526112868451,17208575.159866333,14595.599609375,-22.624082533997726,20
2021-01-15,16926673.2867541,-545.6526112868451,16927218.939365387,14433.7001953125,-23.8892009885453,20
2021-01-18,16723642.21065089,-545.6526112868451,16724187.863262177,14281.2998046875,-24.802130373108035,20
2021-01-19,17039732.065915555,-545.6526112868451,17040277.71852684,14521.150390625,-23.380832104036166,20
2021-01-20,17117058.570203274,-545.6526112868451,17117604.22281456,14644.7001953125,-23.033133420048056,20
2021-01-21,16965352.157954663,-545.6526112868451,16965897.81056595,14590.349609375,-23.715281415451184,20
2021-01-22,16692514.912589518,-545.6526112868451,16693060.565200806,14371.900390625,-24.942094291970495,20
2021-01-25,16598715.69414088,-545.6526112868451,16599261.346752167,14238.900390625,-25.363862547423423,20
2021-01-27,16637286.461337535,-545.6526112868451,16637832.113948822,13967.5,-25.190429064063203,20
2021-01-28,16446160.389342753,-545.6526112868451,16446706.04195404,13817.5498046875,-26.049827588806217,20
2021-01-29,16339821.836738078,-545.6526112868451,16340367.489349365,13634.599609375,-26.52797896960927,20
2021-02-01,16615218.380053168,-1316.782285088906,16616535.162338257,14281.2001953125,-25.2896582079563,20
2021-02-02,16913359.7680384,-1316.782285088906,16914676.55032349,14647.849609375,-23.949065235343227,20
2021-02-03,17238257.299919732,-1316.782285088906,17239574.082204822,14789.9501953125,-22.48816324181986,20
2021-02-04,17288327.026510842,-1316.782285088906,17289643.808795933,14895.650390625,-22.263024678998022,20
2021-02-05,17269092.748497613,-1316.782285088906,17270409.530782703,14924.25,-22.349511624376774,20
2021-02-08,17295321.595844872,-1316.782285088906,17296638.378129963,15115.7998046875,-22.231573592790166,20
2021-02-09,17448867.361237176,-1316.782285088906,17450184.143522266,15109.2998046875,-21.541154944609676,20
2021-02-10,17483550.328556664,-1316.782285088906,17484867.110841755,15106.5,-21.385202956285998,20
2021-02-11,17824836.153271325,-1316.782285088906,17826152.935556415,15173.2998046875,-19.850610991860062,20
2021-02-12,17736612.11791671,-1316.782285088906,17737928.9002018,15163.2998046875,-20.247310432387998,20
2021-02-15,17861258.687073357,-1316.782285088906,17862575.469358448,15314.7001953125,-19.686837041555027,20
2021-02-16,18170809.679924615,-1316.782285088906,18172126.462209705,15313.4501953125,-18.29494077218382,20
2021-02-17,18184832.40213836,-1316.782285088906,18186149.18442345,15208.900390625,-18.231887591329965,20
2021-02-18,18223295.53564895,-1316.782285088906,18224612.31793404,15118.9501953125,-18.058938082919106,20
2021-02-19,17942265.308918603,-1316.782285088906,17943582.091203693,14981.75,-19.322590706234955,20
2021-02-22,17788583.42688621,-1316.782285088906,17789900.2091713,14675.7001953125,-20.013621402988758,20
2021-02-23,18011152.37136901,-1316.782285088906,18012469.153654102,14707.7998046875,-19.012839978739336,20
2021-02-24,18129878.675411828,-1316.782285088906,18131195.45769692,14982.0,-18.47898706438983,20
2021-02-25,18247526.869021066,-1316.782285088906,18248843.651306156,15097.349609375,-17.949981874406006,20
2021-02-26,18180915.24606002,-1316.782285088906,18182232.02834511,14529.150390625,-18.249501086546903,20
2021-03-01,18521639.66306693,4487794.256538459,14033845.406528473,14761.5498046875,-16.717433492296017,14
2021-03-02,18886939.24465949,4487794.256538459,14399144.988121033,14919.099609375,-15.074863652224902,14
2021-03-03,19182324.08337409,4487794.256538459,14694529.826835632,15245.599609375,-13.746665505455502,14
2021-03-04,19366540.930870123,4487794.256538459,14878746.674331665,15080.75,-12.91833431380508,14
2021-03-05,19222453.474010535,4487794.256538459,14734659.217472076,14938.099609375,-13.56622367064011,14
2021-03-08,19311872.260978766,4487794.256538459,14824078.004440308,14956.2001953125,-13.16415202859378,14
2021-03-09,19208956.42916877,4487794.256538459,14721162.17263031,15098.400390625,-13.626913142800257,14
2021-03-10,19466826.39794547,4487794.256538459,14979032.141407013,15174.7998046875,-12.467400636582482,14
2021-03-12,19471985.933918066,4487794.256538459,14984191.677379608,15030.9501953125,-12.444200779247849,14
2021-03-15,19597274.11382682,4487794.256538459,15109479.85728836,14929.5,-11.880842385191281,14
2021-03-16,19594931.930603094,4487794.256538459,15107137.674064636,14910.4501953125,-11.89137401379714,14
2021-03-17,19205500.501632757,4487794.256538459,14717706.2450943,14721.2998046875,-13.642452723533893,14
2021-03-18,19020988.57960517,4487794.256538459,14533194.323066711,14557.849609375,-14.472110718034713,14
2021-03-19,19128836.059104986,4487794.256538459,14641041.802566528,14744.0,-13.987174446326446,14
2021-03-22,19388524.023948736,4487794.256538459,14900729.767410278,14736.400390625,-12.819487319442302,14
2021-03-23,19680367.483734198,4487794.256538459,15192573.22719574,14814.75,-11.507212985659244,14
2021-03-24,19472511.507942267,4487794.256538459,14984717.251403809,14549.400390625,-12.441837535257505,14
2021-03-25,19087438.199737616,4487794.256538459,14599643.943199158,14324.900390625,-14.173319951732989,14
2021-03-26,19358185.077362128,4487794.256538459,14870390.82082367,14507.2998046875,-12.9559064153127,14
2021-03-30,19588438.7059365,4487794.256538459,15100644.44939804,14845.099609375,-11.920570803335362,14
2021-03-31,19676678.629692145,4487794.256538459,15188884.373153687,14690.7001953125,-11.523799920600375,14
2021-04-01,19928691.20428429,-7089.246179955779,19935780.45046425,14867.349609375,-10.390625191685865,20
2021-04-05,20134255.76711045,-7089.246179955779,20141345.013290405,14637.7998046875,-9.46630398219087,20
2021-04-06,20443684.574916463,-7089.246179955779,20450773.82109642,14683.5,-8.074957117966386,20
2021-04-07,20509864.543272596,-7089.246179955779,20516953.789452553,14819.0498046875,-7.7773788410772315,20
2021-04-08,20263483.11289082,-7089.246179955779,20270572.359070778,14873.7998046875,-8.885233125865511,20
2021-04-09,20475374.30457936,-7089.246179955779,20482463.550759315,14834.849609375,-7.932464224989744,20
2021-04-12,19286695.01573811,-7089.246179955779,19293784.261918068,14310.7998046875,-13.277361530526633,20
2021-04-13,19414091.297064405,-7089.246179955779,19421180.543244362,14504.7998046875,-12.70452405687963,20
2021-04-15,19586743.153174024,-7089.246179955779,19593832.39935398,14581.4501953125,-11.928194857591723,20
2021-04-16,19716055.380183797,-7089.246179955779,19723144.626363754,14617.849609375,-11.3467423327553,20
2021-04-19,19501438.31965981,-7089.246179955779,19508527.565839767,14359.4501953125,-12.311768104875153,20
2021-04-20,19665633.651064496,-7089.246179955779,19672722.897244453,14296.400390625,-11.573463675206696,20
2021-04-22,19883546.321996313,-7089.246179955779,19890635.56817627,14406.150390625,-10.593619188439195,20
2021-04-23,20035144.94139729,-7089.246179955779,20042234.187577248,14341.349609375,-9.911955883655555,20
2021-04-26,20041229.28971825,-7089.246179955779,20048318.53589821,14485.0,-9.884597606909306,20
2021-04-27,20286000.044253927,-7089.246179955779,20293089.290433884,14653.0498046875,-8.783985727259836,20
2021-04-28,20442545.971282583,-7089.246179955779,20449635.21746254,14864.5498046875,-8.080076850052187,20
2021-04-29,20553963.797523122,-7089.246179955779,20561053.04370308,14894.900390625,-7.579086511571265,20
2021-04-30,20631640.1776043,-7089.246179955779,20638729.423784256,14631.099609375,-7.229814610817897,20
2021-05-03,21135500.846804254,-4046.5918096362147,21139547.43861389,14634.150390625,-4.964204737360667,20
2021-05-04,21070327.47252523,-4046.5918096362147,21074374.06433487,14496.5,-5.257256863234138,20
2021-05-05,21322881.08785879,-4046.5918096362147,21326927.679668427,14617.849609375,-4.121649344223844,20
2021-05-06,21715916.683508508,-4046.5918096362147,21719963.275318146,14724.7998046875,-2.3543644963351373,20
2021-05-07,21833484.604197137,-4046.5918096362147,21837531.196006775,14823.150390625,-1.825720253598473,20
2021-05-10,21907848.14150106,-4046.5918096362147,21911894.7333107,14942.349609375,-1.4913445528546787,20
2021-05-11,21742418.821280114,-4046.5918096362147,21746465.413089752,14850.75,-2.2351976141523733,20
2021-05-12,21504739.589632623,-4046.5918096362147,21508786.18144226,14696.5,-3.303922455865693,20
2021-05-14,20696084.094538324,-4046.5918096362147,20700130.68634796,14677.7998046875,-6.940042490438236,20
2021-05-17,21241709.318380944,-4046.5918096362147,21245755.910190582,14923.150390625,-4.486638265996612,20
2021-05-18,21643296.13851797,-4046.5918096362147,21647342.730327606,15108.099609375,-2.6809028308466543,20
2021-05-19,21592301.993486993,-4046.5918096362147,21596348.58529663,15030.150390625,-2.910198041870238,20
2021-05-20,21554408.68517553,-4046.5918096362147,21558455.27698517,14906.0498046875,-3.0805853308497944,20
2021-05-21,21678448.05163061,-4046.5918096362147,21682494.643440247,15175.2998046875,-2.5228422274156226,20
2021-05-24,21822636.29576742,-4046.5918096362147,21826682.887577057,15197.7001953125,-1.8744996805136638,20
2021-05-25,21852738.257540338,-4046.5918096362147,21856784.849349976,15208.4501953125,-1.739146187034124,20
2021-05-26,21729099.607794397,-4046.5918096362147,21733146.199604034,15301.4501953125,-2.2950874674879107,20
2021-05-27,21904013.278124444,-4046.5918096362147,21908059.869934082,15337.849609375,-1.5085880188771772,20
2021-05-28,21945995.164389245,-4046.5918096362147,21950041.756198883,15435.650390625,-1.319816436092358,20
2021-05-31,22043000.992037408,-4046.5918096362147,22047047.583847046,15582.7998046875,-0.8836296599910698,20
2021-06-01,21980567.986921906,-2936.759858491132,21983504.7467804,15574.849609375,-1.1643597138844997,20
2021-06-02,22669814.75600493,-2936.759858491132,22672751.515863422,15576.2001953125,0.0,20
2021-06-03,23014969.114283204,-2936.759858491132,23017905.874141697,15690.349609375,0.0,20
2021-06-04,23224662.893669724,-2936.759858491132,23227599.653528217,15670.25,0.0,20
2021-06-07,23371479.310968995,-2936.759858491132,23374416.070827488,15751.650390625,0.0,20
2021-06-08,23676364.717146516,-2936.759858491132,23679301.47700501,15740.099609375,0.0,20
2021-06-09,23305772.577253938,-2936.759858491132,23308709.33711243,15635.349609375,-1.5652408818664365,20
2021-06-10,23656844.616341233,-2936.759858491132,23659781.376199726,15737.75,-0.0824455149195491,20
2021-06-11,23895794.558790803,-2936.759858491132,23898731.318649296,15799.349609375,0.0,20
2021-06-14,23780364.79307425,-2936.759858491132,23783301.552932743,15811.849609375,-0.4830547292853593,20
2021-06-15,23619382.73794043,-2936.759858491132,23622319.497798923,15869.25,-1.1567383548193644,20
2021-06-16,23394996.070143342,-2936.759858491132,23397932.830001835,15767.5498046875,-2.0957599355625023,20
2021-06-17,22990908.179255128,-2936.759858491132,22993844.93911362,15691.400390625,-3.786801804432094,20
2021-06-18,22712591.467405915,-2936.759858491132,22715528.227264408,15683.349609375,-4.95151181716873,20
2021-06-21,23229195.424597383,-2936.759858491132,23232132.184455875,15746.5,-2.789608575489666,20
2021-06-22,23833892.134634614,-2936.759858491132,23836828.894493107,15772.75,-0.2590515414914951,20
2021-06-23,23414117.324774384,-2936.759858491132,23417054.084632877,15686.9501953125,-2.0157406058683214,20
2021-06-24,23120116.867455125,-2936.759858491132,23123053.627313618,15790.4501953125,-3.246084533524418,20
2021-06-25,23052710.590515733,-2936.759858491132,23055647.350374226,15860.349609375,-3.5281688005846856,20
2021-06-28,22921692.565045,-2936.759858491132,22924629.324903492,15814.7001953125,-4.076457852653615,20
2021-06-29,22875518.608160615,-2936.759858491132,22878455.368019108,15748.4501953125,-4.2696883257847045,20
2021-06-30,22941982.613733888,-2936.759858491132,22944919.37359238,15721.5,-3.991547310595811,20
2021-07-01,22529679.999932617,-3559.0385805680417,22533239.038513184,15680.0,-5.716966454064276,20
2021-07-02,22884037.19965872,-3559.0385805680417,22887596.23823929,15722.2001953125,-4.234039410754287,20
2021-07-05,23217828.82673201,-3559.0385805680417,23221387.865312576,15834.349609375,-2.8371759323206236,20
2021-07-06,22918127.334229797,-3559.0385805680417,22921686.372810364,15818.25,-4.091377761704685,20
2021-07-07,22815312.700311035,-3559.0385805680417,22818871.7388916,15879.650390625,-4.521640223435385,20
2021-07-08,22835534.509688705,-3559.0385805680417,22839093.54826927,15727.900390625,-4.437015251757126,20
2021-07-09,22974183.78100714,-3559.0385805680417,22977742.819587708,15689.7998046875,-3.8567906813737562,20
2021-07-12,22926689.985488266,-3559.0385805680417,22930249.024068832,15692.599609375,-4.055544463768513,20
2021-07-13,22754343.97154364,-3559.0385805680417,22757903.010124207,15812.349609375,-4.776784402120859,20
2021-07-14,22754440.931088775,-3559.0385805680417,22757999.969669342,15853.9501953125,-4.776378642250023,20
2021-07-15,22896581.007974,-3559.0385805680417,22900140.046554565,15924.2001953125,-4.181545620332649,20
2021-07-16,23064658.678044647,-3559.0385805680417,23068217.716625214,15923.400390625,-3.4781680044215,20
2021-07-19,23077744.931191772,-3559.0385805680417,23081303.96977234,15752.400390625,-3.423404170915445,20
2021-07-20,22675809.554162353,-3559.0385805680417,22679368.59274292,15632.099609375,-5.105438120615413,20
2021-07-22,22842286.710294098,-3559.0385805680417,22845845.748874664,15824.0498046875,-4.408758394305579,20
2021-07-23,22748345.52028212,-3559.0385805680417,22751904.558862686,15856.0498046875,-4.801886941593914,20
2021-07-26,22878172.71471533,-3559.0385805680417,22881731.7532959,15824.4501953125,-4.258581323051702,20
2021-07-27,22748131.136227936,-3559.0385805680417,22751690.174808502,15746.4501953125,-4.802784103869295,20
2021-07-28,22547120.157010406,-3559.0385805680417,22550679.195590973,15709.400390625,-5.64398224324475,20
2021-07-29,22651405.317075104,-3559.0385805680417,22654964.35565567,15778.4501953125,-5.207565869609942,20
2021-07-30,22846152.99396071,-3559.0385805680417,22849712.032541275,15763.0498046875,-4.392578628208666,20
2021-08-02,23029016.839266904,-3747.1881912882673,23032764.02745819,15885.150390625,-3.627323282309647,20
2021-08-03,23217583.968272336,-3747.1881912882673,23221331.156463623,16130.75,-2.838200625009002,20
2021-08-04,22934309.97828973,-3747.1881912882673,22938057.166481018,16258.7998046875,-4.023656037615875,20
2021-08-05,23146561.44353021,-3747.1881912882673,23150308.631721497,16294.599609375,-3.135418298886261,20
2021-08-06,23096427.3622619,-3747.1881912882673,23100174.550453186,16238.2001953125,-3.3452212461997144,20
2021-08-09,22977929.53237451,-3747.1881912882673,22981676.720565796,16258.25,-3.841115323276123,20
2021-08-10,22542870.776026852,-3747.1881912882673,22546617.96421814,16280.099609375,-5.661765209084613,20
2021-08-11,22466467.308024533,-3747.1881912882673,22470214.49621582,16282.25,-5.9815012522379085,20
2021-08-12,23171795.778895505,-3747.1881912882673,23175542.967086792,16364.400390625,-3.0298167240852547,20
2021-08-13,23284681.507060178,-3747.1881912882673,23288428.695251465,16529.099609375,-2.557408376721282,20
2021-08-16,23486195.32156671,-3747.1881912882673,23489942.509757996,16563.05078125,-1.714105953733236,20
2021-08-17,23526607.362551816,-3747.1881912882673,23530354.550743103,16614.599609375,-1.5449881581910851,20
2021-08-18,23368910.15758813,-3747.1881912882673,23372657.34577942,16568.849609375,-2.204925221910403,20
2021-08-20,22635894.08378137,-3747.1881912882673,22639641.271972656,16450.5,-5.272477849228663,20
2021-08-23,22107939.41114343,-3747.1881912882673,22111686.599334717,16496.44921875,-7.48188198240789,20
2021-08-24,22357570.2765838,-3747.1881912882673,22361317.464775085,16624.599609375,-6.437217554840091,20
2021-08-25,22553728.932360776,-3747.1881912882673,22557476.120552063,16634.650390625,-5.616325597075855,20
2021-08-26,22569201.976573117,-3747.1881912882673,22572949.164764404,16636.900390625,-5.551573432529611,20
2021-08-27,22847555.810801633,-3747.1881912882673,22851302.99899292,16705.19921875,-4.386708068694634,20
2021-08-30,23236698.304576047,-3747.1881912882673,23240445.492767334,16931.05078125,-2.7582102473855064,20
2021-08-31,23329863.55842889,-3747.1881912882673,23333610.74662018,17132.19921875,-2.368328866276248,20
2021-09-01,23306806.960057855,-2692.7257560497383,23309499.685813904,17076.25,-2.4648169672025877,20
2021-09-02,23464988.752751946,-2692.7257560497383,23467681.478507996,17234.150390625,-1.8028519829250467,20
2021-09-03,23579049.381932855,-2692.7257560497383,23581742.107688904,17323.599609375,-1.3255268665733677,20
2021-09-06,23611158.44472277,-2692.7257560497383,23613851.17047882,17377.80078125,-1.1911556795809464,20
2021-09-07,23614891.075582147,-2692.7257560497383,23617583.801338196,17362.099609375,-1.1755352286677456,20
2021-09-08,23931895.788030267,-2692.7257560497383,23934588.513786316,17353.5,0.0,20
2021-09-09,24155124.909490228,-2692.7257560497383,24157817.635246277,17369.25,0.0,20
2021-09-13,24652734.627767205,-2692.7257560497383,24655427.353523254,17355.30078125,0.0,20
2021-09-14,24765799.32251513,-2692.7257560497383,24768492.04827118,17380.0,0.0,20
2021-09-15,24863178.34884417,-2692.7257560497383,24865871.07460022,17519.44921875,0.0,20
2021-09-16,24782645.455739617,-2692.7257560497383,24785338.181495667,17629.5,-0.3239042570287398,20
2021-09-17,24700399.72032702,-2692.7257560497383,24703092.44608307,17585.150390625,-0.6546975862589899,20
2021-09-20,24244237.16626513,-2692.7257560497383,24246929.89202118,17396.900390625,-2.4893888218752713,20
2021-09-21,24333670.29893267,-2692.7257560497383,24336363.02468872,17562.0,-2.129687695121707,20
2021-09-22,24548953.568517327,-2692.7257560497383,24551646.294273376,17546.650390625,-1.263815815975322,20
2021-09-23,25044975.515142083,-2692.7257560497383,25047668.240898132,17822.94921875,0.0,20
2021-09-24,25218426.546849847,-2692.7257560497383,25221119.272605896,17853.19921875,0.0,20
2021-09-27,25026518.294088006,-2692.7257560497383,25029211.019844055,17855.099609375,-0.7609842446170134,20
2021-09-28,25055542.48807299,-2692.7257560497383,25058235.21382904,17748.599609375,-0.6458930277599029,20
2021-09-29,25097744.831616998,-2692.7257560497383,25100437.557373047,17711.30078125,-0.4785457768693546,20
2021-09-30,25408515.23820269,-2692.7257560497383,25411207.96395874,17618.150390625,0.0,20
2021-10-01,25590955.52870541,-6392.323513216106,25597347.852218628,17532.05078125,0.0,20
2021-10-04,26207290.280052,-6392.323513216106,26213682.603565216,17691.25,0.0,20
2021-10-05,26265049.23222714,-6392.323513216106,26271441.555740356,17822.30078125,0.0,20
2021-10-06,26077656.665588193,-6392.323513216106,26084048.98910141,17646.0,-0.7134674105579664,20
2021-10-07,26412634.472678952,-6392.323513216106,26419026.79619217,17790.349609375,0.0,20
2021-10-08,26556484.055591397,-6392.323513216106,26562876.379104614,17895.19921875,0.0,20
2021-10-11,27108607.230747037,-6392.323513216106,27114999.554260254,17945.94921875,0.0,20
2021-10-12,26938321.83634167,-6392.323513216106,26944714.15985489,17991.94921875,-0.6281598790963461,20
2021-10-13,27236103.65164166,-6392.323513216106,27242495.975154877,18161.75,0.0,20
2021-10-14,27421212.422939114,-6392.323513216106,27427604.74645233,18338.55078125,0.0,20
2021-10-18,27443158.64401608,-6392.323513216106,27449550.967529297,18477.05078125,0.0,20
2021-10-19,26706102.893409543,-6392.323513216106,26712495.21692276,18418.75,-2.685754071414992,20
2021-10-20,26182508.127048306,-6392.323513216106,26188900.450561523,18266.599609375,-4.593678640715271,20
2021-10-21,26086135.93768292,-6392.323513216106,26092528.261196136,18178.099609375,-4.94484881983166,20
2021-10-22,25995019.826671414,-6392.323513216106,26001412.15018463,18114.900390625,-5.276866399125046,20
2021-10-25,25477228.086086087,-6392.323513216106,25483620.409599304,18125.400390625,-7.163645349398074,20
2021-10-26,26155818.08491116,-6392.323513216106,26162210.408424377,18268.400390625,-4.690934362927724,20
2021-10-27,26517633.007636838,-6392.323513216106,26524025.331150055,18210.94921875,-3.372518624349574,20
2021-10-28,25881557.958179288,-6392.323513216106,25887950.281692505,17857.25,-5.690309581682563,20
2021-10-29,25864302.785880856,-6392.323513216106,25870695.109394073,17671.650390625,-5.753185624933477,20
2021-11-01,26326017.04572478,2113942.7931155283,24212074.252609253,17929.650390625,-4.07074714970862,18
2021-11-02,26676612.278699785,2113942.7931155283,24562669.48558426,17888.94921875,-2.793214787188636,18
2021-11-03,26776173.4789218,2113942.7931155283,24662230.685806274,17829.19921875,-2.4304241860282905,18
2021-11-04,27166479.414663225,2113942.7931155283,25052536.6215477,17916.80078125,-1.0081901757077238,18
2021-11-08,27345666.076818377,2113942.7931155283,25231723.28370285,18068.55078125,-0.35525271876443165,18
2021-11-09,27595075.18591872,2113942.7931155283,25481132.392803192,18044.25,0.0,18
2021-11-10,27872960.673368365,2113942.7931155283,25759017.880252838,18017.19921875,0.0,18
2021-11-11,28130716.67965117,2113942.7931155283,26016773.886535645,17873.599609375,0.0,18
2021-11-12,28321912.185048968,2113942.7931155283,26207969.39193344,18102.75,0.0,18
2021-11-15,28196810.77002898,2113942.7931155283,26082867.976913452,18109.44921875,-0.4417124599589317,18
2021-11-16,28240980.03209105,2113942.7931155283,26127037.238975525,17999.19921875,-0.2857580816899796,18
2021-11-17,28330739.137887865,2113942.7931155283,26216796.34477234,17898.650390625,0.0,18
2021-11-18,27935560.54835692,2113942.7931155283,25821617.755241394,17764.80078125,-1.3948756776432147,18
2021-11-22,27230330.008298784,2113942.7931155283,25116387.215183258,17416.55078125,-3.884152560345522,18
2021-11-23,27791200.054002672,2113942.7931155283,25677257.260887146,17503.349609375,-1.9044299594839886,18
2021-11-24,27963841.770238787,2113942.7931155283,25849898.97712326,17415.05078125,-1.2950504604322566,18
2021-11-25,28963256.916723162,2113942.7931155283,26849314.123607635,17536.25,0.0,18
2021-11-26,28020175.87719527,2113942.7931155283,25906233.084079742,17026.44921875,-3.256129109511041,18
2021-11-29,27192106.777089983,2113942.7931155283,25078163.983974457,17053.94921875,-6.115162202668345,18
2021-11-30,27338870.780671984,2113942.7931155283,25224927.987556458,16983.19921875,-5.608437409928402,18
2021-12-01,27566143.330705218,6962038.110459857,20604105.22024536,17166.900390625,-4.823744753689152,14
2021-12-02,28388304.45314937,6962038.110459857,21426266.342689514,17401.650390625,-1.9851098418486868,14
2021-12-03,28385057.389466815,6962038.110459857,21423019.279006958,17196.69921875,-1.996320817506192,14
2021-12-06,27937251.27119594,6962038.110459857,20975213.160736084,16912.25,-3.5424387819272263,14
2021-12-07,28273308.037805133,6962038.110459857,21311269.927345276,17176.69921875,-2.3821522589873467,14
2021-12-08,28808395.96238094,6962038.110459857,21846357.85192108,17469.75,-0.5346807328591829,14
2021-12-09,29074738.241632037,6962038.110459857,22112700.13117218,17516.849609375,0.0,14
2021-12-10,29255074.238050036,6962038.110459857,22293036.12759018,17511.30078125,0.0,14
2021-12-13,29351225.118028216,6962038.110459857,22389187.00756836,17368.25,0.0,14
2021-12-14,29855680.806817584,6962038.110459857,22893642.696357727,17324.900390625,0.0,14
2021-12-15,29788067.828744464,6962038.110459857,22826029.718284607,17221.400390625,-0.22646604011683502,14
2021-12-16,29469429.571786456,6962038.110459857,22507391.4613266,17248.400390625,-1.2937277750602383,14
2021-12-17,28773354.53731685,6962038.110459857,21811316.426856995,16985.19921875,-3.62519373282415,14
2021-12-20,28042245.071900897,6962038.110459857,21080206.96144104,16614.19921875,-6.0740056361487715,14
2021-12-21,28219475.855065875,6962038.110459857,21257437.744606018,16770.849609375,-5.480380642929705,14
2021-12-22,28916504.507310443,6962038.110459857,21954466.396850586,16955.44921875,-3.145720593625445,14
2021-12-23,28888590.548722796,6962038.110459857,21926552.43826294,17072.599609375,-3.2392168992976034,14
2021-12-24,28873203.544824176,6962038.110459857,21911165.43436432,17003.75,-3.290754842773702,14
2021-12-27,29677626.424897723,6962038.110459857,22715588.314437866,17086.25,-0.5963835930319905,14
2021-12-28,29923490.8045898,6962038.110459857,22961452.694129944,17233.25,0.0,14
2021-12-29,30212758.908715777,6962038.110459857,23250720.79825592,17213.599609375,0.0,14
2021-12-30,30130805.764733844,6962038.110459857,23168767.654273987,17203.94921875,-0.2712534271681166,14
2021-12-31,30384236.854905657,6962038.110459857,23422198.7444458,17354.05078125,0.0,14
2022-01-03,30592806.099706076,-6291.677462197142,30599097.777168274,17625.69921875,0.0,20
2022-01-04,30859971.321578406,-6291.677462197142,30866262.999040604,17805.25,0.0,20
2022-01-05,31057170.927089117,-6291.677462197142,31063462.604551315,17925.25,0.0,20
2022-01-06,31351331.933800124,-6291.677462197142,31357623.61126232,17745.900390625,0.0,20
2022-01-07,31781638.13842716,-6291.677462197142,31787929.81588936,17812.69921875,0.0,20
2022-01-10,32309626.998431586,-6291.677462197142,32315918.675893784,18003.30078125,0.0,20
2022-01-11,32373427.822365187,-6291.677462197142,32379719.499827385,18055.75,0.0,20
2022-01-12,32173625.76652851,-6291.677462197142,32179917.443990707,18212.349609375,-0.6171791783465164,20
2022-01-13,32606177.56929531,-6291.677462197142,32612469.246757507,18257.80078125,0.0,20
2022-01-14,32773696.036348723,-6291.677462197142,32779987.71381092,18255.75,0.0,20
2022-01-17,33045379.00223484,-6291.677462197142,33051670.679697037,18308.099609375,0.0,20
2022-01-18,32528007.706248663,-6291.677462197142,32534299.38371086,18113.05078125,-1.5656388627020568,20
2022-01-19,32479290.142123602,-6291.677462197142,32485581.8195858,17938.400390625,-1.7130651159212085,20
2022-01-20,32863072.1744627,-6291.677462197142,32869363.851924896,17757.0,-0.5516862970759373,20
2022-01-21,32242015.615563773,-6291.677462197142,32248307.29302597,17617.150390625,-2.431091459464685,20
2022-01-24,30743536.931394003,-6291.677462197142,30749828.6088562,17149.099609375,-6.965700319809198,20
2022-01-25,31095964.591115378,-6291.677462197142,31102256.268577576,17277.94921875,-5.8992042759976275,20
2022-01-27,30947466.158699416,-6291.677462197142,30953757.836161613,17110.150390625,-6.348581577453061,20
2022-01-28,31031407.53715744,-6291.677462197142,31037699.214619637,17101.94921875,-6.094563070198699,20
2022-01-31,31571293.293655775,-6291.677462197142,31577584.971117973,17339.849609375,-4.460792259272839,20
2022-02-01,31877163.24669147,-1460.5856907339767,31878623.832382202,17576.849609375,-3.5351864339772443,20
2022-02-02,32287963.607283358,-1460.5856907339767,32289424.19297409,17780.0,-2.292046324843955,20
2022-02-03,32144028.00841594,-1460.5856907339767,32145488.594106674,17560.19921875,-2.727615845343878,20
2022-02-04,32204381.041950945,-1460.5856907339767,32205841.627641678,17516.30078125,-2.5449790127297867,20
2022-02-07,31774081.33348346,-1460.5856907339767,31775541.919174194,17213.599609375,-3.8471269119515927,20
2022-02-08,31068465.37498546,-1460.5856907339767,31069925.960676193,17266.75,-5.982420801152499,20
2022-02-09,30833488.224955324,-1460.5856907339767,30834948.810646057,17463.80078125,-6.693494957736535,20
2022-02-10,31015667.06118465,-1460.5856907339767,31017127.64687538,17605.849609375,-6.14219598120791,20
2022-02-11,30458865.45759559,-1460.5856907339767,30460326.043286324,17374.75,-7.827156542717583,20
2022-02-14,28910798.36878181,-1460.5856907339767,28912258.95447254,16842.80078125,-12.511826943105753,20
2022-02-15,29555946.092183832,-1460.5856907339767,29557406.677874565,17352.44921875,-10.559518502768627,20
2022-02-16,29700966.088590387,-1460.5856907339767,29702426.67428112,17322.19921875,-10.120667441636154,20
2022-02-17,29512761.75029445,-1460.5856907339767,29514222.335985184,17304.599609375,-10.690200441343034,20
2022-02-18,29218253.041432146,-1460.5856907339767,29219713.62712288,17276.30078125,-11.581425531672274,20
2022-02-21,28464695.65246654,-1460.5856907339767,28466156.238157272,17206.650390625,-13.861796983652418,20
2022-02-22,27779302.412021402,-1460.5856907339767,27780762.997712135,17092.19921875,-15.935894062093503,20
2022-02-23,28306690.026818994,-1460.5856907339767,28308150.612509727,17063.25,-14.339944399171124,20
2022-02-24,26503790.77702022,-1460.5856907339767,26505251.362710953,16247.9501953125,-19.795773033113694,20
2022-02-25,27324958.095644716,-1460.5856907339767,27326418.68133545,16658.400390625,-17.310804352412646,20
2022-02-28,27548760.2560823,-1460.5856907339767,27550220.841773033,16793.900390625,-16.633547298037666,20
2022-03-02,28159945.07355109,14300976.615299134,13858968.458251955,16605.94921875,-14.784015424224217,10
2022-03-03,28324659.520206362,14300976.615299134,14023682.904907228,16498.05078125,-14.28556616557255,10
2022-03-04,28254616.037280947,14300976.615299134,13953639.421981813,16245.349609375,-14.497527671357302,10
2022-03-07,27752069.621723086,14300976.615299134,13451093.006423952,15863.150390625,-16.018304344924506,10
2022-03-08,27787202.37395087,14300976.615299134,13486225.758651735,16013.4501953125,-15.911987657724735,10
2022-03-09,28164328.785632998,14300976.615299134,13863352.170333864,16345.349609375,-14.77074969021157,10
2022-03-10,28266646.324314028,14300976.615299134,13965669.709014894,16594.900390625,-14.461122317881802,10
2022-03-11,28412447.147556216,14300976.615299134,14111470.532257082,16630.44921875,-14.019908364087152,10
2022-03-14,28490619.619617373,14300976.615299134,14189643.00431824,16871.30078125,-13.78334738515007,10
2022-03-15,28258540.998767763,14300976.615299134,13957564.38346863,16663.0,-14.485650181658816,10
2022-03-16,28482084.41728583,14300976.615299134,14181107.801986696,16975.349609375,-13.8091761170008,10
2022-03-17,29002001.89207831,14300976.615299134,14701025.276779177,17287.05078125,-12.23583215639039,10
2022-03-21,29038277.363376528,14300976.615299134,14737300.748077394,17117.599609375,-12.126057439339133,10
2022-03-22,29100411.33385077,14300976.615299134,14799434.718551638,17315.5,-11.938031239155322,10
2022-03-23,29294431.26657477,14300976.615299134,14993454.651275637,17245.650390625,-11.350899426532202,10
2022-03-24,29431767.697086245,14300976.615299134,15130791.081787111,17222.75,-10.935299924701148,10
2022-03-25,29737931.67334357,14300976.615299134,15436955.058044435,17153.0,-10.00880434346838,10
2022-03-28,29816509.15315619,14300976.615299134,15515532.537857058,17222.0,-9.7710177536783,10
2022-03-29,29673749.272800356,14300976.615299134,15372772.657501223,17325.30078125,-10.2030293833412,10
2022-03-30,29834021.904132754,14300976.615299134,15533045.28883362,17498.25,-9.718021687343647,10
2022-03-31,29750102.16827765,14300976.615299134,15449125.552978517,17464.75,-9.97197470101442,10
2022-04-01,29742739.570629448,-13633.623630194226,29756373.194259644,17670.44921875,-9.994254964913662,20
2022-04-04,30363948.615238518,-13633.623630194226,30377582.238868713,18053.400390625,-8.114388359155988,20
2022-04-05,30735494.52704653,-13633.623630194226,30749128.150676727,17957.400390625,-6.990037775121571,20
2022-04-06,31093907.28293261,-13633.623630194226,31107540.906562805,17807.650390625,-5.905429982117171,20
2022-04-07,30727203.517956108,-13633.623630194226,30740837.141586304,17639.55078125,-7.015127543617982,20
2022-04-08,31176585.312076896,-13633.623630194226,31190218.935707092,17784.349609375,-5.6552345489260585,20
2022-04-11,31276129.506988853,-13633.623630194226,31289763.13061905,17674.94921875,-5.353999707875445,20
2022-04-12,30627914.759636253,-13633.623630194226,30641548.38326645,17530.30078125,-7.315589397340839,20
2022-04-13,30860206.459358543,-13633.623630194226,30873840.08298874,17475.650390625,-6.612641793966157,20
2022-04-18,30440582.366852134,-13633.623630194226,30454215.99048233,17173.650390625,-7.882483766358206,20
2022-04-19,30162804.4449161,-13633.623630194226,30176438.068546295,16958.650390625,-8.72307912438769,20
2022-04-20,30262175.460026115,-13633.623630194226,30275809.08365631,17136.55078125,-8.422368349960507,20
2022-04-21,30574039.865356773,-13633.623630194226,30587673.48898697,17392.599609375,-7.478622462495988,20
2022-04-22,30921202.394478172,-13633.623630194226,30934836.018108368,17171.94921875,-6.4280594500459864,20
2022-04-25,30125774.94711718,-13633.623630194226,30139408.570747375,16953.94921875,-8.835135632489521,20
2022-04-26,30522458.13038668,-13633.623630194226,30536091.754016876,17200.80078125,-7.634716102597993,20
2022-04-27,30350408.079578727,-13633.623630194226,30364041.703208923,17038.400390625,-8.155363939005966,20
2022-04-28,30233768.86887774,-13633.623630194226,30247402.492507935,17245.05078125,-8.508330720513001,20
2022-04-29,30048594.743133873,-13633.623630194226,30062228.36676407,17102.55078125,-9.068693867600352,20
2022-05-02,29493691.248568423,7830995.834856877,21662695.413711548,17069.099609375,-10.747910482207567,14
2022-05-04,29018265.230685122,7830995.834856877,21187269.395828247,16677.599609375,-12.18661698895136,14
2022-05-05,28773433.845927127,7830995.834856877,20942438.01107025,16682.650390625,-12.927511456348562,14
2022-05-06,28229308.704150088,7830995.834856877,20398312.869293213,16411.25,-14.574111247926801,14
2022-05-09,27622755.981638797,7830995.834856877,19791760.14678192,16301.849609375,-16.409625745945643,14
2022-05-10,26883203.640398867,7830995.834856877,19052207.805541992,16240.0498046875,-18.647615938734507,14
2022-05-11,26433435.75974167,7830995.834856877,18602439.924884796,16167.099609375,-20.008677286001188,14
2022-05-12,26076995.54540909,7830995.834856877,18245999.710552216,15808.0,-21.087315888719203,14
2022-05-13,26584233.66870392,7830995.834856877,18753237.833847046,15782.150390625,-19.552341442638486,14
2022-05-16,27009546.650744326,7830995.834856877,19178550.81588745,15842.2998046875,-18.265284084296063,14
2022-05-17,27638990.070635684,7830995.834856877,19807994.23577881,16259.2998046875,-16.360499091971448,14
2022-05-18,28039520.92389954,7830995.834856877,20208525.089042664,16240.2998046875,-15.148435967391261,14
2022-05-19,27701958.225207217,7830995.834856877,19870962.39035034,15809.400390625,-16.169948532489975,14
2022-05-20,27968272.335616,7830995.834856877,20137276.500759125,16266.150390625,-15.364044292775326,14
2022-05-23,27894057.503054507,7830995.834856877,20063061.66819763,16214.7001953125,-15.588628893715972,14
2022-05-24,27644085.099993594,7830995.834856877,19813089.26513672,16125.150390625,-16.34508081107485,14
2022-05-25,26868254.6279744,7830995.834856877,19037258.793117523,16025.7998046875,-18.692853768881534,14
2022-05-26,27159816.006449588,7830995.834856877,19328820.171592712,16170.150390625,-17.81054771799474,14
2022-05-27,27371636.724409945,7830995.834856877,19540640.88955307,16352.4501953125,-17.16954820654707,14
2022-05-30,27609588.07577408,7830995.834856877,19778592.240917206,16661.400390625,-16.449473695227212,14
2022-05-31,27979894.09532059,7830995.834856877,20148898.260463715,16584.55078125,-15.328875200891702,14
2022-06-01,28165214.333053112,-10520.355892657302,28175734.68894577,16522.75,-14.768069898219915,20
2022-06-02,28253953.348273754,-10520.355892657302,28264473.704166412,16628.0,-14.499533062208315,20
2022-06-03,27862377.774234295,-10520.355892657302,27872898.130126953,16584.30078125,-15.684496242727375,20
2022-06-06,28300926.6409564,-10520.355892657302,28311446.99684906,16569.55078125,-14.357385221569318,20
2022-06-07,28445548.31507826,-10520.355892657302,28456068.670970917,16416.349609375,-13.919739540119958,20
2022-06-08,28322240.646369457,-10520.355892657302,28332761.002262115,16356.25,-14.292886020602024,20
2022-06-09,28467984.799895763,-10520.355892657302,28478505.15578842,16478.099609375,-13.85184355739878,20
2022-06-10,28138625.39798689,-10520.355892657302,28149145.753879547,16201.7998046875,-14.848531783872442,20
2022-06-13,27063543.281505108,-10520.355892657302,27074063.637397766,15774.400390625,-18.101882627296185,20
2022-06-14,27151460.85000944,-10520.355892657302,27161981.2059021,15732.099609375,-17.835831605462282,20
2022-06-15,27288669.22278166,-10520.355892657302,27299189.578674316,15692.150390625,-17.420619624498357,20
2022-06-16,26344052.06249571,-10520.355892657302,26354572.418388367,15360.599609375,-20.27916502118473,20
2022-06-17,26093810.694850445,-10520.355892657302,26104331.050743103,15293.5,-21.036430863493095,20
2022-06-20,24676498.51294279,-10520.355892657302,24687018.86883545,15350.150390625,-25.325418385203168,20
2022-06-21,25734254.045478344,-10520.355892657302,25744774.401371002,15638.7998046875,-22.124500240296985,20
2022-06-22,25449331.91481352,-10520.355892657302,25459852.270706177,15413.2998046875,-22.986714986405833,20
2022-06-23,25817141.063750744,-10520.355892657302,25827661.419643402,15556.650390625,-21.873672376386587,20
2022-06-24,26253089.190211773,-10520.355892657302,26263609.54610443,15699.25,-20.554431563831386,20
2022-06-27,26611048.526744366,-10520.355892657302,26621568.882637024,15832.0498046875,-19.47119588204851,20
2022-06-28,26727507.396869183,-10520.355892657302,26738027.75276184,15850.2001953125,-19.11877483668256,20
2022-06-29,26717701.362330914,-10520.355892657302,26728221.71822357,15799.099609375,-19.14844928689118,20
2022-06-30,26544426.333446026,-10520.355892657302,26554946.689338684,15780.25,-19.672804080561935,20
2022-07-01,26564279.47589395,9538085.265406583,17026194.210487366,15752.0498046875,-19.61272565795834,11
2022-07-04,26641771.16891,9538085.265406583,17103685.903503418,15835.349609375,-19.378224812890675,11
2022-07-05,26741578.901194546,9538085.265406583,17203493.635787964,15810.849609375,-19.07619247040251,11
2022-07-06,27036180.23023126,9538085.265406583,17498094.964824677,15989.7998046875,-18.184687098299523,11
2022-07-07,27156230.8464689,9538085.265406583,17618145.581062317,16132.900390625,-17.821396920179556,11
2022-07-08,27111492.70350549,9538085.265406583,17573407.438098907,16220.599609375,-17.956780881006217,11
2022-07-11,27366888.15027902,9538085.265406583,17828802.884872437,16216.0,-17.18391806482772,11
2022-07-12,27158819.590609524,9538085.265406583,17620734.325202942,16058.2998046875,-17.81356301353726,11
2022-07-13,27017411.66020486,9538085.265406583,17479326.39479828,15966.650390625,-18.24148345105169,11
2022-07-14,26953794.38692758,9538085.265406583,17415709.121520996,15938.650390625,-18.43399833572885,11
2022-07-15,27287482.621249173,9538085.265406583,17749397.35584259,16049.2001953125,-17.424210448898958,11
2022-07-18,27674281.632418606,9538085.265406583,18136196.367012024,16278.5,-16.25370182455159,11
2022-07-19,27665050.033194516,9538085.265406583,18126964.767787933,16340.5498046875,-16.281637952091444,11
2022-07-20,27622799.24016473,9538085.265406583,18084713.97475815,16520.849609375,-16.409494839515638,11
2022-07-21,28004180.621039364,9538085.265406583,18466095.355632782,16605.25,-15.255380732218383,11
2022-07-22,28217426.89120767,9538085.265406583,18679341.625801086,16719.44921875,-14.610067297762441,11
2022-07-25,28247251.57164285,9538085.265406583,18709166.306236267,16631.0,-14.519813588058694,11
2022-07-26,28120299.8603811,9538085.265406583,18582214.594974518,16483.849609375,-14.90398745773398,11
2022-07-27,28052125.01324365,9538085.265406583,18514039.747837067,16641.80078125,-15.11029420680422,11
2022-07-28,28127804.601012204,9538085.265406583,18589719.33560562,16929.599609375,-14.881277049024199,11
2022-07-29,28396407.725119565,9538085.265406583,18858322.459712982,17158.25,-14.068445929462236,11
2022-08-01,28310482.393738825,-8670.531027714722,28319152.92476654,17340.05078125,-14.328468159423425,20
2022-08-02,28629247.871552546,-8670.531027714722,28637918.40258026,17345.44921875,-13.363838648615989,20
2022-08-03,28847165.660149653,-8670.531027714722,28855836.19117737,17388.150390625,-12.70438853735424,20
2022-08-04,28834754.361336786,-8670.531027714722,28843424.892364502,17382.0,-12.741946886471755,20
2022-08-05,28913678.83292492,-8670.531027714722,28922349.363952637,17397.5,-12.503110250393846,20
2022-08-08,28963083.017190058,-8670.531027714722,28971753.548217773,17525.099609375,-12.353606187324095,20
2022-08-10,28961222.37528332,-8670.531027714722,28969892.906311035,17534.75,-12.359236753421133,20
2022-08-11,29242278.594941217,-8670.531027714722,29250949.125968933,17659.0,-11.508720801890092,20
2022-08-12,29592288.725625116,-8670.531027714722,29600959.256652832,17698.150390625,-10.449540543554336,20
2022-08-16,30071737.679894526,-8670.531027714722,30080408.21092224,17825.25,-8.998660061181951,20
2022-08-17,30194311.09177502,-8670.531027714722,30202981.622802734,17944.25,-8.627735545920068,20
2022-08-18,30284561.36405285,-8670.531027714722,30293231.895080566,17956.5,-8.354625431880436,20
2022-08-19,29794407.619439203,-8670.531027714722,29803078.15046692,17758.44921875,-9.837900126900568,20
2022-08-22,29311226.447426874,-8670.531027714722,29319896.97845459,17490.69921875,-11.30007482908707,20
2022-08-23,29371062.891724665,-8670.531027714722,29379733.42275238,17577.5,-11.119001268715012,20
2022-08-24,29452177.286492426,-8670.531027714722,29460847.81752014,17604.94921875,-10.873537614743068,20
2022-08-25,29338182.264214594,-8670.531027714722,29346852.79524231,17522.44921875,-11.218502707351396,20
2022-08-26,29423658.707963068,-8670.531027714722,29432329.238990784,17558.900390625,-10.959838874981088,20
2022-08-29,29335808.684449274,-8670.531027714722,29344479.21547699,17312.900390625,-11.225685496101256,20
2022-08-30,30177535.234726984,-8670.531027714722,30186205.7657547,17759.30078125,-8.678501666795546,20
2022-09-01,30233545.485145267,-2952.534309689421,30236498.019454956,17542.80078125,-8.509006711345057,20
2022-09-02,29999899.430244144,-2952.534309689421,30002851.964553833,17539.44921875,-9.216052785427975,20
2022-09-05,30332634.388633426,-2952.534309689421,30335586.922943115,17665.80078125,-8.209149646666036,20
2022-09-06,30448043.04395264,-2952.534309689421,30450995.57826233,17655.599609375,-7.859906700136632,20
2022-09-07,30724367.033309635,-2952.534309689421,30727319.567619324,17624.400390625,-7.023711148140366,20
2022-09-08,30768466.756850895,-2952.534309689421,30771419.291160583,17798.75,-6.890259134960919,20
2022-09-09,30881402.024764713,-2952.534309689421,30884354.5590744,17833.349609375,-6.548501009244823,20
2022-09-12,31199802.18318146,-2952.534309689421,31202754.71749115,17936.349609375,-5.584977006705117,20
2022-09-13,31361343.50981873,-2952.534309689421,31364296.044128418,18070.05078125,-5.096130058917526,20
2022-09-14,31378564.735404667,-2952.534309689421,31381517.269714355,18003.75,-5.044016189729428,20
2022-09-15,31528945.657432254,-2952.534309689421,31531898.191741943,17877.400390625,-4.588942207925739,20
2022-09-16,30904510.69921082,-2952.534309689421,30907463.233520508,17530.849609375,-6.478570885445844,20
2022-09-19,30877374.712112125,-2952.534309689421,30880327.246421814,17622.25,-6.560688228075984,20
2022-09-20,31574555.115310367,-2952.534309689421,31577507.649620056,17816.25,-4.4509215246858025,20
2022-09-21,31266915.66253632,-2952.534309689421,31269868.19684601,17718.349609375,-5.381882106960378,20
2022-09-22,31455094.900901493,-2952.534309689421,31458047.43521118,17629.80078125,-4.812425063201109,20
2022-09-23,30767776.9911496,-2952.534309689421,30770729.52545929,17327.349609375,-6.892346463725552,20
2022-09-26,29594873.46193665,-2952.534309689421,29597825.996246338,17016.30078125,-10.44171876517087,20
2022-09-27,29525295.82444733,-2952.534309689421,29528248.35875702,17007.400390625,-10.652270556647114,20
2022-09-28,29450674.94577759,-2952.534309689421,29453627.48008728,16858.599609375,-10.878083910655523,20
2022-09-29,29488746.104636844,-2952.534309689421,29491698.638946533,16818.099609375,-10.76287518856256,20
2022-09-30,30037316.095649417,-2952.534309689421,30040268.629959106,17094.349609375,-9.102824653280528,20
2022-10-03,29583143.10441391,10225661.74479477,19357481.35961914,16887.349609375,-10.477216489442531,13
2022-10-04,29846371.134229586,10225661.74479477,19620709.389434814,17274.30078125,-9.680651166957134,13
2022-10-06,30246991.212636873,10225661.74479477,20021329.467842102,17331.80078125,-8.468318034448064,13
2022-10-07,30339960.784154817,10225661.74479477,20114299.039360046,17314.650390625,-8.186978935533029,13
2022-10-10,30288861.33228104,10225661.74479477,20063199.587486267,17241.0,-8.341613118637191,13
2022-10-11,30157610.29117386,10225661.74479477,19931948.54637909,16983.55078125,-8.73879736971902,13
2022-10-12,30179734.92008774,10225661.74479477,19954073.17529297,17123.599609375,-8.671845107157939,13
2022-10-13,29898691.832586214,10225661.74479477,19673030.087791443,17014.349609375,-9.522321318922733,13
2022-10-14,29636808.648237154,10225661.74479477,19411146.903442383,17185.69921875,-10.314816948436768,13
2022-10-17,30003386.654897615,10225661.74479477,19777724.910102844,17311.80078125,-9.205499949422569,13
2022-10-18,30198551.934499666,10225661.74479477,19972890.189704895,17486.94921875,-8.614902154829707,13
2022-10-19,30134651.918653414,10225661.74479477,19908990.173858643,17512.25,-8.808272658590399,13
2022-10-20,30191299.32723801,10225661.74479477,19965637.582443237,17563.94921875,-8.636849572231597,13
2022-10-21,30210372.60154526,10225661.74479477,19984710.85675049,17576.30078125,-8.579131141143371,13
2022-10-24,30347973.943479463,10225661.74479477,20122312.198684692,17730.75,-8.162729979804295,13
2022-10-25,30303967.132734224,10225661.74479477,20078305.387939453,17656.349609375,-8.295900825695524,13
2022-10-27,30259159.73622696,10225661.74479477,20033497.99143219,17736.94921875,-8.431494357560398,13
2022-10-28,30100920.886121675,10225661.74479477,19875259.141326904,17786.80078125,-8.910347543340425,13
2022-10-31,30221091.717687532,10225661.74479477,19995429.97289276,18012.19921875,-8.54669357660054,13
2022-11-01,30206470.129399844,-9437.716154508293,30215907.84555435,18145.400390625,-8.590940574907624,20
2022-11-02,30708827.794202395,-9437.716154508293,30718265.510356903,18082.849609375,-7.0707350878754465,20
2022-11-03,30890098.79431302,-9437.716154508293,30899536.51046753,18052.69921875,-6.52218335209912,20
2022-11-04,31132254.2627464,-9437.716154508293,31141691.97890091,18117.150390625,-5.789386586726863,20
2022-11-07,31407521.95608861,-9437.716154508293,31416959.67224312,18202.80078125,-4.95638753616795,20
2022-11-09,31440295.41752965,-9437.716154508293,31449733.13368416,18157.0,-4.857210397243861,20
2022-11-10,31052132.54555089,-9437.716154508293,31061570.2617054,18028.19921875,-6.0318462576844585,20
2022-11-11,31064907.092048235,-9437.716154508293,31074344.808202744,18349.69921875,-5.993188669594818,20
2022-11-14,30898888.71689374,-9437.716154508293,30908326.43304825,18329.150390625,-6.49558380067583,20
2022-11-15,31150760.10552556,-9437.716154508293,31160197.82168007,18403.400390625,-5.733385283858139,20
2022-11-16,31130751.820602007,-9437.716154508293,31140189.536756516,18409.650390625,-5.793933189579537,20
2022-11-17,31025047.01202161,-9437.716154508293,31034484.728176117,18343.900390625,-6.113810920663354,20
2022-11-18,30779729.664599963,-9437.716154508293,30789167.38075447,18307.650390625,-6.85617597995064,20
2022-11-21,30599081.674380846,-9437.716154508293,30608519.390535355,18159.94921875,-7.402842399503273,20
2022-11-22,31087483.428832598,-9437.716154508293,31096921.144987106,18244.19921875,-5.924869475002326,20
2022-11-23,31306670.966725893,-9437.716154508293,31316108.6828804,18267.25,-5.261576922423428,20
2022-11-24,31264261.59752042,-9437.716154508293,31273699.313674927,18484.099609375,-5.3899136838284285,20
2022-11-25,31060526.30423505,-9437.716154508293,31069964.020389557,18512.75,-6.006445554355889,20
2022-11-28,31370780.983853884,-9437.716154508293,31380218.700008392,18562.75,-5.067570925023146,20
2022-11-29,31016641.638930865,-9437.716154508293,31026079.355085373,18618.05078125,-6.13924677083223,20
2022-11-30,31667932.107804842,-9437.716154508293,31677369.82395935,18758.349609375,-4.168349512156722,20
2022-12-01,31719952.912115283,-8907.287967497017,31728860.20008278,18812.5,-4.010927186006608,20
2022-12-02,31962786.17736072,-8907.287967497017,31971693.465328217,18696.099609375,-3.276079311424762,20
2022-12-05,31967382.552057452,-8907.287967497017,31976289.840024948,18701.05078125,-3.26217003020145,20
2022-12-06,31983691.426244922,-8907.287967497017,31992598.714212418,18642.75,-3.212817065642115,20
2022-12-07,31746850.847837634,-8907.287967497017,31755758.13580513,18560.5,-3.9295302205775484,20
2022-12-08,32299642.21390552,-8907.287967497017,32308549.501873016,18609.349609375,-2.256705206131493,20
2022-12-09,31801515.51167316,-8907.287967497017,31810422.799640656,18496.599609375,-3.7641072008208987,20
2022-12-12,31879654.629165836,-8907.287967497017,31888561.91713333,18497.150390625,-3.5276471575349966,20
2022-12-13,32426756.405365176,-8907.287967497017,32435663.693332672,18608.0,-1.8720396483509094,20
2022-12-14,32458212.074327655,-8907.287967497017,32467119.36229515,18660.30078125,-1.7768503362224242,20
2022-12-15,31959342.689357944,-8907.287967497017,31968249.97732544,18414.900390625,-3.2864997941268848,20
2022-12-16,31654873.980705447,-8907.287967497017,31663781.268672943,18269.0,-4.207865255336762,20
2022-12-19,32090502.243223377,-8907.287967497017,32099409.531190872,18420.44921875,-2.889592396404006,20
2022-12-20,32457405.130455203,-8907.287967497017,32466312.4184227,18385.30078125,-1.7792922627392849,20
2022-12-21,31119976.06417293,-8907.287967497017,31128883.352140427,18199.099609375,-5.826542155657211,20
2022-12-22,30075287.877187915,-8907.287967497017,30084195.16515541,18127.349609375,-8.987916661043771,20
2022-12-23,28063190.482698627,-8907.287967497017,28072097.770666122,17806.80078125,-15.0768085280525,20
2022-12-26,29805382.800640292,-8907.287967497017,29814290.088607788,18014.599609375,-9.804687673200618,20
2022-12-27,30172542.38503284,-8907.287967497017,30181449.673000336,18132.30078125,-8.693610737548841,20
2022-12-28,30309963.506424136,-8907.287967497017,30318870.794391632,18122.5,-8.27775494911318,20
2022-12-29,30744425.380510516,-8907.287967497017,30753332.668478012,18191.0,-6.963011746873016,20
2022-12-30,30710574.403747745,-8907.287967497017,30719481.69171524,18105.30078125,-7.0654495998644595,20
2023-01-02,30886925.673481893,2856052.5779695017,28030873.09551239,18197.44921875,-6.531785665423817,18
2023-01-03,31024509.92628951,2856052.5779695017,28168457.348320007,18232.55078125,-6.115436218203641,18
2023-01-04,30800889.974614095,2856052.5779695017,27944837.396644592,18042.94921875,-6.792141883041958,18
2023-01-05,30822276.50819869,2856052.5779695017,27966223.930229187,17992.150390625,-6.727423201548999,18
2023-01-06,30585187.651539754,2856052.5779695017,27729135.07357025,17859.44921875,-7.444887681659528,18
2023-01-09,30700547.799199056,2856052.5779695017,27844495.221229553,18101.19921875,-7.095791526183448,18
2023-01-10,30277045.507611226,2856052.5779695017,27420992.929641724,17914.150390625,-8.377369478608166,18
2023-01-11,30255645.15186019,2856052.5779695017,27399592.573890686,17895.69921875,-8.442129987935632,18
2023-01-12,30324525.57776351,2856052.5779695017,27468472.999794006,17858.19921875,-8.233688057526345,18
2023-01-13,30351595.07858367,2856052.5779695017,27495542.500614166,17956.599609375,-8.151771911797379,18
2023-01-16,30237621.81243224,2856052.5779695017,27381569.234462738,17894.849609375,-8.496671167283964,18
2023-01-17,30208190.186516713,2856052.5779695017,27352137.60854721,18053.30078125,-8.585735438308173,18
2023-01-18,30520519.180199575,2856052.5779695017,27664466.602230072,18165.349609375,-7.640583640649146,18
2023-01-19,30370893.33809371,2856052.5779695017,27514840.760124207,18107.849609375,-8.09337264360096,18
2023-01-20,30519964.65392394,2856052.5779695017,27663912.075954437,18027.650390625,-7.642261715745812,18
2023-01-23,30373385.166554403,2856052.5779695017,27517332.5885849,18118.55078125,-8.085832017540884,18
2023-01-24,30370554.58038039,2856052.5779695017,27514502.00241089,18118.30078125,-8.094397772449668,18
2023-01-25,30036277.02912612,2856052.5779695017,27180224.451156616,17891.94921875,-9.105969015834914,18
2023-01-27,28952974.660260152,2856052.5779695017,26096922.08229065,17604.349609375,-12.38419550793447,18
2023-01-30,28772809.66483779,2856052.5779695017,25916757.086868286,17648.94921875,-12.929400316782868,18
2023-01-31,29767015.440491628,2856052.5779695017,26910962.862522125,17662.150390625,-9.92079274237253,18
2023-02-01,28945142.182098262,7000431.038741939,21944711.143356323,17616.30078125,-12.40789769685886,14
2023-02-02,29068293.34290301,7000431.038741939,22067862.30416107,17610.400390625,-12.035224831474501,14
2023-02-03,28673981.1702727,7000431.038741939,21673550.13153076,17854.05078125,-13.228469347155936,14
2023-02-06,28629822.864616267,7000431.038741939,21629391.82587433,17764.599609375,-13.36209863811806,14
2023-02-07,29158766.8010863,7000431.038741939,22158335.76234436,17721.5,-11.761439325255408,14
2023-02-08,29014801.036491267,7000431.038741939,22014369.99774933,17871.69921875,-12.19710013152213,14
2023-02-09,28723312.26618945,7000431.038741939,21722881.22744751,17893.44921875,-13.079186459786374,14
2023-02-10,28718870.39849841,7000431.038741939,21718439.35975647,17856.5,-13.092628180913978,14
2023-02-13,28494246.641517513,7000431.038741939,21493815.602775574,17770.900390625,-13.7723715028644,14
2023-02-14,28353278.988517635,7000431.038741939,21352847.949775696,17929.849609375,-14.198959598556515,14
2023-02-15,28439474.45305621,7000431.038741939,21439043.41431427,18015.849609375,-13.938119907376867,14
2023-02-16,29008311.812950008,7000431.038741939,22007880.77420807,18035.849609375,-12.216737441600555,14
2023-02-17,28922604.595077388,7000431.038741939,21922173.55633545,17944.19921875,-12.476099629175474,14
2023-02-20,28730583.247581355,7000431.038741939,21730152.208839417,17844.599609375,-13.057183439662401,14
2023-02-21,28702527.131729,7000431.038741939,21702096.09298706,17826.69921875,-13.142085222300325,14
2023-02-22,28077794.687957637,7000431.038741939,21077363.6492157,17554.30078125,-15.032614133253686,14
2023-02-23,28213523.50054919,7000431.038741939,21213092.46180725,17511.25,-14.621879511077395,14
2023-02-24,28083976.84102618,7000431.038741939,21083545.80228424,17465.80078125,-15.01390606194325,14
2023-02-27,27681769.54714953,7000431.038741939,20681338.508407593,17392.69921875,-16.231042333400293,14
2023-02-28,27961146.80223071,7000431.038741939,20960715.76348877,17303.94921875,-15.38560716661863,14
2023-03-01,28681879.68564126,13275953.880206078,15405925.80543518,17450.900390625,-13.204567320285477,9
2023-03-02,28561238.910098046,13275953.880206078,15285285.029891968,17321.900390625,-13.569643404100562,9
2023-03-03,28612996.615900964,13275953.880206078,15337042.735694885,17594.349609375,-13.413017251320126,9
2023-03-06,28628007.74006173,13275953.880206078,15352053.859855652,17711.44921875,-13.367591462256689,9
2023-03-08,28666727.07611367,13275953.880206078,15390773.195907593,17754.400390625,-13.250421264119993,9
2023-03-09,28670954.27396676,13275953.880206078,15395000.393760681,17589.599609375,-13.2376291643447,9
2023-03-10,28576153.48148629,13275953.880206078,15300199.601280212,17412.900390625,-13.52450979741009,9
2023-03-13,28221387.026125878,13275953.880206078,14945433.1459198,17154.30078125,-14.598083368275837,9
2023-03-14,28122384.26994607,13275953.880206078,14846430.38973999,17043.30078125,-14.897679738991132,9
2023-03-15,28224790.854258507,13275953.880206078,14948836.97405243,16972.150390625,-14.587782901961322,9
2023-03-16,27950893.90209481,13275953.880206078,14674940.021888733,16985.599609375,-15.416633895454767,9
2023-03-17,28202518.587367028,13275953.880206078,14926564.70716095,17100.05078125,-14.655181937965644,9
2023-03-20,27996486.884745568,13275953.880206078,14720533.00453949,16988.400390625,-15.278663068587651,9
2023-03-21,28104964.246035546,13275953.880206078,14829010.365829468,17107.5,-14.950395200082822,9
2023-03-22,28212192.537905663,13275953.880206078,14936238.657699585,17151.900390625,-14.62590719265865,9
2023-03-23,28042163.681178063,13275953.880206078,14766209.800971985,17076.900390625,-15.140438609339025,9
2023-03-24,27933667.526415795,13275953.880206078,14657713.646209717,16945.05078125,-15.468763349554383,9
2023-03-27,27816374.371554345,13275953.880206078,14540420.491348267,16985.69921875,-15.82370905876691,9
2023-03-28,27838101.45504281,13275953.880206078,14562147.574836731,16951.69921875,-15.757959825002654,9
2023-03-29,28201019.082079858,13275953.880206078,14925065.20187378,17080.69921875,-14.659719653472159,9
2023-03-31,28883475.650813073,13275953.880206078,15607521.770606995,17359.75,-12.594509359811845,9
2023-04-03,28877651.496110417,-12221.9716935365,28889873.467803955,17398.05078125,-12.612134077332149,20
2023-04-05,29162382.123002507,-12221.9716935365,29174604.094696045,17557.05078125,-11.750498848779213,20
2023-04-06,29308142.614716984,-12221.9716935365,29320364.586410522,17599.150390625,-11.309406943903133,20
2023-04-10,29261693.9824538,-12221.9716935365,29273915.95414734,17624.05078125,-11.449967087758772,20
2023-04-11,29792185.175683476,-12221.9716935365,29804407.147377014,17722.30078125,-9.844625556666642,20
2023-04-12,29857095.921411015,-12221.9716935365,29869317.893104553,17812.400390625,-9.64819644104612,20
2023-04-13,30036761.67703388,-12221.9716935365,30048983.648727417,17828.0,-9.104502402582494,20
2023-04-17,30137377.600877263,-12221.9716935365,30149599.5725708,17706.849609375,-8.800024357901625,20
2023-04-18,29941309.568101384,-12221.9716935365,29953531.539794922,17660.150390625,-9.39335401153526,20
2023-04-19,29962526.1684737,-12221.9716935365,29974748.140167236,17618.75,-9.32914957202533,20
2023-04-20,30268883.716622807,-12221.9716935365,30281105.688316345,17624.44921875,-8.402068214815328,20
2023-04-21,30424977.62534473,-12221.9716935365,30437199.59703827,17624.05078125,-7.929705925639075,20
2023-04-24,31050138.16403339,-12221.9716935365,31062360.13572693,17743.400390625,-6.03788153879703,20
2023-04-25,31096990.536042668,-12221.9716935365,31109212.507736206,17769.25,-5.896099621252349,20
2023-04-26,31009646.766549565,-12221.9716935365,31021868.738243103,17813.599609375,-6.160414245960377,20
2023-04-27,31196762.031693913,-12221.9716935365,31208984.00338745,17915.05078125,-5.594176935951934,20
2023-04-28,31512670.833825566,-12221.9716935365,31524892.805519104,18065.0,-4.638192130602037,20
2023-05-02,31842728.646092363,-3988.590312055312,31846717.23640442,18147.650390625,-3.639390415407673,20
2023-05-03,32233369.379452653,-3988.590312055312,32237357.96976471,18089.849609375,-2.457256195267943,20
2023-05-04,32363724.19008345,-3988.590312055312,32367712.780395508,18255.80078125,-2.0627840646200157,20
2023-05-05,32265809.045277543,-3988.590312055312,32269797.6355896,18069.0,-2.359089169183304,20
2023-05-08,32252196.652653642,-3988.590312055312,32256185.2429657,18264.400390625,-2.400282198390147,20
2023-05-09,31580959.138729997,-3988.590312055312,31584947.729042053,18265.94921875,-4.431542042249859,20
2023-05-10,31624960.13957686,-3988.590312055312,31628948.729888916,18315.099609375,-4.2983887779344805,20
2023-05-11,31851309.429226823,-3988.590312055312,31855298.01953888,18297.0,-3.6134237495876853,20
2023-05-12,31884152.22939772,-3988.590312055312,31888140.819709778,18314.80078125,-3.5140367818404683,20
2023-05-15,32073607.500287004,-3988.590312055312,32077596.09059906,18398.849609375,-2.940718282825916,20
2023-05-16,32467598.617604204,-3988.590312055312,32471587.20791626,18286.5,-1.7484453260214083,20
2023-05-17,32642535.86023421,-3988.590312055312,32646524.450546265,18181.75,-1.2190604379916037,20
2023-05-18,32360526.739018388,-3988.590312055312,32364515.329330444,18129.94921875,-2.072460004680643,20
2023-05-19,32194460.681820817,-3988.590312055312,32198449.272132874,18203.400390625,-2.5749994283814193,20
2023-05-22,32226774.736790605,-3988.590312055312,32230763.32710266,18314.400390625,-2.4772125185457017,20
2023-05-23,32136426.92802901,-3988.590312055312,32140415.518341064,18348.0,-2.750617791807919,20
2023-05-24,31997203.943478532,-3988.590312055312,32001192.53379059,18285.400390625,-3.1719262735204756,20
2023-05-25,32069262.656002946,-3988.590312055312,32073251.246315002,18321.150390625,-2.953866397373983,20
2023-05-26,32373346.014141984,-3988.590312055312,32377334.60445404,18499.349609375,-2.0336670614290897,20
2023-05-29,32448252.367611833,-3988.590312055312,32452240.95792389,18598.650390625,-1.8069898202185075,20
2023-05-30,32289308.958920427,-3988.590312055312,32293297.549232483,18633.849609375,-2.2879751001290694,20
2023-05-31,32623607.950375505,-3988.590312055312,32627596.54068756,18534.400390625,-1.2763389756577204,20
2023-06-01,32608575.189430848,-7379.5943215959705,32615954.783752445,18487.75,-1.3218302406955318,20
2023-06-02,32996121.372391358,-7379.5943215959705,33003500.966712955,18534.099609375,-0.14906056862035166,20
2023-06-05,33301485.30610718,-7379.5943215959705,33308864.900428776,18593.849609375,0.0,20
2023-06-06,33821071.36434235,-7379.5943215959705,33828450.95866394,18599.0,0.0,20
2023-06-07,34157894.28168549,-7379.5943215959705,34165273.87600708,18726.400390625,0.0,20
2023-06-08,33981571.60067047,-7379.5943215959705,33988951.194992065,18634.55078125,-0.5161989189408356,20
2023-06-09,34252589.28451981,-7379.5943215959705,34259968.8788414,18563.400390625,0.0,20
2023-06-12,34595331.040081635,-7379.5943215959705,34602710.63440323,18601.5,0.0,20
2023-06-13,34689315.52637161,-7379.5943215959705,34696695.12069321,18716.150390625,0.0,20
2023-06-14,34939343.25483383,-7379.5943215959705,34946722.849155426,18755.900390625,0.0,20
2023-06-15,35257041.785298005,-7379.5943215959705,35264421.3796196,18688.099609375,0.0,20
2023-06-16,35670761.32797684,-7379.5943215959705,35678140.92229843,18826.0,0.0,20
2023-06-19,36133329.14246811,-7379.5943215959705,36140708.7367897,18755.44921875,0.0,20
2023-06-20,36398189.159168854,-7379.5943215959705,36405568.75349045,18816.69921875,0.0,20
2023-06-21,36254985.0676886,-7379.5943215959705,36262364.66201019,18856.849609375,-0.393437406608399,20
2023-06-22,35925911.50756897,-7379.5943215959705,35933291.101890564,18771.25,-1.2975306258633301,20
2023-06-23,35374663.368832245,-7379.5943215959705,35382042.96315384,18665.5,-2.812023933005958,20
2023-06-26,36208328.82668747,-7379.5943215959705,36215708.42100906,18691.19921875,-0.5216202697643224,20
2023-06-27,36980318.59737076,-7379.5943215959705,36987698.19169235,18817.400390625,0.0,20
2023-06-28,36976536.57011475,-7379.5943215959705,36983916.16443634,18972.099609375,-0.010227135404616838,20
2023-06-30,37048657.638542786,-7379.5943215959705,37056037.23286438,19189.05078125,0.0,20
2023-07-03,37866845.13224625,-3344.847188718384,37870189.97943497,19322.55078125,0.0,20
2023-07-04,37829241.42667984,-3344.847188718384,37832586.27386856,19389.0,-0.09930509244981955,20
2023-07-05,38388108.55842041,-3344.847188718384,38391453.40560913,19398.5,0.0,20
2023-07-06,38428950.72303223,-3344.847188718384,38432295.57022095,19497.30078125,0.0,20
2023-07-07,38351823.09313034,-3344.847188718384,38355167.94031906,19331.80078125,-0.20070188868221983,20
2023-07-10,38254973.6458609,-3344.847188718384,38258318.49304962,19355.900390625,-0.45272398516739143,20
2023-07-11,39505678.41697144,-3344.847188718384,39509023.264160156,19439.400390625,0.0,20
2023-07-12,39994914.46312546,-3344.847188718384,39998259.31031418,19384.30078125,0.0,20
2023-07-13,40078831.770570986,-3344.847188718384,40082176.617759705,19413.75,0.0,20
2023-07-14,40327950.178842776,-3344.847188718384,40331295.026031494,19564.5,0.0,20
2023-07-17,40760128.36039185,-3344.847188718384,40763473.20758057,19711.44921875,0.0,20
2023-07-18,40735924.3437674,-3344.847188718384,40739269.190956116,19749.25,-0.05938160059371089,20
2023-07-19,41634995.40531372,-3344.847188718384,41638340.25250244,19833.150390625,0.0,20
2023-07-20,42013699.028196566,-3344.847188718384,42017043.875385284,19979.150390625,0.0,20
2023-07-21,42084093.806799166,-3344.847188718384,42087438.653987885,19745.0,0.0,20
2023-07-24,42505680.4531958,-3344.847188718384,42509025.30038452,19672.349609375,0.0,20
2023-07-25,42611453.23883652,-3344.847188718384,42614798.08602524,19680.599609375,0.0,20
2023-07-26,43090586.29593872,-3344.847188718384,43093931.14312744,19778.30078125,0.0,20
2023-07-27,43203276.582323305,-3344.847188718384,43206621.429512024,19659.900390625,0.0,20
2023-07-28,42871514.19760346,-3344.847188718384,42874859.044792175,19646.05078125,-0.7679102396034199,20
2023-07-31,42976075.78059601,-3344.847188718384,42979420.62778473,19753.80078125,-0.5258878948553036,20
2023-08-01,42928440.401676655,-8878.498897074955,42937318.90057373,19733.55078125,-0.6361466129147675,20
2023-08-02,41903022.11356783,-8878.498897074955,41911900.612464905,19526.55078125,-3.0096200372160653,20
2023-08-03,42158695.0014081,-8878.498897074955,42167573.500305176,19381.650390625,-2.4178295341205636,20
2023-08-04,42434603.205338,-8878.498897074955,42443481.70423508,19517.0,-1.7792015740301648,20
2023-08-07,43231108.99723101,-8878.498897074955,43239987.49612808,19597.30078125,0.0,20
2023-08-08,43810971.79686022,-8878.498897074955,43819850.29575729,19570.849609375,0.0,20
2023-08-09,44508718.70722628,-8878.498897074955,44517597.20612335,19632.55078125,0.0,20
2023-08-10,44547014.76669741,-8878.498897074955,44555893.26559448,19543.099609375,0.0,20
2023-08-11,44536787.04855013,-8878.498897074955,44545665.547447205,19428.30078125,-0.022959379435061322,20
2023-08-14,44919309.575451374,-8878.498897074955,44928188.07434845,19434.55078125,0.0,20
2023-08-16,46316343.4484601,-8878.498897074955,46325221.94735718,19465.0,0.0,20
2023-08-17,46648401.676762104,-8878.498897074955,46657280.17565918,19365.25,0.0,20
2023-08-18,46113909.263683796,-8878.498897074955,46122787.76258087,19310.150390625,-1.14578933868289,20
2023-08-21,47106651.51322985,-8878.498897074955,47115530.01212692,19393.599609375,0.0,20
2023-08-22,47427406.83209276,-8878.498897074955,47436285.33098984,19396.44921875,0.0,20
2023-08-23,47786295.497131824,-8878.498897074955,47795173.9960289,19444.0,0.0,20
2023-08-24,48311463.9832654,-8878.498897074955,48320342.482162476,19386.69921875,0.0,20
2023-08-25,48545704.68113756,-8878.498897074955,48554583.18003464,19265.80078125,0.0,20
2023-08-28,48740831.56921816,-8878.498897074955,48749710.068115234,19306.05078125,0.0,20
2023-08-29,48453562.299660206,-8878.498897074955,48462440.79855728,19342.650390625,-0.5893811416614714,20
2023-08-30,48688996.798401356,-8878.498897074955,48697875.29729843,19347.44921875,-0.10634773586739588,20
2023-08-31,49926943.47213411,-8878.498897074955,49935821.97103119,19253.80078125,0.0,20
2023-09-01,50425542.73088521,-1290.827647503931,50426833.558532715,19435.30078125,0.0,20
2023-09-04,50686559.888230026,-1290.827647503931,50687850.71587753,19528.80078125,0.0,20
2023-09-05,50967156.217629135,-1290.827647503931,50968447.04527664,19574.900390625,0.0,20
2023-09-06,50778649.77125996,-1290.827647503931,50779940.59890747,19611.05078125,-0.3698586704823259,20
2023-09-07,50692331.93893498,-1290.827647503931,50693622.76658249,19727.05078125,-0.5392183890359781,20
2023-09-08,51299736.07307881,-1290.827647503931,51301026.90072632,19819.94921875,0.0,20
2023-09-11,52601058.48188466,-1290.827647503931,52602349.309532166,19996.349609375,0.0,20
2023-09-12,49395513.474995315,-1290.827647503931,49396804.30264282,19993.19921875,-6.094069395948187,20
2023-09-13,49398231.091377914,-1290.827647503931,49399521.91902542,20070.0,-6.08890292884462,20
2023-09-14,50350761.21154469,-1290.827647503931,50352052.0391922,20103.099609375,-4.278045604566971,20
2023-09-15,51147184.41364735,-1290.827647503931,51148475.24129486,20192.349609375,-2.7639635212626135,20
2023-09-18,50607909.02938527,-1290.827647503931,50609199.857032776,20133.30078125,-3.789181263692276,20
2023-09-20,50265620.29540318,-1290.827647503931,50266911.12305069,19901.400390625,-4.43990720697337,20
2023-09-21,49488206.71817464,-1290.827647503931,49489497.54582214,19742.349609375,-5.917850046272477,20
2023-09-22,49489182.367634475,-1290.827647503931,49490473.19528198,19674.25,-5.9159952367154105,20
2023-09-25,49595192.562184036,-1290.827647503931,49596483.38983154,19674.55078125,-5.714458998454974,20
2023-09-26,50621657.6416747,-1290.827647503931,50622948.469322205,19664.69921875,-3.763043743485983,20
2023-09-27,51012759.58879918,-1290.827647503931,51014050.416446686,19716.44921875,-3.019518882177008,20
2023-09-28,51015337.58382481,-1290.827647503931,51016628.41147232,19523.55078125,-3.014617849574175,20
2023-09-29,50771493.82597798,-1290.827647503931,50772784.65362549,19638.30078125,-3.478189809691312,20
2023-10-03,51030507.63200118,10688744.004460588,40341763.62754059,19528.75,-2.9857780341518536,15
2023-10-04,50616843.70990111,10688744.004460588,39928099.70544052,19436.099609375,-3.7721955208694036,15
2023-10-05,51000211.326314226,10688744.004460588,40311467.32185364,19545.75,-3.0433744144554575,15
2023-10-06,51111291.95173003,10688744.004460588,40422547.94726944,19653.5,-2.8321987677637606,15
2023-10-09,49670843.79770781,10688744.004460588,38982099.79324722,19512.349609375,-5.57063825091274,15
2023-10-10,50057808.93937804,10688744.004460588,39369064.93491745,19689.849609375,-4.834977880497393,15
2023-10-11,50510622.74125029,10688744.004460588,39821878.7367897,19811.349609375,-3.974132462285518,15
2023-10-12,50803839.59836699,10688744.004460588,40115095.5939064,19794.0,-3.416697183264128,15
2023-10-13,50856235.03571822,10688744.004460588,40167491.03125763,19751.05078125,-3.3170880900948885,15
2023-10-16,51532673.16931273,10688744.004460588,40843929.16485214,19731.75,-2.0311099118658804,15
2023-10-17,52366753.71108748,10688744.004460588,41678009.70662689,19811.5,-0.4454373686755164,15
2023-10-18,52276716.62128188,10688744.004460588,41587972.61682129,19671.099609375,-0.6166070987230876,15
2023-10-19,52151976.602860704,10688744.004460588,41463232.598400116,19624.69921875,-0.8537506506235304,15
2023-10-20,52310240.58245589,10688744.004460588,41621496.5779953,19542.650390625,-0.5528746147359875,15
2023-10-23,50030844.02990462,10688744.004460588,39342100.02544403,19281.75,-4.886240935370523,15
2023-10-25,49620131.06485106,10688744.004460588,38931387.06039047,19122.150390625,-5.667048350481774,15
2023-10-26,49817477.38948943,10688744.004460588,39128733.38502884,18857.25,-5.291872773537198,15
2023-10-27,50616197.50596358,10688744.004460588,39927453.50150299,19047.25,-3.7734240207440872,15
2023-10-30,50624884.55432631,10688744.004460588,39936140.54986572,19140.900390625,-3.756909052008761,15
2023-10-31,51285011.66877867,10688744.004460588,40596267.664318085,19079.599609375,-2.501939791875518,15
2023-11-01,51004496.71923001,14306874.349974947,36697622.369255066,18989.150390625,-3.035227443577948,13
2023-11-02,51195599.980513886,14306874.349974947,36888725.63053894,19133.25,-2.671920569535302,13
2023-11-03,51643685.61575253,14306874.349974947,37336811.26577759,19230.599609375,-1.8200638803909874,13
2023-11-06,52210217.150519684,14306874.349974947,37903342.80054474,19411.75,-0.7430294040557728,13
2023-11-07,52781675.63561948,14306874.349974947,38474801.28564453,19406.69921875,0.0,13
2023-11-08,53318956.03303464,14306874.349974947,39012081.68305969,19443.5,0.0,13
2023-11-09,53474118.370017365,14306874.349974947,39167244.02004242,19395.30078125,0.0,13
2023-11-10,53729847.08796628,14306874.349974947,39422972.73799133,19425.349609375,0.0,13
2023-11-13,54308254.37475522,14306874.349974947,40001380.02478027,19443.55078125,0.0,13
2023-11-15,55101496.01435788,14306874.349974947,40794621.664382935,19675.44921875,0.0,13
2023-11-16,54992022.22216733,14306874.349974947,40685147.87219238,19765.19921875,-0.19867662424633004,13
2023-11-17,56259749.648490265,14306874.349974947,41952875.29851532,19731.80078125,0.0,13
2023-11-20,56385144.29092343,14306874.349974947,42078269.94094849,19694.0,0.0,13
2023-11-21,56504606.605536774,14306874.349974947,42197732.25556183,19783.400390625,0.0,13
2023-11-22,55400858.56755002,14306874.349974947,41093984.21757507,19811.849609375,-1.9533770860349686,13
2023-11-23,55765393.55446561,14306874.349974947,41458519.20449066,19802.0,-1.3082350191935155,13
2023-11-24,55964142.86683591,14306874.349974947,41657268.51686096,19794.69921875,-0.9564950030957475,13
2023-11-28,55632608.774360016,14306874.349974947,41325734.42438507,19889.69921875,-1.5432331690480527,13
2023-11-29,55837585.301711395,14306874.349974947,41530710.95173645,20096.599609375,-1.1804724320654159,13
2023-11-30,56411671.308013275,14306874.349974947,42104796.95803833,20133.150390625,-0.16447384223429173,13
2023-12-01,56036297.474954456,-16461.784612805583,56052759.25956726,20267.900390625,-0.8287981435772473,20
2023-12-04,56665699.46195397,-16461.784612805583,56682161.24656677,20686.80078125,0.0,20
2023-12-05,56408817.19626793,-16461.784612805583,56425278.98088074,20855.099609375,-0.4533293828985707,20
2023-12-06,56268637.335084766,-16461.784612805583,56285099.11969757,20937.69921875,-0.7007098308841941,20
2023-12-07,55941713.9748095,-16461.784612805583,55958175.7594223,20901.150390625,-1.2776432551239614,20
2023-12-08,55708841.92992577,-16461.784612805583,55725303.714538574,20969.400390625,-1.6886009369224242,20
2023-12-11,56282553.77087578,-16461.784612805583,56299015.55548859,20997.099609375,-0.6761509956043743,20
2023-12-12,56008405.384607166,-16461.784612805583,56024867.16921997,20906.400390625,-1.1599505231345786,20
2023-12-13,56845668.152376026,-16461.784612805583,56862129.93698883,20926.349609375,0.0,20
2023-12-14,57041215.65763268,-16461.784612805583,57057677.44224548,21182.69921875,0.0,20
2023-12-15,57659134.73677239,-16461.784612805583,57675596.52138519,21456.650390625,0.0,20
2023-12-18,57568363.58869347,-16461.784612805583,57584825.373306274,21418.650390625,-0.157427176965641,20
2023-12-19,57379054.624292225,-16461.784612805583,57395516.40890503,21453.099609375,-0.48575150105667486,20
2023-12-20,55022149.60120568,-16461.784612805583,55038611.38581848,21150.150390625,-4.5734039326208675,20
2023-12-21,56462459.931619495,-16461.784612805583,56478921.7162323,21255.05078125,-2.0754296966404295,20
2023-12-22,57008729.38515648,-16461.784612805583,57025191.16976929,21349.400390625,-1.1280178840441524,20
2023-12-26,57371155.172311634,-16461.784612805583,57387616.95692444,21441.349609375,-0.49945176211098063,20
2023-12-27,57538070.268693775,-16461.784612805583,57554532.05330658,21654.75,-0.20996580790069164,20
2023-12-28,57702023.229379505,-16461.784612805583,57718485.01399231,21778.69921875,0.0,20
2023-12-29,58056755.24182305,-16461.784612805583,58073217.02643585,21731.400390625,0.0,20
2024-01-01,58429363.91237816,-16461.784612805583,58445825.69699097,21741.900390625,0.0,20
2024-01-02,58720896.998529285,-16461.784612805583,58737358.78314209,21665.80078125,0.0,20
2024-01-03,58827938.505449146,-16461.784612805583,58844400.29006195,21517.349609375,0.0,20
2024-01-04,59396280.83224663,-16461.784612805583,59412742.616859436,21658.599609375,0.0,20
2024-01-05,59548957.877298206,-16461.784612805583,59565419.66191101,21710.80078125,0.0,20
2024-01-08,60106149.62574181,-16461.784612805583,60122611.410354614,21513.0,0.0,20
2024-01-09,60188369.26597771,-16461.784612805583,60204831.050590515,21544.849609375,0.0,20
2024-01-10,60289360.191575855,-16461.784612805583,60305821.97618866,21618.69921875,0.0,20
2024-01-11,61176008.6442965,-16461.784612805583,61192470.4289093,21647.19921875,0.0,20
2024-01-12,61126900.22046837,-16461.784612805583,61143362.00508118,21894.55078125,-0.0802739912531103,20
2024-01-15,61676348.00983605,-16461.784612805583,61692809.79444885,22097.44921875,0.0,20
2024-01-16,61899945.747789234,-16461.784612805583,61916407.53240204,22032.30078125,0.0,20
2024-01-17,61691866.77149376,-16461.784612805583,61708328.55610657,21571.94921875,-0.3361537296709183,20
2024-01-18,61602653.0321444,-16461.784612805583,61619114.8167572,21462.25,-0.4802794445994407,20
2024-01-19,63369400.56522545,-16461.784612805583,63385862.34983826,21622.400390625,0.0,20
2024-01-23,61112802.83109459,-16461.784612805583,61129264.6157074,21238.80078125,-3.561021114296592,20
2024-01-24,62474201.36236748,-16461.784612805583,62490663.146980286,21453.94921875,-1.4126679357437721,20
2024-01-25,63662608.33455071,-16461.784612805583,63679070.11916351,21352.599609375,0.0,20
2024-01-29,64663676.506097645,-16461.784612805583,64680138.29071045,21737.599609375,0.0,20
2024-01-30,65185844.62608513,-16461.784612805583,65202306.41069794,21522.099609375,0.0,20
2024-01-31,66677031.302705616,-16461.784612805583,66693493.08731842,21725.69921875,0.0,20
2024-02-01,66648408.3228908,-11080.606033757795,66659488.92892456,21697.44921875,-0.04292779575753025,20
2024-02-02,66335726.59745364,-11080.606033757795,66346807.203487396,21853.80078125,-0.5118774765218603,20
2024-02-05,65596837.9854999,-11080.606033757795,65607918.59153366,21771.69921875,-1.6200381092279947,20
2024-02-06,66219607.40459399,-11080.606033757795,66230688.01062775,21929.400390625,-0.6860291905243621,20
2024-02-07,67292280.62590747,-11080.606033757795,67303361.23194122,21930.5,0.0,20
2024-02-08,67160348.32434039,-11080.606033757795,67171428.93037415,21717.94921875,-0.1960585974199902,20
2024-02-09,65467735.892943904,-11080.606033757795,65478816.49897766,21782.5,-2.7113730074131426,20
2024-02-12,61812942.63619189,-11080.606033757795,61824023.24222565,21616.05078125,-8.142595166563627,20
2024-02-13,62122222.16368441,-11080.606033757795,62133302.76971817,21743.25,-7.682988916610722,20
2024-02-14,63678609.254138514,-11080.606033757795,63689689.86017227,21840.05078125,-5.370112794747062,20
2024-02-15,64783280.47429232,-11080.606033757795,64794361.08032608,21910.75,-3.728511098566012,20
2024-02-16,64599216.40117602,-11080.606033757795,64610297.00720978,22040.69921875,-4.002040352448121,20
2024-02-19,65250452.07533984,-11080.606033757795,65261532.681373596,22122.25,-3.034268613837887,20
2024-02-20,65167446.28837924,-11080.606033757795,65178526.894412994,22196.94921875,-3.1576197414687868,20
2024-02-21,64102891.323623225,-11080.606033757795,64113971.92965698,22055.05078125,-4.739606493670134,20
2024-02-22,64427421.80827288,-11080.606033757795,64438502.41430664,22217.44921875,-4.25733648939759,20
2024-02-23,64842673.60439257,-11080.606033757795,64853754.21042633,22212.69921875,-3.6402496671688045,20
2024-02-26,65027137.00824694,-11080.606033757795,65038217.6142807,22122.05078125,-3.366126986025264,20
2024-02-27,64862475.72152285,-11080.606033757795,64873556.32755661,22198.349609375,-3.610822640850042,20
2024-02-28,63439964.113433406,-11080.606033757795,63451044.71946716,21951.150390625,-5.7247524926223425,20
2024-02-29,64262440.65367846,-11080.606033757795,64273521.25971222,21982.80078125,-4.502507485327401,20
2024-03-01,65148210.17873719,-9995.59690520307,65158205.775642395,22338.75,-3.1862056497826696,20
2024-03-04,64806285.378428966,-9995.59690520307,64816280.97533417,22405.599609375,-3.694324556034434,20
2024-03-05,64379853.427836925,-9995.59690520307,64389849.02474213,22356.30078125,-4.328025697719118,20
2024-03-06,62188313.6143451,-9995.59690520307,62198309.211250305,22474.05078125,-7.584773415447799,20
2024-03-07,63373457.85712007,-9995.59690520307,63383453.45402527,22493.55078125,-5.823584417613947,20
2024-03-11,62085311.12211946,-9995.59690520307,62095306.71902466,22332.650390625,-7.737840737981072,20
2024-03-12,60652209.42522767,-9995.59690520307,60662205.02213287,22335.69921875,-9.867508039433837,20
2024-03-13,56432015.88161042,-9995.59690520307,56442011.478515625,21997.69921875,-16.138945869098464,20
2024-03-14,59072093.5054889,-9995.59690520307,59082089.102394104,22146.650390625,-12.21564649609126,20
2024-03-15,59314774.8582187,-9995.59690520307,59324770.4551239,22023.349609375,-11.855008766960163,20
2024-03-18,58980428.59421876,-9995.59690520307,58990424.19112396,22055.69921875,-12.35186555482658,20
2024-03-19,58289189.4482303,-9995.59690520307,58299185.0451355,21817.44921875,-13.37908463487414,20
2024-03-20,57569676.680858165,-9995.59690520307,57579672.27776337,21839.099609375,-14.448319858706215,20
2024-03-21,59830808.97466615,-9995.59690520307,59840804.57157135,22011.94921875,-11.088153918755218,20
2024-03-22,60778422.39088777,-9995.59690520307,60788417.98779297,22096.75,-9.679948687178053,20
2024-03-26,61349306.05540803,-9995.59690520307,61359301.65231323,22004.69921875,-8.831584418334304,20
2024-03-27,62302588.333713084,-9995.59690520307,62312583.930618286,22123.650390625,-7.414954948448205,20
2024-03-28,62918198.12198213,-9995.59690520307,62928193.71888733,22326.900390625,-6.500125219773456,20
2024-04-01,64478965.30058603,-3505.442913724575,64482470.743499756,22462.0,-4.18074004797262,20
2024-04-02,64953119.41900949,-3505.442913724575,64956624.86192322,22453.30078125,-3.476121161507195,20
2024-04-03,66070565.693042085,-3505.442913724575,66074071.13595581,22434.650390625,-1.8155350383458724,20
2024-04-04,66367929.89782266,-3505.442913724575,66371435.34073639,22514.650390625,-1.3736356079584677,20
2024-04-05,66670805.034381196,-3505.442913724575,66674310.47729492,22513.69921875,-0.9235466323116448,20
2024-04-08,66827529.35110788,-3505.442913724575,66831034.79402161,22666.30078125,-0.6906457478878414,20
2024-04-09,66897524.71905832,-3505.442913724575,66901030.161972046,22642.75,-0.5866288126623043,20
2024-04-10,66796979.76469736,-3505.442913724575,66800485.207611084,22753.80078125,-0.7360440998627982,20
2024-04-12,66911601.061236665,-3505.442913724575,66915106.50415039,22519.400390625,-0.5657106002798229,20
2024-04-15,66190718.23076181,-3505.442913724575,66194223.67367554,22272.5,-1.6369818126234725,20
2024-04-16,67094464.97375803,-3505.442913724575,67097970.41667175,22147.900390625,-0.2939648505140391,20
2024-04-18,67149449.47140817,-3505.442913724575,67152954.9143219,21995.849609375,-0.21225488744143206,20
2024-04-19,67937108.35042123,-3505.442913724575,67940613.79333496,22147.0,0.0,20
2024-04-22,69892390.9468873,-3505.442913724575,69895896.38980103,22336.400390625,0.0,20
2024-04-23,70668757.823108,-3505.442913724575,70672263.26602173,22368.0,0.0,20
2024-04-24,71398000.15426187,-3505.442913724575,71401505.5971756,22402.400390625,0.0,20
2024-04-25,72439934.13624887,-3505.442913724575,72443439.5791626,22570.349609375,0.0,20
2024-04-26,72277259.44607858,-3505.442913724575,72280764.88899231,22419.94921875,-0.22456493384480636,20
2024-04-29,72767746.8573945,-3505.442913724575,72771252.30030823,22643.400390625,0.0,20
2024-04-30,73206395.07576303,-3505.442913724575,73209900.51867676,22604.849609375,0.0,20
2024-05-02,73955969.08038428,-8048.149008714128,73964017.229393,22648.19921875,0.0,20
2024-05-03,73868346.58217719,-8048.149008714128,73876394.73118591,22475.849609375,-0.1184792780037136,20
2024-05-06,72332433.54190162,-8048.149008714128,72340481.69091034,22442.69921875,-2.1952731587061125,20
2024-05-07,70025820.24125007,-8048.149008714128,70033868.39025879,22302.5,-5.3141739443133496,20
2024-05-08,70830736.70010474,-8048.149008714128,70838784.84911346,22302.5,-4.225801404728613,20
2024-05-09,68380640.87732795,-8048.149008714128,68388689.02633667,21957.5,-7.538712929305813,20
2024-05-10,69128237.4820948,-8048.149008714128,69136285.63110352,22055.19921875,-6.527845768665575,20
2024-05-13,68298089.19574836,-8048.149008714128,68306137.34475708,22104.05078125,-7.650335672684183,20
2024-05-14,70913792.39779761,-8048.149008714128,70921840.54680634,22217.849609375,-4.11349715298851,20
2024-05-15,71562167.37291053,-8048.149008714128,71570215.52191925,22200.55078125,-3.23679310438334,20
2024-05-16,72531307.79454139,-8048.149008714128,72539355.94355011,22403.849609375,-1.9263641644589935,20
2024-05-17,73587415.5365229,-8048.149008714128,73595463.68553162,22466.099609375,-0.49834184913566393,20
2024-05-21,75601130.86111549,-8048.149008714128,75609179.0101242,22529.05078125,0.0,20
2024-05-22,75657060.90105537,-8048.149008714128,75665109.05006409,22597.80078125,0.0,20
2024-05-23,76382731.80951026,-8048.149008714128,76390779.95851898,22967.650390625,0.0,20
2024-05-24,76766847.56546119,-8048.149008714128,76774895.71446991,22957.099609375,0.0,20
2024-05-27,77514313.4727793,-8048.149008714128,77522361.62178802,22932.44921875,0.0,20
2024-05-28,75576594.59135535,-8048.149008714128,75584642.74036407,22888.150390625,-2.4998207358237323,20
2024-05-29,76115313.94767097,-8048.149008714128,76123362.09667969,22704.69921875,-1.8048273440486873,20
2024-05-30,75507746.06031135,-8048.149008714128,75515794.20932007,22488.650390625,-2.588641145835091,20
2024-05-31,77031130.66353706,-8048.149008714128,77039178.81254578,22530.69921875,-0.6233465634858826,20
2024-06-03,80347719.45288587,-15740.505800967105,80363459.95868683,23263.900390625,0.0,20
2024-06-04,70898209.20714307,-15740.505800967105,70913949.71294403,21884.5,-11.76076970209936,20
2024-06-05,71172164.4284184,-15740.505800967105,71187904.93421936,22620.349609375,-11.41980766466908,20
2024-06-06,73829715.83297467,-15740.505800967105,73845456.33877563,22821.400390625,-8.112244708741489,20
2024-06-07,75075030.49664807,-15740.505800967105,75090771.00244904,23290.150390625,-6.562338037894877,20
2024-06-10,76080627.33709455,-15740.505800967105,76096367.84289551,23259.19921875,-5.310781867671366,20
2024-06-11,78302505.31973004,-15740.505800967105,78318245.825531,23264.849609375,-2.5454538686130235,20
2024-06-12,79767790.42624402,-15740.505800967105,79783530.93204498,23322.94921875,-0.7217740971253161,20
2024-06-13,80744101.33283734,-15740.505800967105,80759841.8386383,23398.900390625,0.0,20
2024-06-14,81845976.08096051,-15740.505800967105,81861716.58676147,23465.599609375,0.0,20
2024-06-18,82867500.55952954,-15740.505800967105,82883241.0653305,23557.900390625,0.0,20
2024-06-19,81595851.52087522,-15740.505800967105,81611592.02667618,23516.0,-1.5345570097662242,20
2024-06-20,81895956.77002072,-15740.505800967105,81911697.27582169,23567.0,-1.1724062907036648,20
2024-06-21,81869515.80343366,-15740.505800967105,81885256.30923462,23501.099609375,-1.204313813446034,20
2024-06-24,82044611.19341016,-15740.505800967105,82060351.69921112,23537.849609375,-0.9930182044386004,20
2024-06-25,82025814.84446073,-15740.505800967105,82041555.35026169,23721.30078125,-1.0157006177158423,20
2024-06-26,82179223.4043858,-15740.505800967105,82194963.91018677,23868.80078125,-0.8305754976274393,20
2024-06-27,82315537.9840405,-15740.505800967105,82331278.48984146,24044.5,-0.6660784647324225,20
2024-06-28,82491288.48885846,-15740.505800967105,82507028.99465942,24010.599609375,-0.4539922987068068,20
2024-07-01,83610557.52727246,-15740.505800967105,83626298.03307343,24141.94921875,0.0,20
2024-07-02,83981678.92178464,-15740.505800967105,83997419.4275856,24123.849609375,0.0,20
2024-07-03,85905056.61691785,-15740.505800967105,85920797.12271881,24286.5,0.0,20
2024-07-04,88733392.87671018,-15740.505800967105,88749133.38251114,24302.150390625,0.0,20
2024-07-05,89842417.16175961,-15740.505800967105,89858157.66756058,24323.849609375,0.0,20
2024-07-08,90342449.54268384,-15740.505800967105,90358190.0484848,24320.55078125,0.0,20
2024-07-09,89696104.38347363,-15740.505800967105,89711844.8892746,24433.19921875,-0.7154390460763715,20
2024-07-10,88936311.55595899,-15740.505800967105,88952052.06175995,24324.44921875,-1.5564532441203038,20
2024-07-11,90547162.93185544,-15740.505800967105,90562903.4376564,24315.94921875,0.0,20
2024-07-12,90589509.10731244,-15740.505800967105,90605249.6131134,24502.150390625,0.0,20
2024-07-15,90797412.2522099,-15740.505800967105,90813152.75801086,24586.69921875,0.0,20
2024-07-16,90005184.2241795,-15740.505800967105,90020924.72998047,24613.0,-0.8725226946224018,20
2024-07-18,87609744.45716596,-15740.505800967105,87625484.96296692,24800.849609375,-3.51074740565237,20
2024-07-19,85417822.78730512,-15740.505800967105,85433563.29310608,24530.900390625,-5.924826855155063,20
2024-07-22,86739871.09293866,-15740.505800967105,86755611.59873962,24509.25,-4.468785022199229,20
2024-07-23,85347765.5947926,-15740.505800967105,85363506.10059357,24479.05078125,-6.001984552466865,20
2024-07-24,88002528.05470014,-15740.505800967105,88018268.5605011,24413.5,-3.07815402243663,20
2024-07-25,87593930.0702107,-15740.505800967105,87609670.57601166,24406.099609375,-3.5281646277548373,20
2024-07-26,88318413.87655377,-15740.505800967105,88334154.38235474,24834.849609375,-2.730252233147523,20
2024-07-29,90145655.23621106,-15740.505800967105,90161395.74201202,24836.099609375,-0.7178145277845993,20
2024-07-30,91373385.08503461,-15740.505800967105,91389125.59083557,24857.30078125,0.0,20
2024-07-31,91174826.33752179,-15740.505800967105,91190566.84332275,24951.150390625,-0.21730479540408298,20
2024-08-01,89934768.0104258,-10097.665775059722,89944865.67620087,25010.900390625,-1.574437756979219,20
2024-08-02,90108548.12303567,-10097.665775059722,90118645.78881073,24717.69921875,-1.3842509619424126,20
2024-08-05,85469713.60516,-10097.665775059722,85479811.27093506,24055.599609375,-6.4610405692866575,20
2024-08-06,83563764.75516915,-10097.665775059722,83573862.42094421,23992.55078125,-8.546931168849225,20
2024-08-07,86564219.22311044,-10097.665775059722,86574316.8888855,24297.5,-5.263202033555647,20
2024-08-08,86007599.84763741,-10097.665775059722,86017697.51341248,24117.0,-5.872372170959461,20
2024-08-09,87272709.05656838,-10097.665775059722,87282806.72234344,24367.5,-4.487823259092371,20
2024-08-12,88985075.69904733,-10097.665775059722,88995173.36482239,24347.0,-2.613791076870642,20
2024-08-13,87879302.94301248,-10097.665775059722,87889400.60878754,24139.0,-3.8239604878055444,20
2024-08-14,87035268.8431437,-10097.665775059722,87045366.50891876,24143.75,-4.747680342425465,20
2024-08-16,88452549.34797311,-10097.665775059722,88462647.01374817,24541.150390625,-3.196593553301419,20
2024-08-19,89256846.39576364,-10097.665775059722,89266944.0615387,24572.650390625,-2.316362349169032,20
2024-08-20,89133693.72446084,-10097.665775059722,89143791.3902359,24698.849609375,-2.451141936450585,20
2024-08-21,88957270.73176217,-10097.665775059722,88967368.39753723,24770.19921875,-2.6442211274365413,20
2024-08-22,89075669.80406594,-10097.665775059722,89085767.469841,24811.5,-2.514643929225502,20
2024-08-23,89803867.26873422,-10097.665775059722,89813964.93450928,24823.150390625,-1.717696914522493,20
2024-08-26,89089657.5487864,-10097.665775059722,89099755.21456146,25010.599609375,-2.4993355933162653,20
2024-08-27,89446682.9183619,-10097.665775059722,89456780.58413696,25017.75,-2.108603249052954,20
2024-08-28,90221571.97148538,-10097.665775059722,90231669.63726044,25052.349609375,-1.2605564656243406,20
2024-08-29,89495986.03261971,-10097.665775059722,89506083.69839478,25151.94921875,-2.0546453988409596,20
2024-08-30,89427964.82201028,-10097.665775059722,89438062.48778534,25235.900390625,-2.129088531867207,20
2024-09-02,88590237.87432718,-14207.270234579686,88604445.14456177,25278.69921875,-3.045905772361779,20
2024-09-03,88195595.73947,-14207.270234579686,88209803.00970459,25279.849609375,-3.477806302795139,20
2024-09-04,87262514.41628885,-14207.270234579686,87276721.68652344,25198.69921875,-4.498980381344153,20
2024-09-05,87318872.08640909,-14207.270234579686,87333079.35664368,25145.099609375,-4.437301950510286,20
2024-09-06,85488638.12593699,-14207.270234579686,85502845.39617157,24852.150390625,-6.440329373395892,20
2024-09-09,85328803.59865427,-14207.270234579686,85343010.86888885,24936.400390625,-6.615253972209834,20
2024-09-10,86547585.04311228,-14207.270234579686,86561792.31334686,25041.099609375,-5.2814066562503985,20
2024-09-11,85997072.0302186,-14207.270234579686,86011279.30045319,24918.44921875,-5.883893925799799,20
2024-09-12,86560188.61227274,-14207.270234579686,86574395.88250732,25388.900390625,-5.267613176728181,20
2024-09-13,87130284.33293772,-14207.270234579686,87144491.6031723,25356.5,-4.643694384473274,20
2024-09-16,87391743.78451395,-14207.270234579686,87405951.05474854,25383.75,-4.357550392617315,20
2024-09-17,86860361.44514322,-14207.270234579686,86874568.71537781,25418.55078125,-4.9391008505282326,20
2024-09-18,86513259.80845499,-14207.270234579686,86527467.07868958,25377.55078125,-5.318972556457934,20
2024-09-19,85098165.17710733,-14207.270234579686,85112372.44734192,25415.80078125,-6.867667102501873,20
2024-09-20,87174513.03470469,-14207.270234579686,87188720.30493927,25790.94921875,-4.595290025013665,20
2024-09-23,87197183.15608072,-14207.270234579686,87211390.42631531,25939.05078125,-4.570479604172917,20
2024-09-24,87139524.2208085,-14207.270234579686,87153731.49104309,25940.400390625,-4.6335821533655,20
2024-09-25,86596351.99233866,-14207.270234579686,86610559.26257324,26004.150390625,-5.228035590725144,20
2024-09-26,85667384.23855448,-14207.270234579686,85681591.50878906,26216.05078125,-6.244707735376087,20
2024-09-27,86501311.79741526,-14207.270234579686,86515519.06764984,26178.94921875,-5.332048586232485,20
2024-09-30,86003444.40558481,-14207.270234579686,86017651.6758194,25810.849609375,-5.87691993073517,20
2024-10-01,86267860.55322486,-9192.435430223588,86277052.98865509,25796.900390625,-5.587540099404665,20
2024-10-03,84278734.42062598,-9192.435430223588,84287926.85605621,25250.099609375,-7.764460797644901,20
2024-10-04,83887868.56893378,-9192.435430223588,83897061.00436401,25014.599609375,-8.19222852380329,20
2024-10-07,80956529.41021186,-9192.435430223588,80965721.84564209,24795.75,-11.400317132968784,20
2024-10-08,84123511.45350868,-9192.435430223588,84132703.8889389,25013.150390625,-7.9343384561915915,20
2024-10-09,85940792.99241096,-9192.435430223588,85949985.42784119,24981.94921875,-5.94548630059829,20
2024-10-10,86704383.66211158,-9192.435430223588,86713576.09754181,24998.44921875,-5.109804587602751,20
2024-10-11,88051939.66810828,-9192.435430223588,88061132.10353851,24964.25,-3.635025028169081,20
2024-10-14,89043577.49753028,-9192.435430223588,89052769.93296051,25127.94921875,-2.5497660892568885,20
2024-10-15,90614133.76555091,-9192.435430223588,90623326.20098114,25057.349609375,-0.8309326821777652,20
2024-10-16,90557932.20961219,-9192.435430223588,90567124.64504242,24971.30078125,-0.892440259998617,20
2024-10-17,88695783.75380164,-9192.435430223588,88704976.18923187,24749.849609375,-2.9303952444588943,20
2024-10-18,88096588.13047248,-9192.435430223588,88105780.56590271,24854.05078125,-3.5861612782678964,20
2024-10-21,86294119.22703773,-9192.435430223588,86303311.66246796,24781.099609375,-5.558802328785317,20
2024-10-22,83433187.8595298,-9192.435430223588,83442380.29496002,24472.099609375,-8.689835905844411,20
2024-10-23,85028147.6473487,-9192.435430223588,85037340.08277893,24435.5,-6.944295028339875,20
2024-10-24,84251265.85285407,-9192.435430223588,84260458.2882843,24399.400390625,-7.7945226890220765,20
2024-10-25,81920736.05138618,-9192.435430223588,81929928.4868164,24180.80078125,-10.345079176886717,20
2024-10-28,83318209.22268134,-9192.435430223588,83327401.65811157,24339.150390625,-8.815669743281262,20
2024-10-29,84047428.83906013,-9192.435430223588,84056621.27449036,24466.849609375,-8.017604074924822,20
2024-10-30,84488114.74074775,-9192.435430223588,84497307.17617798,24340.849609375,-7.535312758610435,20
2024-10-31,86194853.04642707,-9192.435430223588,86204045.4818573,24205.349609375,-5.667440287768977,20
2024-11-01,86864736.55138849,18362082.424862612,68502654.12652588,24304.349609375,-4.934312687934506,15
2024-11-04,86748003.62231134,18362082.424862612,68385921.19744873,23995.349609375,-5.062066441359003,15
2024-11-05,87069695.39147638,18362082.424862612,68707612.96661377,24213.30078125,-4.7100035634589865,15
2024-11-06,88018894.79980157,18362082.424862612,69656812.37493896,24484.05078125,-3.67118968188741,15
2024-11-07,87496274.93584894,18362082.424862612,69134192.51098633,24199.349609375,-4.243150393933115,15
2024-11-08,86467287.11004327,18362082.424862612,68105204.68518066,24148.19921875,-5.369285564309112,15
2024-11-11,85784612.19866632,18362082.424862612,67422529.77380371,24141.30078125,-6.1164122147463695,15
2024-11-12,85556924.59154962,18362082.424862612,67194842.16668701,23883.44921875,-6.365595942485913,15
2024-11-13,82745395.29913019,18362082.424862612,64383312.87426758,23559.05078125,-9.442563365552203,15
2024-11-14,82846092.7595794,18362082.424862612,64484010.3347168,23532.69921875,-9.332358998760382,15
2024-11-18,83096944.12029718,18362082.424862612,64734861.69543457,23453.80078125,-9.057824613846954,15
2024-11-19,84683254.40820001,18362082.424862612,66321171.9833374,23518.5,-7.321749840622161,15
2024-11-21,84056814.0295379,18362082.424862612,65694731.60467529,23349.900390625,-8.007332823105662,15
2024-11-22,84557139.50372003,18362082.424862612,66195057.07885742,23907.25,-7.459771327253762,15
2024-11-25,85641481.72845148,18362082.424862612,67279399.30358887,24221.900390625,-6.27305571666067,15
2024-11-26,85043318.3229339,18362082.424862612,66681235.89807129,24194.5,-6.927692080368675,15
2024-11-27,85787544.98394464,18362082.424862612,67425462.55908203,24274.900390625,-6.113202543488605,15
2024-11-28,86095248.5182464,18362082.424862612,67733166.09338379,23914.150390625,-5.7764485379153125,15
2024-11-29,86817322.8562591,18362082.424862612,68455240.43139648,24131.099609375,-4.986202737849233,15
2024-12-02,87312167.19902286,-16725.636121174786,87328892.83514403,24276.05078125,-4.4446398502498985,20
2024-12-03,88182912.02595767,-16725.636121174786,88199637.66207884,24457.150390625,-3.491687493144524,20
2024-12-04,89375246.93873844,-16725.636121174786,89391972.5748596,24467.44921875,-2.1867835414400516,20
2024-12-05,90022781.18962345,-16725.636121174786,90039506.82574461,24708.400390625,-1.4781152018766286,20
2024-12-06,90397198.64003238,-16725.636121174786,90413924.27615355,24677.80078125,-1.0683487802205849,20
2024-12-09,90696267.10740909,-16725.636121174786,90712992.74353026,24619.0,-0.7410450833088555,20
2024-12-10,90196667.04928836,-16725.636121174786,90213392.68540953,24610.05078125,-1.2878126761432296,20
2024-12-11,91004997.61450443,-16725.636121174786,91021723.2506256,24641.80078125,-0.40316714783780183,20
2024-12-12,90297680.86323795,-16725.636121174786,90314406.49935912,24548.69921875,-1.1772620887314011,20
2024-12-13,90597336.80613956,-16725.636121174786,90614062.44226073,24768.30078125,-0.8493154523856572,20
2024-12-16,93123787.22790775,-16725.636121174786,93140512.86402892,24668.25,0.0,20
2024-12-17,94134363.1812006,-16725.636121174786,94151088.81732176,24336.0,0.0,20
2024-12-18,93365403.20065555,-16725.636121174786,93382128.83677672,24198.849609375,-0.8168748951590254,20
2024-12-19,93283797.18863162,-16725.636121174786,93300522.8247528,23951.69921875,-0.9035658858515871,20
2024-12-20,91945068.42581424,-16725.636121174786,91961794.06193541,23587.5,-2.3257126105714954,20
2024-12-23,91851683.57766971,-16725.636121174786,91868409.21379088,23753.44921875,-2.4249163922604122,20
2024-12-24,91932507.59399661,-16725.636121174786,91949233.23011778,23727.650390625,-2.3390561244522323,20
2024-12-26,91541379.8634058,-16725.636121174786,91558105.49952696,23750.19921875,-2.754555541851944,20
2024-12-27,92095254.30566654,-16725.636121174786,92111979.9417877,23813.400390625,-2.166168449675432,20
2024-12-30,92423946.30684146,-16725.636121174786,92440671.94296263,23644.900390625,-1.816995214666428,20
2024-12-31,92919444.3891016,-16725.636121174786,92936170.02522276,23644.80078125,-1.290621990781815,20
2025-01-01,94190483.58404286,3260772.6747563677,90929710.9092865,23742.900390625,0.0,19
2025-01-02,94922559.1367162,3260772.6747563677,91661786.46195984,24188.650390625,0.0,19
2025-01-03,94877113.9945348,3260772.6747563677,91616341.31977844,24004.75,-0.04787601871957259,19
2025-01-06,92294296.03808339,3260772.6747563677,89033523.36332703,23616.05078125,-2.7688498103462855,19
2025-01-07,93654549.3725713,3260772.6747563677,90393776.69781494,23707.900390625,-1.3358360495934307,19
2025-01-08,92838184.80534108,3260772.6747563677,89577412.13058472,23688.94921875,-2.1958682428410037,19
2025-01-09,90922830.72610219,3260772.6747563677,87662058.05134583,23526.5,-4.21367528118709,19
2025-01-10,88305033.85452016,3260772.6747563677,85044261.1797638,23431.5,-6.9714990223397555,19
2025-01-13,83598170.02267201,3260772.6747563677,80337397.34791565,23085.94921875,-11.930134645583845,19
2025-01-14,84294165.48211415,3260772.6747563677,81033392.80735779,23176.05078125,-11.196910145768468,19
2025-01-15,84504529.07656606,3260772.6747563677,81243756.40180969,23213.19921875,-10.975294129128088,19
2025-01-16,86112400.27590688,3260772.6747563677,82851627.60115051,23311.80078125,-9.281417337389863,19
2025-01-17,85597977.7408727,3260772.6747563677,82337205.06611633,23203.19921875,-9.823356513611682,19
2025-01-20,85880024.17078908,3260772.6747563677,82619251.49603271,23344.75,-9.526223321584947,19
2025-01-21,81939156.55769093,3260772.6747563677,78678383.88293457,23024.650390625,-13.677889320625436,19
2025-01-22,79452723.69816335,3260772.6747563677,76191951.02340698,23155.349609375,-16.297322342807654,19
2025-01-23,80612402.44707997,3260772.6747563677,77351629.77232361,23205.349609375,-15.075611972308323,19
2025-01-24,78223478.30822499,3260772.6747563677,74962705.63346863,23092.19921875,-17.59232049827023,19
2025-01-27,74290684.09486134,3260772.6747563677,71029911.42010498,22829.150390625,-21.735481248602806,19
2025-01-28,70760243.1830724,3260772.6747563677,67499470.50831604,22957.25,-25.454766678638542,19
2025-01-29,74372313.68606313,3260772.6747563677,71111541.01130676,23163.099609375,-21.649485262038414,19
2025-01-30,74338572.15801747,3260772.6747563677,71077799.48326111,23249.5,-21.68503163621177,19
2025-01-31,76529399.41512807,3260772.6747563677,73268626.7403717,23508.400390625,-19.37701626343282,19
2025-02-01,76897340.76817966,-42582.67020535888,76939923.43838501,23482.150390625,-18.98939359881244,20
2025-02-03,75245334.16258883,-42582.67020535888,75287916.83279419,23361.05078125,-20.729766615106126,20
2025-02-04,76725375.58397555,-42582.67020535888,76767958.25418091,23739.25,-19.170557260820786,20
2025-02-05,78358198.96761203,-42582.67020535888,78400781.63781738,23696.30078125,-17.450393583728243,20
2025-02-06,78558999.17055392,-42582.67020535888,78601581.84075928,23603.349609375,-17.23885250775211,20
2025-02-07,78397974.67055392,-42582.67020535888,78440557.34075928,23559.94921875,-17.40849026453454,20
2025-02-10,76765822.753165,-42582.67020535888,76808405.42337036,23381.599609375,-19.127946558415253,20
2025-02-11,73988203.69444919,-42582.67020535888,74030786.36465454,23071.80078125,-22.054141431348718,20
2025-02-12,74266515.3218906,-42582.67020535888,74309097.99209595,23045.25,-21.760942817686658,20
2025-02-13,73782475.24938083,-42582.67020535888,73825057.91958618,23031.400390625,-22.27087436284506,20
2025-02-14,71680443.36992526,-42582.67020535888,71723026.04013062,22929.25,-24.485344662184584,20
2025-02-17,71495040.95406222,-42582.67020535888,71537623.62426758,22959.5,-24.680664318069546,20
2025-02-18,70024830.51259494,-42582.67020535888,70067413.1828003,22945.30078125,-26.229516829883682,20
2025-02-19,71339099.35286593,-42582.67020535888,71381682.02307129,22932.900390625,-24.844947290014797,20
2025-02-20,72482239.05220675,-42582.67020535888,72524821.72241211,22913.150390625,-23.640660648633414,20
2025-02-21,71500218.57301974,-42582.67020535888,71542801.2432251,22795.900390625,-24.675209746464432,20
2025-02-24,70739296.82643771,-42582.67020535888,70781879.49664307,22553.349609375,-25.47683346321029,20
2025-02-25,70305203.60497165,-42582.67020535888,70347786.275177,22547.55078125,-25.93414648280644,20
2025-02-27,68949349.58153415,-42582.67020535888,68991932.2517395,22545.05078125,-27.362525611823262,20
2025-02-28,66776698.38930392,-42582.67020535888,66819281.059509285,22124.69921875,-29.651392675658926,20
2025-03-03,66322483.49803045,42896698.331587575,23425785.16644287,22119.30078125,-30.129903680212934,7
2025-03-04,66860429.38004949,42896698.331587575,23963731.048461914,22082.650390625,-29.56318288495473,7
2025-03-05,67428349.78962591,42896698.331587575,24531651.458038338,22337.30078125,-28.964884214184117,7
2025-03-06,67537902.78748968,42896698.331587575,24641204.455902107,22544.69921875,-28.849471188176267,7
2025-03-07,67573443.06156805,42896698.331587575,24676744.729980476,22552.5,-28.812029852416266,7
2025-03-10,67422273.42353705,42896698.331587575,24525575.09194947,22460.30078125,-28.971285607218732,7
2025-03-11,67273082.82322577,42896698.331587575,24376384.49163819,22497.900390625,-29.12845646488219,7
2025-03-12,67037593.52751043,42896698.331587575,24140895.19592285,22470.5,-29.376542165327933,7
2025-03-13,67045157.41120794,42896698.331587575,24148459.07962036,22397.19921875,-29.3685736868479,7
2025-03-17,67049313.73335149,42896698.331587575,24152615.401763916,22508.75,-29.364195041580267,7
2025-03-18,67049313.73335149,42896698.331587575,24152615.401763916,22834.30078125,-29.364195041580267,7
2025-03-19,68282101.4112995,42896698.331587575,25385403.07971192,22907.599609375,-28.06546511988438,7
2025-03-20,68505244.44789007,42896698.331587575,25608546.116302498,23190.650390625,-27.830386084278956,7
2025-03-21,68695456.87837103,42896698.331587575,25798758.546783455,23350.400390625,-27.629999124413075,7
2025-03-24,68831741.40128973,42896698.331587575,25935043.069702156,23658.349609375,-27.48642469473255,7
2025-03-25,68099997.53263739,42896698.331587575,25203299.201049812,23668.650390625,-28.257309798660714,7
2025-03-26,67755995.12888983,42896698.331587575,24859296.797302254,23486.849609375,-28.619713011212212,7
2025-03-27,68418228.04356268,42896698.331587575,25521529.711975105,23591.94921875,-27.922057026485714,7
2025-03-28,68306067.04682806,42896698.331587575,25409368.715240486,23519.349609375,-28.040217554135495,7
2025-04-01,67834832.53509709,-28044.83260920318,67862877.3677063,23165.69921875,-28.53665856459355,20
2025-04-02,68466805.14129826,-28044.83260920318,68494849.97390747,23332.349609375,-27.87088152281475,20
2025-04-03,68604575.43660161,-28044.83260920318,68632620.26921082,23250.099609375,-27.72574184626545,20
2025-04-04,65502712.63875005,-28044.83260920318,65530757.47135925,22904.44921875,-30.993524369262936,20
2025-04-07,61179400.70273015,-28044.83260920318,61207445.535339355,22161.599609375,-35.54809177172105,20
2025-04-08,63017551.68760869,-28044.83260920318,63045596.520217896,22535.849609375,-33.61161744823481,20
2025-04-09,61547092.66722295,-28044.83260920318,61575137.49983215,22399.150390625,-35.16073183554062,20
2025-04-11,64574639.24885747,-28044.83260920318,64602684.081466675,22828.55078125,-31.971240729138863,20
2025-04-15,67313479.25999638,-28044.83260920318,67341524.09260559,23328.55078125,-29.085899208590327,20
2025-04-16,67696903.07271,-28044.83260920318,67724947.90531921,23437.19921875,-28.68196592212954,20
2025-04-17,67436688.5698261,-28044.83260920318,67464733.4024353,23851.650390625,-28.95609938971665,20
2025-04-21,68360667.6176624,-28044.83260920318,68388712.4502716,24125.55078125,-27.982696379684548,20
2025-04-22,68902696.38020512,-28044.83260920318,68930741.21281433,24167.25,-27.41167430919649,20
2025-04-23,69137975.60290715,-28044.83260920318,69166020.43551636,24328.94921875,-27.16380991864297,20
2025-04-24,68847523.85179326,-28044.83260920318,68875568.68440247,24246.69921875,-27.469798035435687,20
2025-04-25,67138989.58746526,-28044.83260920318,67167034.42007446,24039.349609375,-29.269722394688593,20
2025-04-28,67631456.34367558,-28044.83260920318,67659501.17628479,24328.5,-28.750913419573386,20
2025-04-29,67408012.47680852,-28044.83260920318,67436057.30941772,24335.94921875,-28.98630937697192,20
2025-04-30,66426142.25866887,-28044.83260920318,66454187.091278076,24334.19921875,-30.020700176239636,20
2025-05-02,66344112.49072819,-10517.856638138648,66354630.34736633,24346.69921875,-30.107117745136534,20
2025-05-05,67395223.41463262,-10517.856638138648,67405741.27127075,24461.150390625,-28.999782530553333,20
2025-05-06,65682615.2255457,-10517.856638138648,65693133.08218384,24379.599609375,-30.803998730224336,20
2025-05-07,66018361.67473393,-10517.856638138648,66028879.53137207,24414.400390625,-30.45029308612697,20
2025-05-08,65094659.467504315,-10517.856638138648,65105177.324142456,24273.80078125,-31.423404447251578,20
2025-05-09,65238047.52174931,-10517.856638138648,65248565.37838745,24008.0,-31.27234651587145,20
2025-05-12,67921958.8710993,-10517.856638138648,67932476.72773743,24924.69921875,-28.444871810428285,20
2025-05-13,68489272.53963262,-10517.856638138648,68499790.39627075,24578.349609375,-27.84721233549122,20
2025-05-14,69558702.67812139,-10517.856638138648,69569220.53475952,24666.900390625,-26.720578005133067,20
2025-05-15,69544367.78790838,-10517.856638138648,69554885.64454651,25062.099609375,-26.735679673633562,20
2025-05-16,69489358.04926091,-10517.856638138648,69499875.90589905,25019.80078125,-26.793631902426963,20
2025-05-19,70053966.35988408,-10517.856638138648,70064484.21652222,24945.44921875,-26.198822495940178,20
2025-05-20,69726219.59691411,-10517.856638138648,69736737.45355225,24683.900390625,-26.544100547807613,20
2025-05-21,69956914.26276189,-10517.856638138648,69967432.11940002,24813.44921875,-26.301065943656752,20
2025-05-22,69599916.47707158,-10517.856638138648,69610434.33370972,24609.69921875,-26.677159665672956,20
2025-05-23,69877874.39082891,-10517.856638138648,69888392.24746704,24853.150390625,-26.384333685963558,20
2025-05-26,69888117.62013799,-10517.856638138648,69898635.47677612,25001.150390625,-26.37354254273877,20
2025-05-27,69764746.33910161,-10517.856638138648,69775264.19573975,24826.19921875,-26.50351299671556,20
2025-05-28,70835014.14067632,-10517.856638138648,70845531.99731445,24752.44921875,-25.375996196380235,20
2025-05-29,71317963.67650396,-10517.856638138648,71328481.53314209,24833.599609375,-24.867213521092214,20
2025-05-30,71297677.69594365,-10517.856638138648,71308195.55258179,24750.69921875,-24.888584605842556,20
2025-06-02,71179941.4117924,-11888.523006797768,71191829.9347992,24716.599609375,-25.012618644981433,20
2025-06-03,71846285.13817179,-11888.523006797768,71858173.66117859,24542.5,-24.310631959793493,20
2025-06-04,72456078.78244364,-11888.523006797768,72467967.30545044,24620.19921875,-23.668220240369063,20
2025-06-05,72634582.82971537,-11888.523006797768,72646471.35272217,24750.900390625,-23.48016794922231,20
2025-06-06,72087707.32464945,-11888.523006797768,72099595.84765625,25003.05078125,-24.05629601618504,20
2025-06-09,72510854.3709904,-11888.523006797768,72522742.89399719,25103.19921875,-23.610514686447093,20
2025-06-10,73135064.5795933,-11888.523006797768,73146953.1026001,25104.25,-22.952915255627005,20
2025-06-11,73399604.95775187,-11888.523006797768,73411493.48075867,25141.400390625,-22.674224520184914,20
2025-06-12,71963722.96528971,-11888.523006797768,71975611.48829651,24888.19921875,-24.18691234225898,20
2025-06-13,71777685.72337687,-11888.523006797768,71789574.24638367,24718.599609375,-24.382900781261018,20
2025-06-16,71802354.1112858,-11888.523006797768,71814242.6342926,24946.5,-24.35691287266133,20
2025-06-17,71452734.6861912,-11888.523006797768,71464623.209198,24853.400390625,-24.725233562994863,20
2025-06-18,71385406.03525126,-11888.523006797768,71397294.55825806,24812.05078125,-24.796163647004676,20
2025-06-19,70314374.82088053,-11888.523006797768,70326263.34388733,24793.25,-25.92448469535329,20
2025-06-20,71228947.07417643,-11888.523006797768,71240835.59718323,25112.400390625,-24.960991652589193,20
2025-06-23,71449080.09311259,-11888.523006797768,71460968.61611938,24971.900390625,-24.729083641534523,20
2025-06-24,72336675.68416178,-11888.523006797768,72348564.20716858,25044.349609375,-23.794010252108933,20
2025-06-25,72706331.74814188,-11888.523006797768,72718220.27114868,25244.75,-23.4045811560732,20
2025-06-26,72144655.41347086,-11888.523006797768,72156543.93647766,25549.0,-23.996301754189442,20
2025-06-27,73318126.96391642,-11888.523006797768,73330015.48692322,25637.80078125,-22.76006080038686,20
2025-06-30,74364260.79048502,-11888.523006797768,74376149.31349182,25517.05078125,-21.65796890981545,20
2025-07-01,73196611.450555,-10837.708365284838,73207449.15892029,25541.80078125,-22.888076221027177,20
2025-07-02,73013258.25331989,-10837.708365284838,73024095.96168518,25453.400390625,-23.081237044863613,20
2025-07-03,73842855.61773029,-10837.708365284838,73853693.32609558,25405.30078125,-22.207264227489887,20
2025-07-04,73492577.69643512,-10837.708365284838,73503415.40480042,25461.0,-22.576278637215886,20
2025-07-07,72739502.20336261,-10837.708365284838,72750339.9117279,25461.30078125,-23.36963640160977,20
2025-07-08,72109925.92746845,-10837.708365284838,72120763.63583374,25522.5,-24.032888932535947,20
2025-07-09,72663998.08707538,-10837.708365284838,72674835.79544067,25476.099609375,-23.44917925946559,20
2025-07-10,72748906.63639179,-10837.708365284838,72759744.34475708,25355.25,-23.35972892217105,20
2025-07-11,72394851.831628,-10837.708365284838,72405689.53999329,25149.849609375,-23.732722242182426,20
2025-07-14,73247158.65265766,-10837.708365284838,73257996.36102295,25082.30078125,-22.834825231417998,20
2025-07-15,74304806.39894977,-10837.708365284838,74315644.10731506,25195.80078125,-21.720603537533,20
2025-07-16,74662943.45278278,-10837.708365284838,74673781.16114807,25212.05078125,-21.343309607522976,20
2025-07-17,74492282.3199245,-10837.708365284838,74503120.0282898,25111.44921875,-21.523099464023232,20
2025-07-18,74201100.44002643,-10837.708365284838,74211938.14839172,24968.400390625,-21.829856764443967,20
2025-07-21,74963472.84993854,-10837.708365284838,74974310.55830383,25090.69921875,-21.026704787879503,20
2025-07-22,74719665.85193744,-10837.708365284838,74730503.56030273,25060.900390625,-21.283553107413265,20
2025-07-23,75040629.6075069,-10837.708365284838,75051467.31587219,25219.900390625,-20.945420888382827,20
2025-07-24,74322790.90044513,-10837.708365284838,74333628.60881042,25062.099609375,-21.70165703876713,20
2025-07-25,72339785.19083515,-10837.708365284838,72350622.89920044,24837.0,-23.790734416836845,20
2025-07-28,71914584.19265094,-10837.708365284838,71925421.90101624,24680.900390625,-24.238679565020004,20
2025-07-29,73259310.61481586,-10837.708365284838,73270148.32318115,24821.099609375,-22.82202325655689,20
2025-07-30,73158135.71390644,-10837.708365284838,73168973.42227173,24855.05078125,-22.928610038276187,20
2025-07-31,73652880.2596828,-10837.708365284838,73663717.9680481,24768.349609375,-22.407401433834973,20
2025-08-01,72274969.01269428,14390755.804411817,57884213.20828247,24565.349609375,-23.859017634999468,15
2025-08-04,73964700.68942158,14390755.804411817,59573944.885009766,24722.75,-22.07890162032946,15
2025-08-05,74086685.25251667,14390755.804411817,59695929.44810486,24649.55078125,-21.95039206032129,15
2025-08-06,74357945.94009297,14390755.804411817,59967190.13568115,24574.19921875,-21.664621543761996,15
2025-08-07,73591899.71574299,14390755.804411817,59201143.91133118,24596.150390625,-22.471643848382595,15
2025-08-08,73017416.48292439,14390755.804411817,58626660.67851257,24363.30078125,-23.076856390104282,15
2025-08-11,73986617.18020527,14390755.804411817,59595861.37579346,24585.05078125,-22.055812808794016,15
2025-08-12,73986059.49391071,14390755.804411817,59595303.6894989,24487.400390625,-22.056400325923388,15
2025-08-13,75497545.63131611,14390755.804411817,61106789.8269043,24619.349609375,-20.46406426676971,15
2025-08-14,74923587.0702657,14390755.804411817,60532831.26585388,24631.30078125,-21.06872407184698,15
2025-08-18,75652744.15533344,14390755.804411817,61261988.35092163,24876.94921875,-20.300564119461416,15
2025-08-19,76341451.83839314,14390755.804411817,61950696.03398132,24980.650390625,-19.575017221734235,15
2025-08-20,76966082.37205403,14390755.804411817,62575326.56764221,25050.55078125,-18.916974982521918,15
2025-08-21,76648841.05125324,14390755.804411817,62258085.24684143,25083.75,-19.25118565244692,15
2025-08-22,76610830.2686147,14390755.804411817,62220074.46420288,24870.099609375,-19.291229645133434,15
2025-08-25,76822915.11834614,14390755.804411817,62432159.313934326,24967.75,-19.067800302667028,15
2025-08-26,76171943.88181965,14390755.804411817,61781188.07740784,24712.05078125,-19.753592218147208,15
2025-08-28,75327100.31907551,14390755.804411817,60936344.5146637,24500.900390625,-20.643626758332033,15
2025-08-29,75308871.716628,14390755.804411817,60918115.91221619,24426.849609375,-20.66283041509528,15
2025-09-01,76317232.36448702,27181390.833435394,49135841.53105163,24625.05078125,-19.6005322037642,11
2025-09-02,75325278.49201998,27181390.833435394,48143887.65858459,24579.599609375,-20.645546035553487,11
2025-09-03,75951606.25625643,27181390.833435394,48770215.42282104,24715.05078125,-19.985715780308933,11
2025-09-04,75172895.08651766,27181390.833435394,47991504.25308227,24734.30078125,-20.806080482673515,11
2025-09-05,75753759.81691012,27181390.833435394,48572368.983474724,24741.0,-20.19414509484243,11
2025-09-08,75452950.12707552,27181390.833435394,48271559.29364013,24773.150390625,-20.511045200118083,11
2025-09-09,75829839.89662203,27181390.833435394,48648449.06318664,24868.599609375,-20.11399546507704,11
2025-09-10,74812689.65710482,27181390.833435394,47631298.823669426,24973.099609375,-21.18555342639603,11
2025-09-11,74690986.86520419,27181390.833435394,47509596.03176879,25005.5,-21.313766143170078,11
2025-09-12,74337359.8476871,27181390.833435394,47155969.0142517,25114.0,-21.68630879344541,11
2025-09-15,74993101.19902071,27181390.833435394,47811710.36558532,25069.19921875,-20.99549160804993,11
2025-09-16,75318077.21334872,27181390.833435394,48136686.37991332,25239.099609375,-20.653132513137695,11
2025-09-17,75392509.82737765,27181390.833435394,48211118.99394225,25330.25,-20.574718472570442,11
2025-09-18,74785922.82659945,27181390.833435394,47604531.993164055,25423.599609375,-21.21375202402004,11
2025-09-19,74911433.14299044,27181390.833435394,47730042.309555046,25327.05078125,-21.08152811693993,11
2025-09-22,74343198.74462923,27181390.833435394,47161807.91119384,25202.349609375,-21.680157571865166,11
2025-09-23,74141827.28883395,27181390.833435394,46960436.45539855,25169.5,-21.89230045720948,11
2025-09-24,74739470.90339693,27181390.833435394,47558080.06996154,25056.900390625,-21.262688676829423,11
2025-09-25,74125017.4162601,27181390.833435394,46943626.5828247,24890.849609375,-21.910009495742287,11
2025-09-26,73090643.09623751,27181390.833435394,45909252.26280212,24654.69921875,-22.999712859652632,11
2025-09-29,73597381.17759737,27181390.833435394,46415990.34416198,24634.900390625,-22.46586918121787,11
2025-09-30,72970695.72151217,27181390.833435394,45789304.888076775,24611.099609375,-23.126076261373175,11
2025-10-01,73518205.60235374,41288134.65235679,32230070.94999695,24836.30078125,-22.54927988565284,7
2025-10-03,74016799.7103707,41288134.65235679,32728665.058013916,24894.25,-22.024015804541364,7
2025-10-06,74500838.85432212,41288134.65235679,33212704.201965332,25077.650390625,-21.514085237610214,7
2025-10-07,74424540.47442405,41288134.65235679,33136405.82206726,25108.30078125,-21.594464844515016,7
2025-10-08,74370152.8021981,41288134.65235679,33082018.14984131,25046.150390625,-21.651761732336606,7
2025-10-09,74193429.23298423,41288134.65235679,32905294.58062744,25181.80078125,-21.837938307031912,7
2025-10-10,74198856.72031944,41288134.65235679,32910722.067962646,25285.349609375,-21.832220501502263,7
2025-10-13,74398977.26688926,41288134.65235679,33110842.61453247,25227.349609375,-21.621395436955083,7
2025-10-14,74000678.91550986,41288134.65235679,32712544.263153076,25145.5,-22.040998906353458,7
2025-10-15,74798504.66998069,41288134.65235679,33510370.0176239,25323.55078125,-21.200497173439036,7
2025-10-16,74764056.25858848,41288134.65235679,33475921.60623169,25585.30078125,-21.236788242396198,7
2025-10-17,74962793.39956443,41288134.65235679,33674658.74720764,25709.849609375,-21.02742058229159,7
2025-10-20,75345794.27496116,41288134.65235679,34057659.62260437,25843.150390625,-20.62393285621259,7
2025-10-21,75617812.47305076,41288134.65235679,34329677.82069397,25868.599609375,-20.337364309637895,7
2025-10-23,74780957.17402427,41288134.65235679,33492822.52166748,25891.400390625,-21.218983291086946,7
2025-10-24,74435847.25411765,41288134.65235679,33147712.601760864,25795.150390625,-21.582553261223925,7
2025-10-27,74891323.77174155,41288134.65235679,33603189.119384766,25966.05078125,-21.102713145485062,7
2025-10-28,75741236.19697349,41288134.65235679,34453101.5446167,25936.19921875,-20.207338607586433,7
2025-10-29,75367867.02277915,41288134.65235679,34079732.37042236,26053.900390625,-20.60067942939948,7
2025-10-30,75390251.88474815,41288134.65235679,34102117.23239136,25877.849609375,-20.577097193340343,7
2025-10-31,75364107.97556846,41288134.65235679,34075973.32321167,25722.099609375,-20.60463954935925,7
2025-11-03,75230215.25895667,-30518.98017144436,75260734.23912811,25763.349609375,-20.74569423417757,20
2025-11-04,74498600.63361716,-30518.98017144436,74529119.6137886,25597.650390625,-21.516443181522927,20
2025-11-06,73487432.41263938,-30518.98017144436,73517951.39281082,25509.69921875,-22.581699144040122,20
2025-11-07,74630489.32700324,-30518.98017144436,74661008.30717468,25492.30078125,-21.377499715833046,20
2025-11-10,74800575.68853354,-30518.98017144436,74831094.66870499,25574.349609375,-21.198315375379973,20
2025-11-11,74458802.14966941,-30518.98017144436,74489321.12984085,25694.94921875,-21.55837050028646,20
2025-11-12,74976239.55913138,-30518.98017144436,75006758.53930283,25875.80078125,-21.01325518295002,20
2025-11-13,74596085.97782493,-30518.98017144436,74626604.95799637,25879.150390625,-21.413743312182742,20
2025-11-14,74984011.14532065,-30518.98017144436,75014530.1254921,25910.05078125,-21.005067891899355,20
2025-11-17,75192432.11060691,-30518.98017144436,75222951.09077835,26013.44921875,-20.78549841633762,20
2025-11-18,74472972.30864692,-30518.98017144436,74503491.28881836,25910.05078125,-21.543442374552825,20
2025-11-19,74483791.56690955,-30518.98017144436,74514310.547081,26052.650390625,-21.532044390384442,20
2025-11-20,74223552.0473249,-30518.98017144436,74254071.02749634,26192.150390625,-21.806204212824365,20
2025-11-21,72796072.68103766,-30518.98017144436,72826591.6612091,26068.150390625,-23.31003994931272,20
2025-11-24,73213063.5046308,-30518.98017144436,73243582.48480225,25959.5,-22.870744140828936,20
2025-11-25,72922566.04911399,-30518.98017144436,72953085.02928543,25884.80078125,-23.17678040676906,20
2025-11-26,74400365.9504888,-30518.98017144436,74430884.93066025,26205.30078125,-21.619932472184455,20
2025-11-27,74246740.15055442,-30518.98017144436,74277259.13072586,26215.55078125,-21.78177576984894,20
2025-11-28,74469793.50409675,-30518.98017144436,74500312.48426819,26202.94921875,-21.546791214469362,20
2025-12-01,73685152.79044628,255.74969769176096,73684897.0407486,26175.75,-22.37340263412184,20
2025-12-02,72951427.02281857,255.74969769176096,72951171.27312088,26032.19921875,-23.14637564949422,20
2025-12-03,72650857.25363827,255.74969769176096,72650601.50394058,25986.0,-23.463023000675932,20
2025-12-04,71740951.27506542,255.74969769176096,71740695.52536774,26033.75,-24.421600168051192,20
2025-12-05,72155289.7073164,255.74969769176096,72155033.95761871,26186.44921875,-23.985098628249467,20
2025-12-08,70502535.63770199,255.74969769176096,70502279.8880043,25960.55078125,-25.726259090678592,20
2025-12-09,70986547.64318371,255.74969769176096,70986291.89348602,25839.650390625,-25.216357113863364,20
2025-12-10,70405076.19602871,255.74969769176096,70404820.44633102,25758.0,-25.828931671948663,20
2025-12-11,71038634.1794653,255.74969769176096,71038378.42976761,25898.55078125,-25.16148445055204,20
2025-12-12,71678105.94220638,255.74969769176096,71677850.1925087,26046.94921875,-24.487807119729066,20
2025-12-15,71847759.17769527,255.74969769176096,71847503.42799759,26027.30078125,-24.309079073380737,20
2025-12-16,71588382.93595791,255.74969769176096,71588127.18626022,25860.099609375,-24.58232944093961,20
2025-12-17,70915443.31401348,255.74969769176096,70915187.5643158,25818.55078125,-25.29126483845159,20
2025-12-18,70524720.36506939,255.74969769176096,70524464.6153717,25815.55078125,-25.702887694490826,20
2025-12-19,72077003.35830212,255.74969769176096,72076747.60860443,25966.400390625,-24.06757254143329,20
2025-12-22,73328288.33333874,255.74969769176096,73328032.58364105,26172.400390625,-22.74935589576279,20
2025-12-23,73310124.05113125,255.74969769176096,73309868.30143356,26177.150390625,-22.768491791773904,20
2025-12-24,73293789.12406445,255.74969769176096,73293533.37436676,26142.099609375,-22.7857004797985,20
2025-12-26,72849472.22490597,255.74969769176096,72849216.47520828,26042.30078125,-23.25378404517997,20
2025-12-29,72520402.71970654,255.74969769176096,72520146.97000885,25942.099609375,-23.600455593221014,20
2025-12-30,73305690.62013912,255.74969769176096,73305434.87044144,25938.849609375,-22.773162368539257,20
2025-12-31,74547660.70930386,255.74969769176096,74547404.95960617,26129.599609375,-21.46475886524145,20
2026-01-01,74519750.51455973,-18444.046292324085,74538194.56085205,26146.55078125,-21.494161986056938,20
2026-01-02,74756185.43289469,-18444.046292324085,74774629.47918701,26328.55078125,-21.245080081307165,20
2026-01-05,74628575.70138834,-18444.046292324085,74647019.74768066,26250.30078125,-21.37951570195089,20
2026-01-06,74954773.1056547,-18444.046292324085,74973217.15194702,26178.69921875,-21.035869884525617,20
2026-01-07,74741205.02099894,-18444.046292324085,74759649.06729126,26140.75,-21.260861800670817,20
2026-01-08,72897135.38717936,-18444.046292324085,72915579.43347168,25876.849609375,-23.203571363698483,20
2026-01-09,71092139.9028654,-18444.046292324085,71110583.94915771,25683.30078125,-25.105116687307227,20
2026-01-12,71832351.22238444,-18444.046292324085,71850795.26867676,25790.25,-24.32531120560616,20
2026-01-13,72751832.30157755,-18444.046292324085,72770276.34786987,25732.30078125,-23.356646762131994,20
2026-01-14,73478310.34976481,-18444.046292324085,73496754.39605713,25665.599609375,-22.591309149245976,20
2026-01-15,73389630.6403239,-18444.046292324085,73408074.68661623,25665.599609375,-22.68473236733809,20
2026-01-16,73168864.67376994,-18444.046292324085,73187308.72006226,25694.349609375,-22.917307182599867,20
2026-01-19,72644606.07385539,-18444.046292324085,72663050.1201477,25585.5,-23.469608558250165,20
2026-01-20,70788865.58502482,-18444.046292324085,70807309.63131714,25232.5,-25.424613254402274,20
2026-01-21,69699463.33331583,-18444.046292324085,69717907.37960815,25157.5,-26.572288013296973,20
2026-01-22,70218355.55951212,-18444.046292324085,70236799.60580444,25289.900390625,-26.025640060570655,20
2026-01-23,68963561.3244047,-18444.046292324085,68982005.37069702,25048.650390625,-27.347553677859615,20
2026-01-27,69674449.838809,-18444.046292324085,69692893.88510132,25175.400390625,-26.59863948836709,20
2026-01-28,70969568.16650675,-18444.046292324085,70988012.21279907,25342.75,-25.23424482868203,20
2026-01-29,73092538.63070963,-18444.046292324085,73110982.67700195,25418.900390625,-22.997715932379116,20
2026-01-30,72358951.84665202,-18444.046292324085,72377395.89294434,25320.650390625,-23.77054252990167,20
2026-02-02,71449301.46660632,19649930.091240104,51799371.37536621,25088.400390625,-24.72885042669524,15
2026-02-03,73056142.10051745,19649930.091240104,53406212.009277344,25727.55078125,-23.036059325691717,15
2026-02-04,73720352.62035388,19649930.091240104,54070422.52911377,25776.0,-22.336319953010285,15
2026-02-05,73449792.64437121,19649930.091240104,53799862.5531311,25642.80078125,-22.621352276667906,15
2026-02-06,73352202.50160998,19649930.091240104,53702272.41036987,25693.69921875,-22.72416255027281,15
2026-02-09,74821175.46093005,19649930.091240104,55171245.36968994,25867.30078125,-21.176613713958435,15
2026-02-10,74917271.44438952,19649930.091240104,55267341.353149414,25935.150390625,-21.075377522758554,15
2026-02-11,75316841.6754381,19649930.091240104,55666911.584198,25953.849609375,-20.654434140402955,15
2026-02-12,75831140.81194323,19649930.091240104,56181210.720703125,25807.19921875,-20.112624963340643,15
2026-02-13,74186399.83245105,19649930.091240104,54536469.74121094,25471.099609375,-21.845343712656373,15
2026-02-16,74321197.31786364,19649930.091240104,54671267.226623535,25682.75,-21.703335862637864,15
2026-02-17,74406943.2146532,19649930.091240104,54757013.123413086,25725.400390625,-21.613003387861184,15
2026-02-18,75226305.84185046,19649930.091240104,55576375.75061035,25819.349609375,-20.74981276737112,15
2026-02-19,74504524.72780627,19649930.091240104,54854594.63656616,25454.349609375,-21.51020220546519,15
2026-02-20,74762161.75728625,19649930.091240104,55112231.66604614,25571.25,-21.238784081235206,15
2026-02-23,74706496.94564074,19649930.091240104,55056566.854400635,25713.0,-21.297426423110256,15
2026-02-24,74964385.86870593,19649930.091240104,55314455.77746582,25424.650390625,-21.025742931419156,15
2026-02-25,75732792.19707507,19649930.091240104,56082862.10583496,25482.5,-20.216234279990562,15
2026-02-26,75884391.69930285,19649930.091240104,56234461.608062744,25496.55078125,-20.05652566740519,15
2026-02-27,74800654.68383044,19649930.091240104,55150724.59259033,25178.650390625,-21.19823215459704,15
2026-03-02,74279459.11248335,26474920.588527046,47804538.52395631,24865.69921875,-21.747306659211286,13
2026-03-04,72884693.33675703,26474920.588527046,46409772.74822999,24480.5,-23.21667894374635,13
2026-03-05,74125816.80761275,26474920.588527046,47650896.2190857,24765.900390625,-21.909167344666802,13
2026-03-06,74005667.95525679,26474920.588527046,47530747.366729744,24450.44921875,-22.03574300112683,13
2026-03-09,73084925.5248979,26474920.588527046,46610004.93637086,24028.05078125,-23.00573626588146,13
2026-03-10,74471658.511165,26474920.588527046,47996737.92263795,24261.599609375,-21.544826447521224,13
2026-03-11,73636675.28014693,26474920.588527046,47161754.69161988,23866.849609375,-22.424473223389807,13
2026-03-12,73407166.77550825,26474920.588527046,46932246.18698121,23639.150390625,-22.666258218153914,13
2026-03-13,71730456.38289961,26474920.588527046,45255535.794372566,23151.099609375,-24.43265643566688,13
2026-03-16,71955656.8162187,26474920.588527046,45480736.22769166,23408.80078125,-24.19540995246289,13
2026-03-17,73117937.8465837,26474920.588527046,46643017.25805665,23581.150390625,-22.970958103571025,13
2026-03-18,73670454.13939986,26474920.588527046,47195533.55087281,23777.80078125,-22.388887521149858,13
2026-03-19,72203224.22997603,26474920.588527046,45728303.64144898,23002.150390625,-23.934600071219847,13
2026-03-20,73179936.62969527,26474920.588527046,46705016.04116822,23114.5,-22.90564298388248,13
2026-03-23,71178074.03861555,26474920.588527046,44703153.45008851,22512.650390625,-25.01458590460215,13
2026-03-24,72845744.30810103,26474920.588527046,46370823.71957398,22912.400390625,-23.257711369557697,13
2026-03-25,74165489.55825362,26474920.588527046,47690568.96972657,23306.44921875,-21.867372484728676,13
2026-03-27,73063585.7623094,26474920.588527046,46588665.173782356,22819.599609375,-23.028217499828983,13
2026-03-30,72112939.84843001,26474920.588527046,45638019.25990296,22331.400390625,-24.029713795888796,13
2026-04-01,72672290.925972,35089510.505805984,37582780.420166016,22679.400390625,-23.440442833718077,10
2026-04-02,72074388.41498567,35089510.505805984,36984877.90917969,22713.099609375,-24.070327358981647,10
2026-04-06,72777080.17237093,35089510.505805984,37687569.66656494,22968.25,-23.330048373905854,10
2026-04-07,72412446.1315384,35089510.505805984,37322935.62573242,23123.650390625,-23.714186817020668,10
2026-04-08,73884569.6914139,35089510.505805984,38795059.18560791,23997.349609375,-22.16331885342604,10
2026-04-09,74300258.80979158,35089510.505805984,39210748.303985596,23775.099609375,-21.725394378824625,10
2026-04-10,74912369.68714143,35089510.505805984,39822859.18133545,24050.599609375,-21.080541476714988,10
2026-04-13,75008451.24353792,35089510.505805984,39918940.73773193,23842.650390625,-20.979320484286724,10
2026-04-15,75233338.75934602,35089510.505805984,40143828.25354004,24231.30078125,-20.742403656660745,10
2026-04-16,76030813.31140901,35089510.505805984,40941302.80560303,24196.75,-19.902271912093696,10
2026-04-17,76255044.56058504,35089510.505805984,41165534.05477905,24353.55078125,-19.666046455031292,10
2026-04-20,76384964.7275467,35089510.505805984,41295454.22174072,24364.849609375,-19.52917681293226,10
2026-04-21,76301930.0129471,35089510.505805984,41212419.50714111,24576.599609375,-19.61665308343611,10
2026-04-22,76398100.07221223,35089510.505805984,41308589.56640625,24378.099609375,-19.515338854089826,10
2026-04-23,76353710.48276521,35089510.505805984,41264199.97695923,24173.05078125,-19.562102858190357,10
2026-04-24,76262774.54166414,35089510.505805984,41173264.035858154,23897.94921875,-19.657902994562683,10
2026-04-27,76667798.38147737,35089510.505805984,41578287.87567139,24092.69921875,-19.231214288003596,10
2026-04-28,76707623.28513338,35089510.505805984,41618112.77932739,23995.69921875,-19.18925913633238,10
2026-04-29,77232580.14762117,35089510.505805984,42143069.641815186,24177.650390625,-18.636222147799764,10
2026-04-30,77314298.82599641,35089510.505805984,42224788.32019043,23997.55078125,-18.55013230875787,10
2026-05-01,76958839.01955569,3690.951074238401,76955148.06848145,23997.55078125,-18.92460578447691,20
2026-05-04,77855263.18627322,3690.951074238401,77851572.23519897,24119.30078125,-17.980231575784945,20
2026-05-05,78818886.50341189,3690.951074238401,78815195.55233765,24032.80078125,-16.96506371062997,20
2026-05-06,78503344.81112063,3690.951074238401,78499653.86004639,24330.94921875,-17.29748383832247,20
2026-05-07,79985689.67177737,3690.951074238401,79981998.72070312,24326.650390625,-15.735847832995509,20
2026-05-08,79673713.36708987,3690.951074238401,79670022.41601562,24176.150390625,-16.064511859255227,20
2026-05-11,79342313.3848511,3690.951074238401,79338622.43377686,23815.849609375,-16.413638542366936,20
2026-05-12,77066368.17910159,3690.951074238401,77062677.22802734,23379.55078125,-18.811324852605892,20
2026-05-13,77825792.9048096,3690.951074238401,77822101.95373535,23412.599609375,-18.011278232903805,20
2026-05-14,78120552.61907351,3690.951074238401,78116861.66799927,23689.599609375,-17.70075171850656,20
2026-05-15,77701086.71712649,3690.951074238401,77697395.76605225,23643.5,-18.142654998150398,20
2026-05-18,76593450.29628909,3690.951074238401,76589759.34521484,23649.94921875,-19.309539278252963,20
2026-05-19,77128871.50127566,3690.951074238401,77125180.55020142,23618.0,-18.74547820588406,20
2026-05-20,78543603.73125613,3690.951074238401,78539912.78018188,23659.0,-17.25507145447859,20
2026-05-21,79220035.32979739,3690.951074238401,79216344.37872314,23654.69921875,-16.542457293321178,20
2026-05-22,78961601.33135378,3690.951074238401,78957910.38027954,23719.30078125,-16.814715016663197,20
2026-05-25,79844033.5402466,3690.951074238401,79840342.58917236,24031.69921875,-15.88508120051011,20
2026-05-26,81244216.30730593,3690.951074238401,81240525.35623169,23913.69921875,-14.410002167882407,20
2026-05-27,82224945.93435061,3690.951074238401,82221254.98327637,23907.150390625,-13.376812970325968,20
2026-05-28,82224945.93435061,3690.951074238401,82221254.98327637,23907.150390625,-13.376812970325968,20
2026-05-29,82648153.39074099,3690.951074238401,82644462.43966675,23547.75,-12.93096799918393,20
2026-06-01,81259487.35859507,5781061.169080914,75478426.18951416,23382.599609375,-14.39391426272264,18
2026-06-02,81767962.31117076,5781061.169080914,75986901.14208984,23483.55078125,-13.858240807223687,18
2026-06-03,82728320.11823863,5781061.169080914,76947258.94915771,23405.599609375,-12.846513125414482,18
2026-06-04,83573504.26981944,5781061.169080914,77792443.10073853,23416.55078125,-11.956119778177088,18
2026-06-05,83751983.82176036,5781061.169080914,77970922.65267944,23366.69921875,-11.768093292624949,18
2026-06-08,81490219.38352793,5781061.169080914,75709158.21444702,23123.0,-14.150840301136192,18
2026-06-09,82478931.42747325,5781061.169080914,76697870.25839233,23242.099609375,-13.10924170440927,18
2026-06-10,81343882.29408091,5781061.169080914,75562821.125,23214.94921875,-14.305005012641969,18
2026-06-11,80620760.0006544,5781061.169080914,74839698.83157349,23161.599609375,-15.066807370272262,18
2026-06-12,82606865.8416273,5781061.169080914,76825804.67254639,23622.900390625,-12.97446403372955,18
2026-06-15,83423078.92866343,5781061.169080914,77642017.75958252,23853.900390625,-12.114591423404587,18
2026-06-16,83103976.4451124,5781061.169080914,77322915.2760315,23989.150390625,-12.450762810325822,18
2026-06-17,83807131.09019297,5781061.169080914,78026069.92111206,24085.69921875,-11.709996177530114,18
2026-06-18,84920337.24278086,5781061.169080914,79139276.07369995,24168.0,-10.537244238779131,18
2026-06-19,86363481.95332164,5781061.169080914,80582420.78424072,24013.099609375,-9.016905213298132,18
2026-06-22,87751548.74085826,5781061.169080914,81970487.57177734,24102.900390625,-7.5545902481723,18
2026-06-23,87805366.43836802,5781061.169080914,82024305.26928711,23824.099609375,-7.497893823213664,18
2026-06-24,87379893.05088633,5781061.169080914,81598831.88180542,24021.650390625,-7.946125930893022,18
2026-06-25,86679823.8588087,5781061.169080914,80898762.68972778,24056.0,-8.683642068726316,18
2026-06-26,86679823.8588087,5781061.169080914,80898762.68972778,24056.0,-8.683642068726316,18
2026-06-29,87872080.78388804,5781061.169080914,82091019.61480713,23946.25,-7.427610904035376,18
2026-06-30,87340668.73023814,5781061.169080914,81559607.56115723,23865.75,-7.987448374161432,18
2026-07-01,87184622.6991992,-12746.487421512138,87197369.18662071,24005.849609375,-8.151841361938118,20
2026-07-02,87328211.34399176,-12746.487421512138,87340957.83141327,24175.69921875,-8.000572110351944,20
2026-07-03,86070062.33051062,-12746.487421512138,86082808.81793213,24270.849609375,-9.326019954282316,20
2026-07-06,86014260.32711554,-12746.487421512138,86027006.81453705,24430.349609375,-9.384806826341585,20
2026-07-07,84642298.21017599,-12746.487421512138,84655044.6975975,24398.69921875,-10.830155676411579,20
2026-07-08,84680428.18016577,-12746.487421512138,84693174.66758728,23882.05078125,-10.789986121000783,20
2026-07-09,86352737.51380873,-12746.487421512138,86365484.00123024,23962.80078125,-9.02822437663573,20
2026-07-10,86690601.16875029,-12746.487421512138,86703347.6561718,24206.900390625,-8.672288276709327,20
2026-07-13,86496084.30266905,-12746.487421512138,86508830.79009056,24211.0,-8.877209917940132,20
2026-07-14,86279723.63570547,-12746.487421512138,86292470.12312698,24052.05078125,-9.105143792596792,20
2026-07-15,87745935.01719809,-12746.487421512138,87758681.5046196,24078.5,-7.560504251873024,20
2026-07-16,87605613.87235594,-12746.487421512138,87618360.35977745,24072.75,-7.708331223794474,20
2026-07-17,85465033.44830465,-12746.487421512138,85477779.93572617,24334.30078125,-9.963412042852692,20
2026-07-20,86240989.96424246,-12746.487421512138,86253736.45166397,24238.5,-9.145949341683624,20
2026-07-21,86912836.06640768,-12746.487421512138,86925582.5538292,24187.69921875,-8.438165956706012,20
2026-07-22,86372586.04151869,-12746.487421512138,86385332.5289402,23996.25,-9.007314144241574,20
2026-07-23,84841701.70928144,-12746.487421512138,84854448.19670296,23869.599609375,-10.620086014448237,20
2026-07-24,83531446.37772322,-12746.487421512138,83544192.86514473,23767.44921875,-12.000427361620602,20
2026-07-27,85531972.32607222,-12746.487421512138,85544718.81349373,23995.94921875,-9.892892581118462,20
2026-07-28,84350213.70897627,-12746.487421512138,84362960.19639778,23985.349609375,-11.137863879662858,20
2026-07-29,84693273.15602446,-12746.487421512138,84706019.64344597,24250.19921875,-10.776454062894135,20
2026-07-30,83860716.74997282,-12746.487421512138,83873463.23739433,24317.150390625,-11.653544202080667,20
2026-07-31,85243647.56220388,-12746.487421512138,85256394.0496254,24383.599609375,-10.196639937374485,20
2026-08-03,85815776.44941446,-23813.208447248675,85839589.65786171,24774.30078125,-9.593907676030222,20
2026-08-04,87490266.91170427,-23813.208447248675,87514080.12015152,24614.900390625,-7.829848133684703,20
2026-08-05,88380639.67526361,-23813.208447248675,88404452.88371086,24624.650390625,-6.8918490198207945,20
2026-08-06,87986315.39851877,-23813.208447248675,88010128.60696602,24636.0,-7.3072658399435,20
2026-08-07,88648827.55460665,-23813.208447248675,88672640.7630539,24570.650390625,-6.609315677081096,20
2026-08-10,88931445.59738085,-23813.208447248675,88955258.8058281,24583.80078125,-6.311580296425012,20
2026-08-11,89297496.03633997,-23813.208447248675,89321309.24478722,24471.69921875,-5.925949691552779,20
2026-08-12,89496969.08043215,-23813.208447248675,89520782.2888794,24435.94921875,-5.71580676461706,20
2026-08-13,88902795.1176674,-23813.208447248675,88926608.32611465,24395.849609375,-6.341763300311554,20
2026-08-14,88369552.39716837,-23813.208447248675,88393365.60561562,24366.0,-6.903529360296313,20
2026-08-17,87911049.05289575,-23813.208447248675,87934862.261343,24287.650390625,-7.386558208699179,20
2026-08-18,89704354.25740167,-23813.208447248675,89728167.46584892,24154.900390625,-5.497328482051134,20
2026-08-19,88445109.00122377,-23813.208447248675,88468922.20967102,24078.30078125,-6.823931207083245,20
2026-08-20,88831838.43404505,-23813.208447248675,88855651.6424923,24231.849609375,-6.416515481739948,20
2026-08-21,90080805.81143305,-23813.208447248675,90104619.0198803,24252.0,-5.100740402826287,20
2026-08-24,90167978.44964907,-23813.208447248675,90191791.65809631,24219.05078125,-5.008904869725594,20
2026-08-25,90311853.39126703,-23813.208447248675,90335666.59971428,24334.55078125,-4.857334007196757,20
2026-08-26,90406445.22516367,-23813.208447248675,90430258.43361092,24207.75,-4.757682423045518,20
2026-08-27,91504573.74561808,-23813.208447248675,91528386.95406532,24090.849609375,-3.6008146242404115,20
2026-08-28,91627500.85547182,-23813.208447248675,91651314.06391907,24090.849609375,-3.471312100318047,20
2026-08-31,90572309.00457308,-23813.208447248675,90596122.21302032,24009.849609375,-4.5829465321067575,20
