trade_id,ticker,signal_date,exec_date,side,shares,price,gross_value,net_costs,slippage,exit_reason
1,BALRAMCHIN,2016-02-01,2016-02-02,BUY,5341,93.59349999999999,499383.5,574.365932524961,499.38349999993807,
2,TORNTPOWER,2016-02-01,2016-02-02,BUY,2086,239.58934999999997,499284.1,574.2516076149768,499.28409999993164,
3,MUTHOOTFIN,2016-02-01,2016-02-02,BUY,2522,198.19799999999998,499356.0,574.3343034000136,499.35599999997066,
4,HINDZINC,2016-02-01,2016-02-02,BUY,3141,159.159,499419.0,574.4067628500634,499.4189999999944,
5,YESBANK,2016-02-01,2016-02-02,BUY,3232,154.63448,499279.36000000004,574.2461559039657,499.2793599999277,
6,SUNPHARMA,2016-02-01,2016-02-02,BUY,567,880.7298499999999,498874.95,573.7810237425147,498.8749499999685,
7,INFY,2016-02-01,2016-02-02,BUY,848,589.0134249999999,498984.39999999997,573.9069076599553,498.9843999998993,
8,IGL,2016-02-01,2016-02-02,BUY,4422,113.03292,499332.24000000005,574.3069758359925,499.3322399999597,
9,SUPREMEIND,2016-02-01,2016-02-02,BUY,666,749.69895,498800.7,573.6956251049996,498.8006999999634,
10,VAKRANGEE,2016-02-01,2016-02-02,BUY,5159,96.89679999999998,499391.2,574.3747886799392,499.39119999989634,
11,RAJESHEXPO,2016-02-01,2016-02-02,BUY,684,730.67995,499285.80000000005,574.253562870028,499.2857999999542,
12,FINPIPE,2016-02-01,2016-02-02,BUY,1546,323.2228999999999,499203.39999999997,574.1587905099732,499.2033999999403,
13,PRAJIND,2016-02-01,2016-02-02,BUY,5186,96.39629999999998,499411.8,574.3984817700111,499.41179999994347,
14,POWERGRID,2016-02-01,2016-02-02,BUY,3409,146.64649999999997,499418.5,574.4061877749627,499.41849999991246,
15,HCLTECH,2016-02-01,2016-02-02,BUY,1135,440.43999999999994,499400.0,574.3849099999643,499.39999999990687,
16,KRBL,2016-02-01,2016-02-02,BUY,2088,239.33909999999997,499240.8,574.2018061199924,499.2407999999705,
17,EMAMILTD,2016-02-01,2016-02-02,BUY,962,519.5189999999999,499278.0,574.2445916999131,499.27799999987474,
18,LAOPALA,2016-02-01,2016-02-02,BUY,1548,322.8225,499230.0,574.1893845000304,499.2299999999814,
19,RELIANCE,2016-02-01,2016-02-02,BUY,969,515.6651499999999,499180.35,574.1322795525193,499.18034999998054,
20,APOLLOHOSP,2016-02-01,2016-02-02,BUY,331,1508.4069,498783.9,573.6763025850523,498.78389999998035,
21,MUTHOOTFIN,2016-03-01,2016-03-02,SELL,2522,176.37345000000002,445259.10000000003,979.0357090799666,445.25909999996657,r3_exit
22,IGL,2016-03-01,2016-03-02,SELL,4422,106.92297,473286.66000000003,1040.6627080079834,473.2866599999834,r3_exit
23,RAJESHEXPO,2016-03-01,2016-03-02,SELL,684,708.291,484956.0,1066.3212527999474,484.9559999999474,r3_exit
24,PRAJIND,2016-03-01,2016-03-02,SELL,5186,78.5214,407619.6,896.2739764799762,407.61959999997634,r2_exit
25,POWERGRID,2016-03-01,2016-03-02,SELL,3409,134.865,460215.0,1011.9207419999674,460.2149999999674,r3_exit
26,HCLTECH,2016-03-01,2016-03-02,SELL,1135,418.0815,474997.5,1044.4245029999975,474.9974999999977,r3_exit
27,KRBL,2016-03-01,2016-03-02,SELL,2088,186.86295,390560.4,858.7642075200166,390.56040000001667,r2_exit
28,EMAMILTD,2016-03-01,2016-03-02,SELL,962,501.498,482924.0,1061.8532911999991,482.92399999999907,r3_exit
29,LAOPALA,2016-03-01,2016-03-02,SELL,1548,294.705,456660.0,1004.1040080000325,456.6600000000326,r3_exit
30,RELIANCE,2016-03-01,2016-03-02,SELL,969,495.95355,481060.05,1057.754837939971,481.06004999997094,r3_exit
31,EICHERMOT,2016-03-01,2016-03-02,BUY,232,1951.9499999999998,452400.0,520.3278600000194,452.3999999999651,
32,JSWSTEEL,2016-03-01,2016-03-02,BUY,393,1153.1519999999998,452736.0,520.7143103999551,452.7359999999171,
33,ULTRACEMCO,2016-03-01,2016-03-02,BUY,155,2922.9199999999996,452600.0,520.5578899999382,452.5999999999185,
34,PIDILITIND,2016-03-01,2016-03-02,BUY,768,590.0894999999999,452736.0,520.7143103999551,452.7359999999171,
35,MARICO,2016-03-01,2016-03-02,BUY,1913,237.0368,452998.4,521.0161097600358,452.9983999999822,
36,PGHH,2016-03-01,2016-03-02,BUY,77,5865.86,451220.0,518.9706829999923,451.21999999997206,
37,BAJFINANCE,2016-03-01,2016-03-02,BUY,144,3143.14,452160.0,520.0518240000238,452.1599999999744,
38,OMAXE,2016-03-01,2016-03-02,BUY,3261,139.08894999999998,453115.94999999995,521.1513098925352,453.1159500000067,
39,M&M,2016-03-01,2016-03-02,BUY,713,635.6349999999999,452755.0,520.7361632499378,452.75499999988824,
40,CADILAHC,2016-03-01,2016-03-02,BUY,1373,330.33,453090.0,521.1214635000215,453.0899999999674,
41,SUNPHARMA,2016-04-01,2016-04-04,SELL,567,816.3828000000001,463352.4,1018.8192571199743,463.3523999999743,r3_exit
42,SUPREMEIND,2016-04-01,2016-04-04,SELL,666,749.25,499500.0,1098.3006,499.5,rank_exit
43,VAKRANGEE,2016-04-01,2016-04-04,SELL,5159,99.67522500000001,514739.22500000003,1131.8086079299685,514.7392249999684,r3_exit
44,APOLLOHOSP,2016-04-01,2016-04-04,SELL,331,1354.644,448836.0,986.9005968000101,448.83600000001024,r3_exit
45,PIDILITIND,2016-04-01,2016-04-04,SELL,768,589.41,453120.0,996.3202559999953,453.11999999999534,rank_exit
46,MARICO,2016-04-01,2016-04-04,SELL,1913,241.758,462946.0,1017.9256647999962,462.9459999999963,rank_exit
47,OMAXE,2016-04-01,2016-04-04,SELL,3261,145.50435000000002,474964.65,1044.3522724199797,474.9646499999799,rank_exit
48,M&M,2016-04-01,2016-04-04,SELL,713,598.1262750000001,426890.925,938.647765889956,426.89092499995604,r3_exit
49,CADILAHC,2016-04-01,2016-04-04,SELL,1373,321.4782,441831.4,971.4988823200246,441.8314000000246,r3_exit
50,TATASTEEL,2016-04-01,2016-04-04,BUY,1466,316.1158,462962.8,532.4766644200427,462.9627999999793,
51,MANAPPURAM,2016-04-01,2016-04-04,BUY,13068,35.48545,463260.60000000003,532.819179090031,463.2605999999796,
52,ASHOKLEY,2016-04-01,2016-04-04,BUY,4173,111.11099999999999,463203.0,532.7529304500204,463.2029999999795,
53,GLAXO,2016-04-01,2016-04-04,BUY,244,1899.3724749999997,462983.89999999997,532.5009325849824,462.9838999999338,
54,AMBUJACEM,2016-04-01,2016-04-04,BUY,1960,236.58634999999998,463246.0,532.8023869000026,463.24599999998463,
55,ABB,2016-04-01,2016-04-04,BUY,353,1311.31,462430.0,531.8638645000174,462.429999999993,
56,MINDACORP,2016-04-01,2016-04-04,BUY,3993,116.11599999999999,463188.0,532.7356782000279,463.18799999996554,
57,FINCABLES,2016-04-01,2016-04-04,BUY,1612,287.63734999999997,463208.2,532.7589112299611,463.20819999993546,
58,PERSISTENT,2016-04-01,2016-04-04,BUY,617,750.7499999999999,462750.0,532.2319124999922,462.7499999999418,
59,INFY,2016-05-02,2016-05-03,SELL,848,600.773625,509966.0,1121.3132407999567,509.9659999999567,rank_exit
60,EICHERMOT,2016-05-02,2016-05-03,SELL,232,1994.4036,463164.80000000005,1018.4067622400278,463.16480000002775,rank_exit
61,GLAXO,2016-05-02,2016-05-03,SELL,244,1835.6625,448350.0,985.8319800000348,448.3500000000349,rank_exit
62,AMBUJACEM,2016-05-02,2016-05-03,SELL,1960,224.12565,439726.0,966.869528799966,439.725999999966,rank_exit
63,ABB,2016-05-02,2016-05-03,SELL,353,1265.733,447251.0,983.4154988000474,447.2510000000475,rank_exit
64,FINCABLES,2016-05-02,2016-05-03,SELL,1612,287.712,464256.0,1020.8060927999938,464.25599999999395,rank_exit
65,UPL,2016-05-02,2016-05-03,BUY,1159,397.0633333333333,459736.6666666666,528.7661271666875,459.73666666663485,
66,CHOLAFIN,2016-05-02,2016-05-03,BUY,2704,170.17,459680.0,528.7009520000429,459.679999999993,
67,SHRIRAMFIN,2016-05-02,2016-05-03,BUY,2494,184.48204587936004,459638.5838392847,528.6533172027557,459.6385838392307,
68,SRTRANSFIN,2016-05-02,2016-05-03,BUY,421,1091.2902,458974.2,527.8891761300038,458.9741999999387,
69,M&MFIN,2016-05-02,2016-05-03,BUY,1460,315.16485,459681.00000000006,528.7021021499531,459.6809999999241,
70,HEIDELBERG,2016-05-02,2016-05-03,BUY,4789,96.09599999999999,459744.0,528.7745616000029,459.74399999994785,
71,TORNTPOWER,2016-06-01,2016-06-02,SELL,2086,180.9189,377774.6,830.6507904799461,377.7745999999461,r2_exit
72,HINDZINC,2016-06-01,2016-06-02,SELL,3141,168.7311,530514.9,1166.4961621200673,530.5149000000674,rank_exit
73,ULTRACEMCO,2016-06-01,2016-06-02,SELL,155,3226.77,500650.0,1100.8292200000233,500.6500000000233,rank_exit
74,PGHH,2016-06-01,2016-06-02,SELL,77,6210.932849999999,478720.55,1052.6107453400273,478.7205500000273,rank_exit
75,ASHOKLEY,2016-06-01,2016-06-02,SELL,4173,104.04585,434617.95,955.6379484599853,434.6179499999853,rank_exit
76,PERSISTENT,2016-06-01,2016-06-02,SELL,617,735.264,454112.0,998.5014656000227,454.1120000000228,rank_exit
77,IBREALEST,2016-06-01,2016-06-02,BUY,4579,100.65054999999998,460418.45,529.5502802674309,460.418449999881,
78,SHARDACROP,2016-06-01,2016-06-02,BUY,1282,359.2588999999999,460109.8,529.1952864699415,460.1097999999183,
79,VGUARD,2016-06-01,2016-06-02,BUY,4747,97.09700000000001,460459.00000000006,529.5969188500312,460.45899999997346,
80,PEL,2016-06-01,2016-06-02,BUY,325,1415.4139999999998,459550.0,528.5514324999531,459.54999999993015,
81,DCMSHRIRAM,2016-06-01,2016-06-02,BUY,2385,193.19299999999998,460305.0,529.41979575,460.3049999999348,
82,FINCABLES,2016-06-01,2016-06-02,BUY,1310,351.60124999999994,460137.5,529.2271456249291,460.1374999998952,
83,MINDACORP,2016-07-01,2016-07-04,SELL,3993,119.63025,478161.75,1051.38205589997,478.1617499999702,rank_exit
84,MUTHOOTFIN,2016-07-01,2016-07-04,BUY,1621,293.29299999999995,474953.0,546.2671929499484,474.9529999999213,
85,BALRAMCHIN,2016-09-01,2016-09-02,SELL,5341,103.29660000000001,552259.4,1214.3079687199809,552.2593999999808,r2_exit
86,UPL,2016-09-01,2016-09-02,SELL,1159,416.3166,482993.93333333335,1062.007060613375,482.993933333375,rank_exit
87,SHRIRAMFIN,2016-09-01,2016-09-02,SELL,2494,204.56760500548995,510702.30919288483,1122.9322374533454,510.702309192915,rank_exit
88,SRTRANSFIN,2016-09-01,2016-09-02,SELL,421,1204.3944,507557.6,1116.01765088,507.5576000000001,rank_exit
89,IBREALEST,2016-09-01,2016-09-02,SELL,4579,78.8211,361283.10000000003,794.3892802800005,361.28310000000056,r2_exit
90,ESCORTS,2016-09-01,2016-09-02,BUY,1446,332.7323999999999,480650.39999999997,552.8200575599913,480.65039999992587,
91,EDELWEISS,2016-09-01,2016-09-02,BUY,4217,114.11399999999999,480738.0,552.9208106999868,480.7379999999539,
92,INDIANB,2016-09-01,2016-09-02,BUY,2149,223.87364999999997,480623.85000000003,552.7895210774732,480.6238499999163,
93,HINDALCO,2016-09-01,2016-09-02,BUY,3037,158.45829999999998,480757.10000000003,552.9427785649896,480.7570999999298,
94,VEDL,2016-09-01,2016-09-02,BUY,2817,170.82065,480721.05,552.9013156575384,480.72104999999283,
95,FINPIPE,2016-10-03,2016-10-04,SELL,1546,454.49505,703352.7,1546.5319167599303,703.3526999999303,rank_exit
96,BAJFINANCE,2016-10-03,2016-10-04,SELL,144,1090.908,157248.0,345.7569024000214,157.24800000002142,r2_exit
97,TATASTEEL,2016-10-03,2016-10-04,SELL,1466,385.614,565876.0,1244.2481488000474,565.8760000000475,rank_exit
98,DCMSHRIRAM,2016-10-03,2016-10-04,SELL,2385,211.3884,504666.0,1109.6596008000265,504.66600000002654,rank_exit
99,DELTACORP,2016-10-03,2016-10-04,BUY,2775,173.17299999999997,480075.0,552.158261250006,480.07499999995343,
100,SUNDRMFAST,2016-10-03,2016-10-04,BUY,1587,302.75244999999995,479988.14999999997,552.0583707224578,479.9881499999319,
101,BIOCON,2016-10-03,2016-10-04,BUY,2995,160.49366666666663,480198.33333333326,552.300113083329,480.1983333333046,
102,HINDZINC,2016-10-03,2016-10-04,BUY,1883,255.25499999999997,480165.0,552.2617747499608,480.16499999992084,
103,JSWSTEEL,2016-11-01,2016-11-02,SELL,393,1653.29505,650395.35,1430.089295580006,650.3953500000061,rank_exit
104,M&MFIN,2016-11-01,2016-11-02,SELL,1460,351.04859999999996,513043.99999999994,1128.0811471999943,513.0439999999944,rank_exit
105,MANAPPURAM,2016-12-01,2016-12-02,SELL,13068,73.17675,957231.0,2104.7595228000287,957.2310000000289,r2_exit
106,CHOLAFIN,2016-12-01,2016-12-02,SELL,2704,192.10770000000002,519979.2,1143.3302649599434,519.9791999999434,r2_exit
107,HEIDELBERG,2016-12-01,2016-12-02,SELL,4789,112.887,541157.0,1189.8960116000064,541.1570000000065,r2_exit
108,VGUARD,2016-12-01,2016-12-02,SELL,4747,118.45285714285714,562858.5714285714,1237.6134268570277,562.8585714284563,r2_exit
109,PEL,2016-12-01,2016-12-02,SELL,325,1629.4688999999998,530107.5,1165.6003710000418,530.1075000000419,r2_exit
110,MUTHOOTFIN,2016-12-01,2016-12-02,SELL,1621,299.7,486300.0,1069.2764400000465,486.30000000004657,r2_exit
111,ESCORTS,2016-12-01,2016-12-02,SELL,1446,315.684,456936.0,1004.710876799987,456.93599999998696,r2_exit
112,EDELWEISS,2016-12-01,2016-12-02,SELL,4217,97.4025,411157.5,904.053110999972,411.15749999997206,r2_exit
113,DELTACORP,2016-12-01,2016-12-02,SELL,2775,112.13775,311493.75,684.9124575000233,311.4937500000233,r2_exit
114,YESBANK,2017-01-02,2017-01-03,SELL,3232,228.771,740128.0,1627.3934464000258,740.1280000000261,r2_exit
115,IGL,2017-01-02,2017-01-03,BUY,3014,184.02384,554093.7600000001,637.2909380638739,554.0937599998433,
116,BALRAMCHIN,2017-01-02,2017-01-03,BUY,4151,133.6335,554158.5,637.3653987750877,554.1585000000196,
117,NATIONALUM,2017-01-02,2017-01-03,BUY,8271,67.067,554157.0,637.3636735499604,554.1569999998901,
118,MOIL,2017-01-02,2017-01-03,BUY,2996,185.13494999999998,554110.2,637.3098465300864,554.1101999999955,
119,BALKRISIND,2017-01-02,2017-01-03,BUY,1019,544.0435,553826.5,636.9835489749676,553.8264999999665,
120,HCC,2017-01-02,2017-01-03,BUY,12828,43.2432,554169.6000000001,637.3781654399354,554.1695999999065,
121,COROMANDEL,2017-01-02,2017-01-03,BUY,1826,303.65335,553917.1000000001,637.0877525649266,553.917099999846,
122,NLCINDIA,2017-01-02,2017-01-03,BUY,7050,78.67859999999999,554130.0,637.3326194999972,554.1299999998882,
123,MOTILALOFS,2017-01-02,2017-01-03,BUY,1062,521.87135,553673.7000000001,636.8078060549451,553.6736999999266,
124,TATASTEEL,2017-01-02,2017-01-03,BUY,1361,407.45705,553995.05,637.1774067574879,553.9950499999104,
125,HINDPETRO,2017-01-02,2017-01-03,BUY,1847,300.29999999999995,554100.0,637.2981149998959,554.0999999998603,
126,JSWSTEEL,2017-01-02,2017-01-03,BUY,337,1642.6409999999998,553017.0,636.0525025500683,553.0169999999925,
127,IGL,2017-02-01,2017-02-02,SELL,3014,192.50730000000001,580797.8,1277.0582026400584,580.7978000000585,rank_exit
128,BALRAMCHIN,2017-02-01,2017-02-02,SELL,4151,144.6552,601064.8,1321.621282240051,601.064800000051,rank_exit
129,MOIL,2017-02-01,2017-02-02,SELL,2996,181.818,545272.0,1198.9440735999972,545.2719999999972,rank_exit
130,JSWSTEEL,2017-02-01,2017-02-02,SELL,337,197.25254999999999,66540.65,146.30958121999535,66.54064999999537,r2_exit
131,MANAPPURAM,2017-02-01,2017-02-02,BUY,5244,85.03495,445477.8,512.3662916700123,445.4777999999933,
132,ESCORTS,2017-02-01,2017-02-02,BUY,1173,380.07969999999995,445388.1,512.2631232150015,445.38809999998193,
133,SWANENERGY,2017-02-01,2017-02-02,BUY,2588,172.32215,445524.2,512.4196586300386,445.5241999999853,
134,VGUARD,2017-02-01,2017-02-02,BUY,3043,146.53924999999998,445473.46428571426,512.3613049482228,445.4734642856638,
135,FINCABLES,2017-03-01,2017-03-02,SELL,1310,444.45509999999996,582819.0,1281.5024172000176,582.8190000000177,rank_exit
136,HINDZINC,2017-03-01,2017-03-02,SELL,1883,318.43125,600206.25,1319.7335025000466,600.2062500000466,rank_exit
137,COROMANDEL,2017-03-01,2017-03-02,SELL,1826,330.31935,603766.8999999999,1327.5626597199293,603.7668999999296,rank_exit
138,TATASTEEL,2017-03-01,2017-03-02,SELL,1361,501.498,683222.0,1502.2685336000668,683.222000000067,rank_exit
139,SWANENERGY,2017-03-01,2017-03-02,SELL,2588,155.1447,401916.4,883.7337803200455,401.91640000004554,r2_exit
140,EDELWEISS,2017-03-01,2017-03-02,BUY,4077,140.34019999999998,571595.3999999999,657.4204493100988,571.5953999999911,
141,RAIN,2017-03-01,2017-03-02,BUY,6354,90.03994999999999,571542.3,657.3593763449462,571.5422999998555,
142,DELTACORP,2017-03-01,2017-03-02,BUY,3709,154.25409999999997,571556.9,657.3761685348582,571.5568999998504,
143,FLFL,2017-03-01,2017-03-02,BUY,2938,194.74455,571587.9,657.4118231850443,571.5879000000423,
144,DCMSHRIRAM,2017-03-01,2017-03-02,BUY,2034,281.28099999999995,571554.0,657.3728330999147,571.5539999998873,
145,NATIONALUM,2017-04-03,2017-04-05,SELL,8271,75.12480000000001,621979.2000000001,1367.6078649600597,621.9792000000598,rank_exit
146,FLFL,2017-04-03,2017-04-05,SELL,2938,272.3274,800898.8,1761.0162814399664,800.8987999999663,universe_exit
147,SUDARSCHEM,2017-04-03,2017-04-05,BUY,1986,356.25589999999994,706817.3999999999,812.9460326100234,706.8173999999417,
148,GNFC,2017-04-03,2017-04-05,BUY,2421,292.292,706932.0,813.0778397999238,706.9319999999134,
149,BIOCON,2017-05-02,2017-05-03,SELL,2995,180.18630000000002,540198.1666666667,1187.7877288666689,540.1981666666688,rank_exit
150,HINDPETRO,2017-05-02,2017-05-03,SELL,1847,370.29599999999994,684621.3333333333,1505.3453877334305,684.6213333334308,rank_exit
151,DELTACORP,2017-05-02,2017-05-03,SELL,3709,162.03779999999998,601599.7999999999,1322.7976402399672,601.5997999999672,r2_exit
152,JMFINANCIL,2017-05-02,2017-05-03,BUY,4965,122.12199999999999,605730.0,696.6803594999947,605.7299999999814,
153,IBREALEST,2017-05-02,2017-05-03,BUY,3883,156.15599999999998,605748.0,696.7010622000089,605.747999999905,
154,SUNTV,2017-05-02,2017-05-03,BUY,659,919.9189999999999,605621.0,696.5549931499409,605.6209999999264,
155,SHARDACROP,2017-06-01,2017-06-02,SELL,1282,501.94755,644140.9,1416.3370109199984,644.1408999999985,rank_exit
156,MANAPPURAM,2017-06-01,2017-06-02,SELL,5244,89.16075,468027.0,1029.0977676000598,468.02700000006007,rank_exit
157,IBREALEST,2017-06-01,2017-06-02,SELL,3883,167.832,652344.0,1434.373987200041,652.344000000041,rank_exit
158,AVANTIFEED,2017-06-01,2017-06-02,BUY,624,937.6033333333332,584480.0,672.2396720000543,584.4799999999814,
159,UNOMINDA,2017-06-01,2017-06-02,BUY,5739,102.04542366871011,585053.6328019255,672.899435767089,585.0536328018643,
160,IIFL,2017-06-01,2017-06-02,BUY,1130,518.0174999999999,584775.0,672.5789662499446,584.7749999999069,
161,INDIANB,2017-07-03,2017-07-04,SELL,2149,287.1126,617622.6,1358.0285728800022,617.6226000000024,r2_exit
162,HINDALCO,2017-07-03,2017-07-04,SELL,3037,197.15265,599351.95,1317.8550676599239,599.3519499999238,rank_exit
163,VGUARD,2017-07-03,2017-07-04,SELL,3043,175.17464999999999,533590.0499999999,1173.257801939999,533.5900499999989,rank_exit
164,DCMSHRIRAM,2017-07-03,2017-07-04,SELL,2034,351.4482,715561.2000000001,1573.3759665601128,715.5612000001129,rank_exit
165,IIFL,2017-07-03,2017-07-04,SELL,1130,607.392,687040.0,1510.6635519999209,687.0399999999208,universe_exit
166,CANFINHOME,2017-07-03,2017-07-04,BUY,974,644.6439999999999,627256.0,721.4384883999592,627.2559999999357,
167,VAKRANGEE,2017-07-03,2017-07-04,BUY,2838,221.37114999999997,627623.7000000001,721.8613985549891,627.62369999988,
168,CEATLTD,2017-07-03,2017-07-04,BUY,334,1879.8779999999997,627252.0,721.4338877999689,627.2519999998622,
169,BBTC,2017-07-03,2017-07-04,BUY,697,900.7998999999999,627230.2999999999,721.4089295449667,627.2302999999374,
170,MRF,2017-07-03,2017-07-04,BUY,8,71331.26,570080.0,655.6775119999656,570.0799999999581,
171,VEDL,2017-08-01,2017-08-02,SELL,2817,280.81890000000004,791858.7000000001,1741.1389095599825,791.8586999999825,rank_exit
172,HCC,2017-08-01,2017-08-02,SELL,12828,41.10885,527872.2,1160.6853933599832,527.8721999999834,rank_exit
173,SUDARSCHEM,2017-08-01,2017-08-02,SELL,1986,407.54204999999996,810188.7,1781.4429135600567,810.188700000057,rank_exit
174,JMFINANCIL,2017-08-01,2017-08-02,SELL,4965,119.48039999999999,593814.0,1305.678223200013,593.814000000013,rank_exit
175,IBREALEST,2017-08-01,2017-08-02,BUY,2944,235.23499999999999,691840.0,795.7197760000126,691.8399999999674,
176,STLTECH,2017-08-01,2017-08-02,BUY,3470,199.6275512198481,692015.5871457272,795.9217275556875,692.0155871456955,
177,DEEPAKFERT,2017-08-01,2017-08-02,BUY,1891,366.26589999999993,691916.8999999999,795.8082225350663,691.9168999999529,
178,LTF,2017-08-01,2017-08-02,BUY,4706,147.19344896763872,692000.3704712366,795.9042260975111,692.0003704711562,
179,SUNDRMFAST,2017-09-01,2017-09-04,SELL,1587,409.54005,650590.65,1430.5187212200271,650.5906500000274,rank_exit
180,NLCINDIA,2017-09-01,2017-09-04,SELL,7050,98.85105,697597.5,1533.8773830000325,697.5975000000326,rank_exit
181,SUNTV,2017-09-01,2017-09-04,SELL,659,764.235,504135.0,1108.4920380000094,504.1350000000093,rank_exit
182,DEEPAKFERT,2017-09-01,2017-09-04,SELL,1891,383.5161,725954.8999999999,1596.229634119895,725.9548999998951,rank_exit
183,BOMDYEING,2017-09-01,2017-09-04,BUY,5255,122.12199999999999,641110.0,737.3726664999267,641.1099999998696,
184,DBL,2017-09-01,2017-09-04,BUY,1080,593.9934,640872.0,737.0989307999844,640.8719999999739,
185,KEC,2017-09-01,2017-09-04,BUY,2055,312.21189999999996,640954.5,737.1938181748847,640.9544999998761,
186,SUNTECK,2017-09-01,2017-09-04,BUY,2521,254.55429999999998,641090.3,737.3500085449778,641.0902999999234,
187,ESCORTS,2017-10-03,2017-10-04,SELL,1173,660.339,775353.0,1704.8461763998864,775.3529999998864,rank_exit
188,CANFINHOME,2017-10-03,2017-10-04,SELL,974,529.8696,516609.6,1135.921188479967,516.609599999967,rank_exit
189,CEATLTD,2017-10-03,2017-10-04,SELL,334,1711.1871,572108.6,1257.9523896799196,572.1085999999195,rank_exit
190,MRF,2017-10-03,2017-10-04,SELL,8,63685.251,509992.0,1121.3704096000274,509.9920000000275,rank_exit
191,BALKRISIND,2017-11-01,2017-11-02,SELL,1019,873.6255,891115.5,1959.3847613999562,891.1154999999562,rank_exit
192,GNFC,2017-11-01,2017-11-02,SELL,2421,510.23925,1236525.75,2718.8728191000296,1236.5257500000298,rank_exit
193,ITI,2017-11-01,2017-11-02,BUY,4872,153.40324999999999,746634.0,858.7410951000638,746.6339999999618,
194,JSL,2017-11-01,2017-11-02,BUY,6327,118.11799999999998,746586.0,858.6858878999483,746.5859999998938,
195,KRBL,2017-11-01,2017-11-02,BUY,1144,653.0523999999999,746345.6,858.4093918399885,746.3455999998841,
196,GVKPIL,2017-11-01,2017-11-02,BUY,44052,16.966949999999997,746681.4,858.7956122099422,746.6813999998849,
197,FLFL,2017-11-01,2017-11-02,BUY,2097,356.35599999999994,746532.0,858.6237797999056,746.5319999998901,
198,FCONSUMER,2017-11-01,2017-11-02,BUY,12444,60.059999999999995,746640.0,858.747995999991,746.6399999998976,
199,IBREALEST,2017-12-01,2017-12-04,SELL,2944,213.03675,627808.0,1380.4242303999608,627.8079999999609,r2_exit
200,LTF,2017-12-01,2017-12-04,SELL,4706,142.70443651951607,672239.317578421,1478.119811491391,672.23931757838,r2_exit
201,KEC,2017-12-01,2017-12-04,SELL,2055,317.1825,652462.5,1434.634545000023,652.4625000000233,rank_exit
202,EDELWEISS,2018-01-01,2018-01-02,SELL,4077,294.35535,1201288.0499999998,2641.392164339857,1201.2880499998573,r2_exit
203,AVANTIFEED,2018-01-01,2018-01-02,SELL,624,1746.252,1090752.0,2398.345497600095,1090.752000000095,r2_exit
204,VAKRANGEE,2018-01-01,2018-01-02,SELL,2838,421.4781,1197352.2,2632.738017360081,1197.3522000000812,universe_exit
205,BOMDYEING,2018-01-01,2018-01-02,SELL,5255,287.36235,1511600.7499999998,3323.7077290997504,1511.6007499997504,universe_exit
206,GVKPIL,2018-01-01,2018-01-02,SELL,44052,19.4805,859014.0,1888.7999832000828,859.0140000000829,universe_exit
207,FLFL,2018-01-01,2018-01-02,SELL,2097,343.90575,721892.25,1587.2966792999173,721.8922499999171,universe_exit
208,FCONSUMER,2018-01-01,2018-01-02,SELL,12444,76.3236,950721.6000000001,2090.446654080048,950.721600000048,universe_exit
209,IFBIND,2018-01-01,2018-01-02,BUY,691,1366.7153499999997,943456.85,1085.1168960274663,943.4568499998422,
210,JINDALSTEL,2018-01-01,2018-01-02,BUY,4560,207.20699999999997,943920.0,1085.649587999913,943.9199999998091,
211,VIPIND,2018-01-01,2018-01-02,BUY,2681,352.352,943712.0,1085.410356800072,943.7119999999413,
212,KEC,2018-01-01,2018-01-02,BUY,2445,386.48609999999996,944014.5,1085.7582771750167,944.014499999932,
213,HFCL,2018-01-01,2018-01-02,BUY,28869,32.7327,944016.3,1085.7603474451462,944.0163000000175,
214,TITAN,2018-01-01,2018-01-02,BUY,1105,854.9540999999999,943780.5,1085.4891420749482,943.7804999998771,
215,RADICO,2018-01-01,2018-01-02,BUY,3176,297.49719999999996,943907.2,1085.634866080014,943.9071999998996,
216,ESCORTS,2018-01-01,2018-01-02,BUY,1210,780.9301499999999,943981.5,1085.72032222501,943.981499999878,
217,ENDURANCE,2018-01-01,2018-01-02,BUY,694,1361.36,943840.0,1085.5575760001084,943.8399999999674,
218,JPPOWER,2018-01-01,2018-01-02,BUY,100427,9.4094,944013.8,1085.7574720700504,944.013799999957,
219,RAIN,2018-02-01,2018-02-02,SELL,6354,353.54609999999997,2248680.5999999996,4944.398903279614,2248.680599999614,r2_exit
220,BBTC,2018-02-01,2018-02-02,SELL,697,1405.593,980679.0,2156.3169852000037,980.6790000000037,r2_exit
221,ITI,2018-02-01,2018-02-02,SELL,4872,116.883,570024.0,1253.3687711999758,570.0239999999758,r2_exit
222,KRBL,2018-02-01,2018-02-02,SELL,1144,604.395,692120.0,1521.8334559999953,692.1199999999953,rank_exit
223,HFCL,2018-02-01,2018-02-02,SELL,28869,28.4715,822766.5,1809.0989802000267,822.766500000027,rank_exit
224,ENDURANCE,2018-02-01,2018-02-02,SELL,694,1178.82,818920.0,1800.6412960000416,818.9200000000419,rank_exit
225,JPPOWER,2018-02-01,2018-02-02,SELL,100427,6.8931000000000004,692946.3,1523.6503244399523,692.9462999999523,r2_exit
226,AVANTIFEED,2018-02-01,2018-02-02,BUY,619,1567.232333333333,969147.6666666666,1114.6651888164924,969.1476666664239,
227,KOLTEPATIL,2018-02-01,2018-02-02,BUY,2656,365.4651,969705.6000000001,1115.3068958399817,969.7055999998702,
228,GVKPIL,2018-02-01,2018-02-02,BUY,45962,21.1211,969798.2000000001,1115.4133997299941,969.7981999998447,
229,DELTACORP,2018-02-01,2018-02-02,BUY,2778,349.39905,969660.9,1115.2554841350066,969.6608999999007,
230,FCONSUMER,2018-02-01,2018-02-02,BUY,15393,63.062999999999995,969759.0,1115.36831385002,969.7589999999618,
231,JAICORPLTD,2018-02-01,2018-02-02,BUY,5541,175.17499999999998,969675.0,1115.2717012499925,969.6749999999302,
232,JINDALSAW,2018-02-01,2018-02-02,BUY,6572,147.69755,969698.6000000001,1115.2988447900862,969.6986000000034,
233,MOTILALOFS,2018-03-01,2018-03-05,SELL,1062,1148.80005,1221246.9000000001,2685.2776837201436,1221.2469000001438,r2_exit
234,JSL,2018-03-01,2018-03-05,SELL,6327,100.3995,635863.5,1398.1366637999777,635.8634999999776,r2_exit
235,TITAN,2018-03-01,2018-03-05,SELL,1105,809.19,895050.0,1968.0359399999302,895.0499999999302,rank_exit
236,GVKPIL,2018-03-01,2018-03-05,SELL,45962,16.4835,758373.0,1667.5105524000214,758.3730000000214,r2_exit
237,FCONSUMER,2018-03-01,2018-03-05,SELL,15393,60.28965,928967.55,2042.6138489400594,928.9675500000594,r2_exit
238,JAICORPLTD,2018-03-01,2018-03-05,SELL,5541,153.846,853314.0,1876.2668232000128,853.314000000013,r2_exit
239,JINDALSAW,2018-03-01,2018-03-05,SELL,6572,133.3665,877362.0,1929.1435655999646,877.3619999999646,r2_exit
240,STLTECH,2018-04-02,2018-04-03,SELL,3470,306.93758780867563,1066139.5692653698,2344.2276849006275,1066.1395692653023,r2_exit
241,IFBIND,2018-04-02,2018-04-03,SELL,691,1160.78805,802907.4500000001,1765.4329010599406,802.9074499999406,r2_exit
242,JINDALSTEL,2018-04-02,2018-04-03,SELL,4560,221.778,1012320.0,2225.889216000065,1012.3200000000652,r2_exit
243,ESCORTS,2018-04-02,2018-04-03,SELL,1210,878.5206,1064074.0,2339.685911200022,1064.0740000000224,rank_exit
244,KOLTEPATIL,2018-04-02,2018-04-03,SELL,2656,305.54415,812337.6000000001,1786.1679148800863,812.3376000000862,r2_exit
245,DELTACORP,2018-04-02,2018-04-03,SELL,2778,239.6601,666442.2000000001,1465.3731093600486,666.4422000000486,r2_exit
246,GRAPHITE,2018-05-02,2018-05-03,BUY,1257,706.8060999999999,887567.7000000001,1020.8359901548829,887.5676999997813,
247,BOMDYEING,2018-05-02,2018-05-03,BUY,3008,295.29499999999996,887360.0,1020.5971039999276,887.3599999998696,
248,SHANKARA,2018-05-02,2018-05-03,BUY,454,1953.9519999999998,886208.0,1019.2721311999485,886.2079999998678,
249,NIITTECH,2018-05-02,2018-05-03,BUY,801,1108.4573499999997,886987.35,1020.1685006022453,886.9873499997193,
250,JUBLFOOD,2018-05-02,2018-05-03,BUY,696,1275.9747,887191.2000000001,1020.4029586799443,887.1911999998847,
251,STLTECH,2018-05-02,2018-05-03,BUY,2756,322.36708765311414,887556.1374345481,1020.8226914702682,887.5561374344397,
252,MINDTREE,2018-05-02,2018-05-03,BUY,841,1056.2551999999998,887423.2000000001,1020.6697934799595,887.4231999998447,
253,SONATSOFTW,2018-05-02,2018-05-03,BUY,2507,354.354,887478.0,1020.7328217000468,887.4780000000028,
254,JINDALSTEL,2018-05-02,2018-05-03,BUY,3730,238.18794999999997,887553.5,1020.8196580250515,887.5534999999218,
255,TITAN,2018-05-02,2018-05-03,BUY,919,965.7647999999998,886651.2,1019.7818776799832,886.6511999998474,
256,DMART,2018-05-02,2018-05-03,BUY,593,1496.495,886535.0,1019.6482302499935,886.5349999999162,
257,CHAMBLFERT,2018-05-02,2018-05-03,BUY,4563,194.69449999999998,887503.5,1020.762150524999,887.5034999998752,
258,TATAGLOBAL,2018-05-02,2018-05-03,BUY,3031,293.04274999999996,887325.25,1020.5571362874471,887.325249999878,
259,DBL,2018-06-01,2018-06-04,SELL,1080,869.08005,939546.0,2065.873744799973,939.545999999973,r2_exit
260,SUNTECK,2018-06-01,2018-06-04,SELL,2521,387.612,978148.0,2150.751822399928,978.1479999999283,rank_exit
261,KEC,2018-06-01,2018-06-04,SELL,2445,350.649,858195.0,1886.9991659999487,858.1949999999488,r2_exit
262,AVANTIFEED,2018-06-01,2018-06-04,SELL,619,1032.3,639633.3333333333,1406.425773333302,639.6333333333023,r2_exit
263,BOMDYEING,2018-06-01,2018-06-04,SELL,3008,239.76,721920.0,1587.3576960000419,721.9200000000419,r2_exit
264,SHANKARA,2018-06-01,2018-06-04,SELL,454,1596.402,725492.0,1595.2118095999692,725.4919999999693,r2_exit
265,STLTECH,2018-06-01,2018-06-04,SELL,2756,299.73204514533774,826888.4048253762,1818.1622245301303,826.8884048254695,r2_exit
266,JINDALSTEL,2018-06-01,2018-06-04,SELL,3730,229.07070000000002,855289.0,1880.6094531999897,855.2889999999898,r2_exit
267,CHAMBLFERT,2018-06-01,2018-06-04,SELL,4563,166.03379999999999,758370.6,1667.5052752800239,758.3706000000238,r2_exit
268,MERCK,2018-06-01,2018-06-04,BUY,314,2571.5689999999995,806666.0,927.7868998999475,806.6659999998519,
269,FSL,2018-06-01,2018-06-04,BUY,10635,75.9759,807196.5000000001,928.3970544749172,807.1964999998454,
270,BIOCON,2018-06-01,2018-06-04,BUY,2483,325.325,806975.0,928.1422962500947,806.9749999999767,
271,IFBIND,2018-06-01,2018-06-04,BUY,633,1276.2749999999999,807075.0,928.2573112500831,807.0749999999534,
272,TAKE,2018-06-01,2018-06-04,BUY,3330,242.64239999999998,807192.0,928.391878800001,807.1919999999227,
273,SHOPERSTOP,2018-06-01,2018-06-04,BUY,1416,570.4698999999999,806978.4,928.1462067599641,806.9783999999054,
274,DIVISLAB,2018-06-01,2018-06-04,BUY,763,1058.9578999999999,807177.7000000001,928.3754316549748,807.1776999998838,
275,TECHM,2018-06-01,2018-06-04,BUY,1156,698.698,806888.0,928.0422332000453,806.887999999919,
276,MPHASIS,2018-06-01,2018-06-04,BUY,761,1061.06,806660.0,927.7799990000203,806.6599999999162,
277,IFBIND,2018-07-02,2018-07-03,SELL,633,1193.805,756435.0,1663.2492779999393,756.4349999999395,r2_exit
278,TAKE,2018-07-02,2018-07-03,SELL,3330,220.779,735930.0,1618.1628840000512,735.9300000000512,r2_exit
279,TATAGLOBAL,2018-08-01,2018-08-02,SELL,3031,232.2675,704707.5,1549.5108510000186,704.7075000000186,r2_exit
280,BIOCON,2018-08-01,2018-08-02,SELL,2483,291.4083,724291.1,1592.5712706800311,724.2911000000313,rank_exit
281,BOMDYEING,2018-08-01,2018-08-02,BUY,2805,259.05879999999996,725934.0,834.9329901000019,725.933999999892,
282,LTTS,2018-08-01,2018-08-02,BUY,508,1428.427,724916.0,833.7621373999864,724.9159999999683,
283,INTELLECT,2018-08-01,2018-08-02,BUY,3578,203.10289999999998,725976.2000000001,834.9815264298813,725.9761999998009,
284,PAGEIND,2018-08-01,2018-08-02,BUY,24,29929.899999999998,717600.0,825.3476400000509,717.5999999999767,
285,UNOMINDA,2018-09-03,2018-09-04,SELL,5739,211.57031182913076,1215417.437024406,2672.459860529272,1215.4174370244145,rank_exit
286,TITAN,2018-09-03,2018-09-04,SELL,919,916.083,842723.0,1852.979332399998,842.7229999999981,rank_exit
287,DMART,2018-09-03,2018-09-04,SELL,593,1593.405,945835.0,2079.7019979999627,945.8349999999627,rank_exit
288,BBTC,2018-09-03,2018-09-04,BUY,530,1885.4335499999997,998281.5,1148.1734672249295,998.2814999998081,
289,PFIZER,2018-09-03,2018-09-04,BUY,281,3557.5539999999996,998674.0,1148.6249010999454,998.6739999998827,
290,SUNTECK,2018-09-03,2018-09-04,BUY,1994,501.5009999999999,998994.0,1148.9929490999784,998.9939999998314,
291,VIPIND,2018-10-01,2018-10-03,SELL,2681,413.586,1109934.0,2440.522879199892,1109.933999999892,r2_exit
292,RADICO,2018-10-01,2018-10-03,SELL,3176,346.2534,1100801.6,2420.4425580801226,1100.8016000001226,r2_exit
293,GRAPHITE,2018-10-01,2018-10-03,SELL,1257,855.5436,1076494.8,2366.996766239986,1076.4947999999858,r2_exit
294,JUBLFOOD,2018-10-01,2018-10-03,SELL,696,1239.759,863736.0,1899.1827168000334,863.7360000000335,r2_exit
295,MERCK,2018-10-01,2018-10-03,SELL,314,2767.1301000000003,869748.6,1912.4032216799335,869.7485999999335,r2_exit
296,FSL,2018-10-01,2018-10-03,SELL,10635,61.7382,657243.0,1445.1459084000167,657.2430000000168,r2_exit
297,SHOPERSTOP,2018-10-01,2018-10-03,SELL,1416,499.5,708000.0,1556.7504,708.0,r2_exit
298,BOMDYEING,2018-10-01,2018-10-03,SELL,2805,151.29854999999998,424817.24999999994,934.0881693000217,424.8172500000219,r2_exit
299,INTELLECT,2018-10-01,2018-10-03,SELL,3578,212.13765,759788.2999999999,1670.6225140398983,759.7882999998983,r2_exit
300,BBTC,2018-10-01,2018-10-03,SELL,530,1302.696,691120.0,1519.6346559999952,691.1199999999953,r2_exit
301,PFIZER,2018-10-01,2018-10-03,SELL,281,2952.2448,830411.2,1825.908146559973,830.4111999999732,r2_exit
302,SUNTECK,2018-10-01,2018-10-03,SELL,1994,392.607,783642.0,1723.0720295999924,783.6419999999925,r2_exit
303,MINDTREE,2018-11-01,2018-11-02,SELL,841,837.162,704758.0,1549.6218903999143,704.7579999999143,r2_exit
304,SONATSOFTW,2018-11-01,2018-11-02,SELL,2507,313.03665,785568.4500000001,1727.3079078600208,785.5684500000207,r2_exit
305,MPHASIS,2018-11-01,2018-11-02,SELL,761,974.025,741975.0,1631.4546299999765,741.9749999999767,r2_exit
306,PAGEIND,2018-11-01,2018-11-02,SELL,24,28969.95105,695974.8,1530.3093902400835,695.9748000000836,r2_exit
307,NIITTECH,2018-12-03,2018-12-04,SELL,801,1103.895,885105.0,1946.1688739999813,885.1049999999814,r2_exit
308,MERCK,2018-12-03,2018-12-04,BUY,280,2862.8599999999997,800800.0,921.0401200000197,800.7999999999302,
309,VMART,2018-12-03,2018-12-04,BUY,304,2637.1344999999997,800888.0,921.1413332000375,800.887999999919,
310,INTELLECT,2018-12-03,2018-12-04,BUY,3376,237.63739999999999,801462.4,921.8019793600542,801.4623999999603,
311,ADANIPOWER,2018-12-03,2018-12-04,BUY,13821,58.05799999999999,801618.0,921.9809426999418,801.6179999999003,
312,AARTIIND,2018-12-03,2018-12-04,BUY,1107,724.6238999999999,801357.2999999999,921.6810985951452,801.3573000000324,
313,VBL,2018-12-03,2018-12-04,BUY,1532,523.7231999999999,801542.3999999999,921.8939913599752,801.5423999999184,
314,GRAPHITE,2018-12-03,2018-12-04,BUY,857,935.3343999999998,800780.7999999999,921.0180371199967,800.7807999999495,
315,JUBLFOOD,2018-12-03,2018-12-04,BUY,606,1322.321,800526.0,920.7249789000489,800.5259999999544,
316,VIPIND,2018-12-03,2018-12-04,BUY,1512,530.53,801360.0,921.6842040000483,801.359999999986,
317,VINATIORGA,2018-12-03,2018-12-04,BUY,1072,748.2475,801320.0,921.6381980000297,801.3199999999488,
318,BIOCON,2018-12-03,2018-12-04,BUY,2599,308.75845,801661.5499999999,922.0310317326803,801.6615500000771,
319,IPCALAB,2018-12-03,2018-12-04,BUY,997,804.7038999999999,801488.2999999999,921.831768245087,801.4882999999681,
320,TCS,2018-12-03,2018-12-04,BUY,404,1984.9829999999997,801132.0,921.421969799907,801.1319999998668,
321,HINDUNILVR,2018-12-03,2018-12-04,BUY,436,1836.8349999999998,800060.0,920.1890089999652,800.0599999999395,
322,RADICO,2018-12-03,2018-12-04,BUY,1988,403.60319999999996,801561.6,921.9160742399981,801.561599999899,
323,BAJFINANCE,2018-12-03,2018-12-04,BUY,319,2511.5089999999996,800371.0,920.5467056499328,800.37099999981,
324,TEAMLEASE,2018-12-03,2018-12-04,BUY,270,2964.9619999999995,799740.0,919.8209609999321,799.7399999998743,
325,TECHM,2019-01-01,2019-01-02,SELL,1156,718.43085,831337.4,1827.9446751200767,831.3374000000767,r2_exit
326,MERCK,2019-01-01,2019-01-02,SELL,280,3136.86,879200.0,1933.1849599999534,879.1999999999534,universe_exit
327,VMART,2019-01-01,2019-01-02,SELL,304,2605.3420499999997,792816.7999999999,1743.2455798400294,792.8168000000296,r2_exit
328,ADANIPOWER,2019-01-01,2019-01-02,SELL,13821,50.799150000000004,702797.85,1545.311912579857,702.7978499998571,r2_exit
329,AARTIIND,2019-01-01,2019-01-02,SELL,1107,726.248025,804761.3250000001,1769.5092014100867,804.7613250000868,r2_exit
330,VBL,2019-01-01,2019-01-02,SELL,1532,536.1632999999999,822224.3999999999,1807.9070107199482,822.2243999999482,r2_exit
331,GRAPHITE,2019-01-01,2019-01-02,SELL,857,751.9473,645063.9,1418.36650331995,645.0638999999501,r2_exit
332,JUBLFOOD,2019-01-01,2019-01-02,SELL,606,1242.756,753864.0,1657.596163199943,753.8639999999432,r2_exit
333,VIPIND,2019-01-01,2019-01-02,SELL,1512,513.486,777168.0,1708.8369984000633,777.1680000000633,r2_exit
334,VINATIORGA,2019-01-01,2019-01-02,SELL,1072,810.189,869392.0,1911.6191295999924,869.3919999999925,universe_exit
335,IPCALAB,2019-01-01,2019-01-02,SELL,997,801.7974,800192.2000000001,1759.4626093600486,800.1922000000486,r2_exit
336,TCS,2019-01-01,2019-01-02,SELL,404,1903.095,769620.0,1692.2404559999952,769.6199999999953,r2_exit
337,HINDUNILVR,2019-01-01,2019-01-02,SELL,436,1790.6076,781486.4,1718.3322963200524,781.4864000000525,r3_exit
338,RADICO,2019-01-01,2019-01-02,SELL,1988,400.14945,796293.4,1750.8899279199659,796.2933999999659,r2_exit
339,BAJFINANCE,2019-01-01,2019-01-02,SELL,319,2632.4649,840596.9,1848.3044637200042,840.5969000000041,r2_exit
340,TEAMLEASE,2019-01-01,2019-01-02,SELL,270,2824.82235,763465.5,1678.707941400049,763.4655000000494,universe_exit
341,DMART,2019-01-01,2019-01-02,BUY,494,1590.9894,785163.6000000001,903.0559145399602,785.1635999998543,
342,BATAINDIA,2019-01-01,2019-01-02,BUY,701,1121.5203999999999,785400.4,903.3282700600103,785.4003999999259,
343,TIINDIA,2019-01-01,2019-01-02,BUY,2245,350.29994999999997,785637.75,903.6012581624091,785.637749999878,
344,EIHOTEL,2019-01-01,2019-01-02,BUY,4046,194.39419999999996,785733.2,903.7110399799421,785.7331999999005,
345,LINDEINDIA,2019-01-01,2019-01-02,BUY,1155,680.68,785400.0,903.3278099999297,785.3999999999069,
346,UBL,2019-01-01,2019-01-02,BUY,579,1356.4050499999998,784573.95,902.3777285926044,784.5739499999909,
347,ATUL,2019-01-01,2019-01-02,BUY,227,3453.45,783150.0,900.7399725000141,783.1499999999069,
348,HAVELLS,2019-01-01,2019-01-02,BUY,1135,692.6919999999999,785420.0,903.3508129999973,785.4199999999255,
349,GLENMARK,2019-01-01,2019-01-02,BUY,1135,692.4917999999999,785193.0,903.0897289499408,785.1929999998538,
350,INDHOTEL,2019-01-01,2019-01-02,BUY,5378,146.24609999999998,785725.7999999999,903.7025288700825,785.7258000000147,
351,AXISBANK,2019-01-01,2019-01-02,BUY,1261,623.6229999999999,785603.0,903.5612904499285,785.6029999998864,
352,ASIANPAINT,2019-01-01,2019-01-02,BUY,574,1368.367,784658.0,902.4743987000547,784.6579999999376,
353,ABFRL,2019-01-01,2019-01-02,BUY,3954,198.89869999999996,785659.7999999999,903.6266189699527,785.6597999999067,
354,ICICIBANK,2019-01-01,2019-01-02,BUY,2173,361.8615,785539.5,903.4882559250109,785.5394999999553,
355,TRENT,2019-01-01,2019-01-02,BUY,2183,360.30994999999996,785770.85,903.754343127599,785.7708499999717,
356,RBLBANK,2019-01-01,2019-01-02,BUY,1361,577.6771,785433.1,903.3658799651312,785.4331000000238,
357,INTELLECT,2019-02-01,2019-02-04,SELL,3376,167.832,567168.0,1247.0889984000632,567.1680000000633,r2_exit
358,BIOCON,2019-02-01,2019-02-04,SELL,2599,333.71595,868195.9500000001,1908.9892548599648,868.1959499999648,rank_exit
359,EIHOTEL,2019-02-01,2019-02-04,SELL,4046,193.3065,782901.0,1721.4427187999545,782.9009999999544,rank_exit
360,LINDEINDIA,2019-02-01,2019-02-04,SELL,1155,457.4421,528874.5,1162.8892506000343,528.8745000000345,r2_exit
361,GLENMARK,2019-02-01,2019-02-04,SELL,1135,662.337,752505.0,1654.6079940000045,752.5050000000047,rank_exit
362,INDHOTEL,2019-02-01,2019-02-04,SELL,5378,144.7551,779272.2000000001,1713.463713360123,779.2722000001231,rank_exit
363,AXISBANK,2019-02-01,2019-02-04,SELL,1261,710.5886999999999,896949.2999999999,1972.2121208400945,896.9493000000948,rank_exit
364,ICICIBANK,2019-02-01,2019-02-04,SELL,2173,350.649,762723.0,1677.075332399998,762.7229999999981,rank_exit
365,TRENT,2019-02-01,2019-02-04,SELL,2183,349.7499,764268.3,1680.4731380399962,764.2682999999961,rank_exit
366,RBLBANK,2019-02-01,2019-02-04,SELL,1361,578.8705500000001,788631.4500000001,1734.0428322599862,788.6314499999862,rank_exit
367,MERCK,2019-02-01,2019-02-04,BUY,226,3293.2899999999995,743540.0,855.1825309999986,743.5399999999208,
368,NIITTECH,2019-02-01,2019-02-04,BUY,563,1324.4230999999997,744905.2999999999,856.7528307950124,744.905299999984,
369,VINATIORGA,2019-02-01,2019-02-04,BUY,943,790.8901,745064.3,856.9357046450023,745.0642999999691,
370,VMART,2019-02-01,2019-02-04,BUY,281,2646.644,742964.0,854.520044600009,742.9639999999199,
371,BAJFINANCE,2019-02-01,2019-02-04,BUY,285,2612.6099999999997,743850.0,855.5390774998814,743.8499999998603,
372,AARTIIND,2019-02-01,2019-02-04,BUY,903,825.8249999999999,744975.0,856.8329962500138,744.9749999999767,
373,SANOFI,2019-02-01,2019-02-04,BUY,114,6535.5289999999995,744306.0,856.0635459000478,744.3059999999823,
374,PFIZER,2019-02-01,2019-02-04,BUY,245,3043.0399999999995,744800.0,856.6317199999467,744.7999999999302,
375,BRITANNIA,2019-02-01,2019-02-04,BUY,229,3254.6013499999995,744559.15,856.3547063724836,744.55914999987,
376,ASTRAL,2019-02-01,2019-02-04,BUY,839,889.0081200000001,745132.68,857.0143519020639,745.1326800000388,
377,LTTS,2019-03-01,2019-03-05,SELL,508,1549.449,787908.0,1732.4521103999377,787.9079999999376,rank_exit
378,DMART,2019-03-01,2019-03-05,SELL,494,1455.543,719758.0,1582.6038904000307,719.7580000000307,rank_exit
379,ASIANPAINT,2019-03-01,2019-03-05,SELL,574,1392.1065,799869.0,1758.7519571999478,799.8689999999478,rank_exit
380,VMART,2019-03-01,2019-03-05,SELL,281,2598.399,730881.0,1607.061142800052,730.8810000000522,r2_exit
381,AARTIIND,2019-03-01,2019-03-05,SELL,903,706.74255,638827.3500000001,1404.6535771800359,638.827350000036,rank_exit
382,SANOFI,2019-03-01,2019-03-05,SELL,114,5864.13,669180.0,1471.3929839999348,669.1799999999348,r3_exit
383,PRAJIND,2019-03-01,2019-03-05,BUY,4910,147.147,721770.0,830.1437654999318,721.7699999999022,
384,NAUKRI,2019-03-01,2019-03-05,BUY,394,1831.8299999999997,721020.0,829.2811529999599,721.0199999999022,
385,ADANIPOWER,2019-03-01,2019-03-05,BUY,14730,49.04899999999999,721770.0,830.1437654999318,721.7699999999022,
386,MUTHOOTFIN,2019-03-01,2019-03-05,BUY,1374,525.525,721350.0,829.6607025000267,721.3499999999767,
387,TECHM,2019-03-01,2019-03-05,BUY,877,823.3224999999999,721332.5,829.6405748749385,721.3324999999022,
388,HONAUT,2019-03-01,2019-03-05,BUY,32,22122.1,707200.0,813.3860799999675,707.1999999999534,
389,ATUL,2019-04-01,2019-04-02,SELL,227,3551.445,806985.0,1774.398617999986,806.984999999986,rank_exit
390,BRITANNIA,2019-04-01,2019-04-02,SELL,229,3052.944,699824.0,1538.7730112000222,699.8240000000224,rank_exit
391,TECHM,2019-04-01,2019-04-02,SELL,877,790.1590500000001,693663.15,1525.2265342199203,693.6631499999203,rank_exit
392,MAHSCOOTER,2019-04-01,2019-04-02,BUY,205,3580.2766999999994,733223.5,843.3170085249003,733.2234999998473,
393,FINEORG,2019-04-01,2019-04-02,BUY,570,1287.3860999999997,733077.0,843.1485115499236,733.0769999998156,
394,SUVEN,2019-04-01,2019-04-02,BUY,2812,261.3611,734213.2000000001,844.4553119800985,734.2131999999983,
395,UBL,2019-05-02,2019-05-03,SELL,579,1409.9886000000001,817200.6000000001,1796.860679279982,817.2005999999819,rank_exit
396,ADANIPOWER,2019-05-02,2019-05-03,SELL,14730,44.30565,653275.5,1436.422169399989,653.2754999999888,r2_exit
397,HONAUT,2019-05-02,2019-05-03,SELL,32,23922.3537,766281.6,1684.8999820799875,766.2815999999875,rank_exit
398,BALRAMCHIN,2019-05-02,2019-05-03,BUY,4820,154.154,742280.0,853.7333420000505,742.2800000000279,
399,AAVAS,2019-05-02,2019-05-03,BUY,596,1246.1949499999998,741990.2000000001,853.4000285299262,741.9901999998838,
400,LTTS,2019-05-02,2019-05-03,BUY,417,1780.7789999999998,741843.0,853.2307264499832,741.8429999998771,
401,NIITTECH,2019-06-03,2019-06-04,SELL,563,1306.692,736404.0,1619.2051151999804,736.4039999999804,rank_exit
402,PFIZER,2019-06-03,2019-06-04,SELL,245,3111.9349500000003,763187.25,1678.096125299959,763.187249999959,rank_exit
403,LTTS,2019-06-03,2019-06-04,SELL,417,1697.301,708483.0,1557.8124204000073,708.4830000000075,rank_exit
404,ADANIPOWER,2019-06-03,2019-06-04,BUY,14708,49.849799999999995,732458.3999999999,842.4370287600905,732.4584000000032,
405,DCMSHRIRAM,2019-06-03,2019-06-04,BUY,1371,534.6341,732251.1,842.1986026650993,732.251099999994,
406,JUSTDIAL,2019-06-03,2019-06-04,BUY,922,794.9942,732252.4,842.20009786007,732.2523999999976,
407,MERCK,2019-07-01,2019-07-02,SELL,226,3289.9967099999994,744283.5399999999,1636.530647752091,744.2835400000913,universe_exit
408,ASTRAL,2019-07-01,2019-07-02,SELL,839,1074.924,902764.0,1984.9974831999664,902.7639999999665,rank_exit
409,SUVEN,2019-07-01,2019-07-02,SELL,2812,270.729,762052.0,1675.599937600025,762.0520000000251,rank_exit
410,SRF,2019-07-01,2019-07-02,BUY,263,3032.8298,796837.4,916.4825356100919,796.8373999999603,
411,PFC,2019-07-01,2019-07-02,BUY,6236,128.22809999999998,798831.6,918.7761647399748,798.8315999999177,
412,AXISBANK,2019-07-01,2019-07-02,BUY,985,811.9110999999999,798933.5,918.8933650250547,798.9334999999264,
413,HAVELLS,2019-08-01,2019-08-02,SELL,1135,639.36,726400.0,1597.2083200000231,726.4000000000233,r3_exit
414,ABFRL,2019-08-01,2019-08-02,SELL,3954,184.9149,731885.4,1609.269617520028,731.8854000000283,r3_exit
415,PRAJIND,2019-08-01,2019-08-02,SELL,4910,105.0948,516532.0,1135.7505615999485,516.5319999999483,r2_exit
416,DCMSHRIRAM,2019-08-01,2019-08-02,SELL,1371,396.8028,544561.2,1197.3811665599965,544.5611999999965,r2_exit
417,JUSTDIAL,2019-08-01,2019-08-02,SELL,922,687.312,634336.0,1394.7779968000102,634.3360000000102,rank_exit
418,PFC,2019-08-01,2019-08-02,SELL,6236,106.34355000000001,663822.2000000001,1459.6122533600533,663.8222000000533,r2_exit
419,AXISBANK,2019-08-01,2019-08-02,SELL,985,666.7325999999999,657389.0,1445.4669332000826,657.3890000000829,r3_exit
420,TIINDIA,2019-09-03,2019-09-04,SELL,2245,327.02265,734900.75,1615.8997691000297,734.9007500000298,r2_exit
421,BAJFINANCE,2019-09-03,2019-09-04,SELL,285,3263.733,931095.0,2047.291685999972,931.0949999999721,rank_exit
422,MAHSCOOTER,2019-09-03,2019-09-04,SELL,205,3845.151,789045.0,1734.952146000042,789.0450000000419,rank_exit
423,DIVISLAB,2019-10-01,2019-10-03,SELL,763,1608.39,1228430.0,2701.0718839999345,1228.4299999999348,rank_exit
424,INDIGO,2019-10-01,2019-10-03,BUY,407,1813.9120999999998,737524.7,848.2640337049961,737.5246999999508,
425,CREDITACC,2019-10-01,2019-10-03,BUY,1093,675.675,737775.0,848.5519162500277,737.7749999999069,
426,CGCL,2019-10-01,2019-10-03,BUY,3670,201.40119999999996,738404.0,849.2753605999751,738.403999999864,
427,HDFCAMC,2019-10-01,2019-10-03,BUY,271,2722.72,737120.0,847.7985680000857,737.1199999999953,
428,PIIND,2019-10-01,2019-10-03,BUY,586,1261.2599999999998,738360.0,849.2247539999662,738.3599999998696,
429,MANAPPURAM,2019-10-01,2019-10-03,BUY,5589,132.23209999999997,738306.9,849.16368103493,738.3068999998504,
430,SIEMENS,2019-10-01,2019-10-03,BUY,478,1544.543,737554.0,848.2977331001312,737.5540000000037,
431,TITAN,2019-10-01,2019-10-03,BUY,577,1280.6794,738213.8,849.0566020699916,738.2137999999104,
432,BAJFINANCE,2019-10-01,2019-10-03,BUY,185,3988.9849999999997,737225.0,847.9193337500328,737.2249999999767,
433,BRIGADE,2019-10-01,2019-10-03,BUY,3655,202.20199999999997,738310.0,849.1672465000302,738.3099999999395,
434,MAHSCOOTER,2019-10-01,2019-10-03,BUY,166,4434.179749999999,735338.5,845.7495757748839,735.338499999838,
435,INDIGO,2019-11-01,2019-11-04,SELL,407,1438.60995,586100.35,1288.717449579964,586.1003499999642,r2_exit
436,NAM-INDIA,2019-11-01,2019-11-04,BUY,1987,294.2702431347369,584130.8422664559,671.838088232791,584.1308422663715,
437,VINATIORGA,2019-12-02,2019-12-03,SELL,943,987.436575,932084.7749999999,2049.4680032699953,932.0847749999957,rank_exit
438,MUTHOOTFIN,2019-12-02,2019-12-03,SELL,1374,678.5208,933220.8,2051.96589504001,933.2208000000101,rank_exit
439,BALRAMCHIN,2019-12-02,2019-12-03,SELL,4820,155.19465,748787.0,1646.432855600011,748.7870000000112,rank_exit
440,ADANIPOWER,2019-12-02,2019-12-03,SELL,14708,62.0379,913366.8,2008.310919840076,913.3668000000762,rank_exit
441,CGCL,2019-12-02,2019-12-03,SELL,3670,180.9189,664637.0,1461.4038355999878,664.6369999999879,rank_exit
442,TITAN,2019-12-02,2019-12-03,SELL,577,1153.845,666435.0,1465.3572779999395,666.4349999999395,rank_exit
443,ADANIGREEN,2019-12-02,2019-12-03,BUY,6107,132.13199999999998,806124.0,927.163518599933,806.1239999998361,
444,ATGL,2019-12-02,2019-12-03,BUY,4938,163.40580472563465,806091.7719632208,927.1264515235089,806.0917719631689,
445,LALPATHLAB,2019-12-02,2019-12-03,BUY,503,1601.6,804800.0,925.6407200000249,804.7999999999302,
446,PRESTIGE,2019-12-02,2019-12-03,BUY,2440,330.6303,805932.0,926.9426897999365,805.9319999999134,
447,TIMKEN,2019-12-02,2019-12-03,BUY,910,885.9350499999998,805395.5,926.3256343249232,805.3954999998678,
448,ICICIGI,2019-12-02,2019-12-03,BUY,584,1380.379,805336.0,926.2572003999958,805.3359999998938,
449,SIEMENS,2020-01-01,2020-01-02,SELL,478,1497.501,716522.0,1575.4885735999972,716.5219999999972,rank_exit
450,MAHSCOOTER,2020-01-01,2020-01-02,SELL,166,4469.526,742684.0,1633.0135792000083,742.6840000000084,rank_exit
451,ICICIGI,2020-01-01,2020-01-02,SELL,584,1378.62,805920.0,1772.056896000042,805.9200000000419,rank_exit
452,DIXON,2020-01-01,2020-01-02,BUY,198,3783.7799999999997,748440.0,860.8182660000166,748.4399999999441,
453,AFFLE,2020-01-01,2020-01-02,BUY,465,1616.6149999999998,750975.0,863.7338962499052,750.9749999998603,
454,BALRAMCHIN,2020-01-01,2020-01-02,BUY,4011,187.43724999999998,751059.75,863.8313714624383,751.0597499998985,
455,BATAINDIA,2020-02-03,2020-02-04,SELL,701,1853.145,1300355.0,2859.2205739999813,1300.3549999999814,rank_exit
456,BALRAMCHIN,2020-02-03,2020-02-04,SELL,4011,158.49135,636345.15,1399.1957158199502,636.3451499999501,rank_exit
457,NAUKRI,2020-03-02,2020-03-03,SELL,394,2712.4847999999997,1069788.7999999998,2352.2516134399802,1069.7887999999803,rank_exit
458,MANAPPURAM,2020-03-02,2020-03-03,SELL,5589,164.28555,919111.0499999999,2020.9413767399485,919.1110499999486,rank_exit
459,ADANIGREEN,2020-03-02,2020-03-03,SELL,6107,162.7371,994830.3,2187.4328636400305,994.8303000000305,r2_exit
460,ATGL,2020-03-02,2020-03-03,SELL,4938,135.3359803429339,668958.02896237,1470.904914082459,668.95802896237,r2_exit
461,LALPATHLAB,2020-03-02,2020-03-03,SELL,503,1698.3,855100.0,1880.1938799999766,855.0999999999767,rank_exit
462,PRESTIGE,2020-03-02,2020-03-03,SELL,2440,305.59409999999997,746396.0,1641.175524800066,746.3960000000661,r2_exit
463,AFFLE,2020-03-02,2020-03-03,SELL,465,1856.142,863970.0,1899.697235999972,863.9699999999721,r2_exit
464,FINEORG,2020-04-01,2020-04-03,SELL,570,1898.1,1083000.0,2381.3004,1083.0,r2_exit
465,AAVAS,2020-04-01,2020-04-03,SELL,596,1177.821,702684.0,1545.0615792000083,702.6840000000084,r2_exit
466,SRF,2020-04-01,2020-04-03,SELL,263,2632.365,693005.0,1523.7793940000047,693.0050000000047,r2_exit
467,CREDITACC,2020-04-01,2020-04-03,SELL,1093,337.81185,369597.94999999995,812.6719724599666,369.59794999996666,r2_exit
468,HDFCAMC,2020-04-01,2020-04-03,SELL,271,2187.81,593490.0,1304.9658119999906,593.4899999999907,r2_exit
469,PIIND,2020-04-01,2020-04-03,SELL,586,1190.808,698512.0,1535.888185599988,698.5119999999879,r2_exit
470,BAJFINANCE,2020-04-01,2020-04-03,SELL,185,2266.5312000000004,419728.00000000006,922.8979264000028,419.7280000000028,r2_exit
471,BRIGADE,2020-04-01,2020-04-03,SELL,3655,148.4514,543133.0,1194.2408404000307,543.1330000000307,r2_exit
472,NAM-INDIA,2020-04-01,2020-04-03,SELL,1987,258.2415,513639.5,1129.3905326000483,513.6395000000484,r2_exit
473,TIMKEN,2020-04-01,2020-04-03,SELL,910,789.95925,719582.5,1582.2180010000184,719.5825000000186,r2_exit
474,DIXON,2020-04-01,2020-04-03,SELL,198,3556.44,704880.0,1549.8901440000045,704.8800000000047,r2_exit
475,ADANIGREEN,2020-05-04,2020-05-05,BUY,3495,215.21499999999997,751425.0,864.251463750028,751.4249999999302,
476,ABBOTINDIA,2020-05-04,2020-05-05,BUY,40,18417.398999999998,735960.0,846.4643940000096,735.9599999999627,
477,NAVINFLUOR,2020-05-04,2020-05-05,BUY,491,1529.6280999999997,750297.1,862.9542095649522,750.2970999998506,
478,DIXON,2020-05-04,2020-05-05,BUY,161,4650.646,748006.0,860.3191008999711,748.0059999999357,
479,DEEPAKNTR,2020-05-04,2020-05-05,BUY,1524,493.39289999999994,751179.6,863.9692169399932,751.1795999999158,
480,INDIAMART,2020-05-04,2020-05-05,BUY,326,2303.301,750126.0,862.7574189000297,750.1259999999311,
481,DMART,2020-05-04,2020-05-05,BUY,323,2322.3199999999997,749360.0,861.8764039999805,749.3599999998696,
482,IPCALAB,2020-05-04,2020-05-05,BUY,462,1626.6249999999998,750750.0,863.475112499902,750.7499999998836,
483,NESTLEIND,2020-05-04,2020-05-05,BUY,42,17588.570999999996,737982.0,848.7899972999003,737.9819999998435,
484,PFIZER,2020-05-04,2020-05-05,BUY,147,5085.079999999999,746760.0,858.8860139999306,746.7599999998929,
485,JBCHEPHARM,2020-05-04,2020-05-05,BUY,1344,559.559,751296.0,864.1030944000231,751.295999999973,
486,ALKEM,2020-05-04,2020-05-05,BUY,278,2698.696,749488.0,862.0236232001334,749.4880000000121,
487,BHARTIARTL,2020-05-04,2020-05-05,BUY,1396,538.5379999999999,751048.0,863.8178571999306,751.0479999998352,
488,SRF,2020-05-04,2020-05-05,BUY,205,3661.6579999999994,749890.0,862.4859835000243,749.8899999998976,
489,PIIND,2020-05-04,2020-05-05,BUY,489,1536.4349,750566.1000000001,863.2635999149643,750.5660999999382,
490,FDC,2020-05-04,2020-05-05,BUY,3037,247.64739999999998,751353.8,864.1695730700158,751.3537999999244,
491,BERGEPAINT,2020-05-04,2020-05-05,BUY,1558,482.6821999999999,751267.6,864.070430140011,751.2675999999046,
492,LALPATHLAB,2020-05-04,2020-05-05,BUY,481,1561.4598999999998,750311.9,862.9712317849044,750.3118999998551,
493,IGL,2020-05-04,2020-05-05,BUY,1572,478.27779999999996,751101.6,863.8795052400092,751.1015999999363,
494,AJANTPHARM,2020-05-04,2020-05-05,BUY,509,1477.4759999999999,751284.0,864.0892926000524,751.2839999999851,
495,PFIZER,2020-06-01,2020-06-02,SELL,147,4010.9350499999996,590197.65,1297.7265928201036,590.1976500001037,rank_exit
496,ALKEM,2020-06-01,2020-06-02,SELL,278,2295.7019999999998,638844.0,1404.6901872000408,638.844000000041,rank_exit
497,SRF,2020-06-01,2020-06-02,SELL,205,3703.9923,760078.5,1671.2606058000613,760.0785000000615,rank_exit
498,LALPATHLAB,2020-06-01,2020-06-02,SELL,481,1523.475,733525.0,1612.874770000023,733.5250000000233,rank_exit
499,AJANTPHARM,2020-06-01,2020-06-02,SELL,509,1456.542,742122.0,1631.77785360009,742.1220000000903,rank_exit
500,AMBER,2020-06-01,2020-06-02,BUY,516,1351.35,696600.0,801.1944900000235,696.5999999999767,
501,RELAXO,2020-06-01,2020-06-02,BUY,976,714.5137999999998,696668.7999999999,801.273620319902,696.6687999998685,
502,ESCORTS,2020-06-01,2020-06-02,BUY,717,973.3723999999999,697210.7999999999,801.8970016200328,697.2108000000007,
503,APLLTD,2020-06-01,2020-06-02,BUY,815,856.3554999999999,697232.5,801.9219598750351,697.2324999999255,
504,VAIBHAVGBL,2020-06-01,2020-06-02,BUY,628,1111.0599499999998,697048.6,801.7104472900974,697.0485999999801,
505,ADANIGREEN,2020-07-01,2020-07-02,SELL,3495,323.62604999999996,1132205.25,2489.492903700115,1132.2052500001155,r2_exit
506,NESTLEIND,2020-07-01,2020-07-02,SELL,42,16968.015,713370.0,1568.5579559999953,713.3699999999953,rank_exit
507,PIIND,2020-07-01,2020-07-02,SELL,489,1542.456,755016.0,1660.1291808000615,755.0160000000615,rank_exit
508,IGL,2020-07-01,2020-07-02,SELL,1572,442.20734999999996,695845.7999999999,1530.02574504001,695.8458000000101,rank_exit
509,RELAXO,2020-07-01,2020-07-02,SELL,976,630.01935,615514.4,1353.3930627199854,615.5143999999855,r2_exit
510,GMMPFAUDLR,2020-07-01,2020-07-02,BUY,184,4228.173949999999,777206.7999999999,893.9044010200305,777.2067999999272,
511,ALKYLAMINE,2020-07-01,2020-07-02,BUY,356,2186.1839999999997,777504.0,894.2462256000144,777.5039999999572,
512,GRANULES,2020-07-01,2020-07-02,BUY,3643,213.91369999999998,778509.1,895.4022413649363,778.5090999999084,
513,SCI,2020-07-01,2020-07-02,BUY,13782,56.55649999999999,778683.0,895.6022524499567,778.6829999998445,
514,BHARATRAS,2020-07-01,2020-07-02,BUY,103,7563.556,778268.0,895.1249402000103,778.2679999999236,
515,DMART,2020-08-03,2020-08-04,SELL,323,2091.05685,676087.4500000001,1486.581085060108,676.0874500001082,rank_exit
516,BHARTIARTL,2020-08-03,2020-08-04,SELL,1396,547.452,765008.0,1682.0995904000306,765.0080000000307,rank_exit
517,BERGEPAINT,2020-08-03,2020-08-04,SELL,1558,528.471,824182.0,1812.2113816000297,824.1820000000298,rank_exit
518,VAIBHAVGBL,2020-08-03,2020-08-04,SELL,628,1353.645,850940.0,1871.0468720000604,850.9400000000605,rank_exit
519,SCI,2020-08-03,2020-08-04,SELL,13782,53.946,744228.0,1636.4085264000028,744.2280000000028,r2_exit
520,ADANIGREEN,2020-09-01,2020-09-02,BUY,1510,509.45894999999996,768514.5,883.9069521749625,768.514499999932,
521,AFFLE,2020-09-01,2020-09-02,BUY,285,2692.6899999999996,766650.0,881.7624974999344,766.6499999999069,
522,LAURUSLABS,2020-09-01,2020-09-02,BUY,677,1135.8346999999999,768191.9,883.5359137849882,768.1918999998597,
523,BSOFT,2020-09-01,2020-09-02,BUY,4521,170.17,768570.0,883.9707855000161,768.5699999999488,
524,DHANUKA,2020-09-01,2020-09-02,BUY,990,776.776,768240.0,883.5912360000657,768.2399999999907,
525,ABBOTINDIA,2020-10-01,2020-10-05,SELL,40,14912.288417965046,597088.6253439458,1312.8784694063042,597.0886253439821,r3_exit
526,DIXON,2020-10-01,2020-10-05,SELL,161,1758.6730224915812,283429.78640755214,623.2054143529368,283.42978640756337,r2_exit
527,INDIAMART,2020-10-01,2020-10-05,SELL,326,2321.509949789158,757569.8134447102,1665.7445058022631,757.5698134447448,r2_exit
528,IPCALAB,2020-10-01,2020-10-05,SELL,462,1098.7925844383044,508150.3243348315,1117.320933147452,508.1503243348561,r2_exit
529,JBCHEPHARM,2020-10-01,2020-10-05,SELL,1344,558.9994409999999,752047.296,1653.6015944448623,752.0472960000625,universe_exit
530,FDC,2020-10-01,2020-10-05,SELL,3037,247.39975259999997,752105.1538,1653.7288121755446,752.1051538001047,universe_exit
531,APLLTD,2020-10-01,2020-10-05,SELL,815,864.0783348763111,704928.7716958894,1549.997383204853,704.9287716958206,r2_exit
532,GMMPFAUDLR,2020-10-01,2020-10-05,SELL,184,1255.0261508334627,231155.96772107822,508.2657418251329,231.1559677211044,r2_exit
533,ALKYLAMINE,2020-10-01,2020-10-05,SELL,356,1278.8549465449878,455728.08905907476,1002.0549222231397,455.728089059121,r2_exit
534,BHARATRAS,2020-10-01,2020-10-05,SELL,103,7555.9924439999995,779046.2679999999,1712.966934078318,779.0462679999182,universe_exit
535,AFFLE,2020-10-01,2020-10-05,SELL,285,572.4769378051758,163319.2465209961,359.1063592503569,163.31924652098678,r2_exit
536,LAURUSLABS,2020-10-01,2020-10-05,SELL,677,270.97171228646994,183631.48069863877,403.7688997601474,183.63148069861927,r2_exit
537,DHANUKA,2020-10-01,2020-10-05,SELL,990,775.9992239999999,769008.24,1690.895318112112,769.008240000112,universe_exit
538,POLYMED,2020-10-01,2020-10-05,BUY,1143,465.02426843886064,530991.7470785392,610.7201579023385,530.9917470784858,
539,STAR,2020-10-01,2020-10-05,BUY,741,716.8033432923796,530620.6567229304,610.2933483299566,530.6206567229237,
540,BIOCON,2020-10-01,2020-10-05,BUY,1184,448.93979370536914,531013.702045112,610.7454094071873,531.0137020450784,
541,TATACOMM,2020-10-01,2020-10-05,BUY,669,794.459009821027,530962.1154548123,610.6860770904459,530.9621154548367,
542,ADVENZYMES,2020-10-01,2020-10-05,BUY,1683,315.91706887801575,531157.2696520486,610.910533690243,531.1572696518851,
543,COROMANDEL,2020-10-01,2020-10-05,BUY,709,749.6699625825821,530985.0184525982,610.7124189732131,530.985018452513,
544,BALKRISIND,2020-10-01,2020-10-05,BUY,380,1395.9272145131652,529922.4190959069,609.4902703231201,529.9224190958776,
545,DIVISLAB,2020-10-01,2020-10-05,BUY,178,2978.4202361077755,529629.1728543298,609.1529931583209,529.6291728542419,
546,SYNGENE,2020-10-01,2020-10-05,BUY,954,556.9940534612495,530841.4855165156,610.5473345667124,530.841485516401,
547,TATAELXSI,2020-10-01,2020-10-05,BUY,439,1210.741564261148,530984.5621484956,610.7118941550143,530.98456214834,
548,CIPLA,2020-10-01,2020-10-05,BUY,717,741.2363146383566,530935.5020936081,610.6554677329259,530.9355020935182,
549,TIINDIA,2020-10-01,2020-10-05,BUY,825,644.2351977535234,530963.0750715852,610.6871807936113,530.9630750715733,
550,EIDPARRY,2020-10-01,2020-10-05,BUY,1976,269.0997749384466,531209.9453330375,610.9711186247878,531.2099453329574,
551,COROMANDEL,2021-01-01,2021-01-04,SELL,709,776.6722085152508,551211.8076449577,1212.0045226497014,551.211807644926,rank_exit
552,SUZLON,2021-01-01,2021-01-04,BUY,85236,6.43392440700531,547854.1266288757,630.1144237421686,547.8541266288375,
553,GRANULES,2021-02-01,2021-02-02,SELL,3643,323.1349147912951,1178358.8534381262,2590.975446939796,1178.3588534381706,r2_exit
554,BIOCON,2021-02-01,2021-02-02,SELL,1184,379.29549245689657,449535.39846743294,988.4384341501443,449.5353984673857,r2_exit
555,BALKRISIND,2021-02-01,2021-02-02,SELL,380,1578.041667146754,600256.0896053719,1319.843089824311,600.256089605391,rank_exit
556,ATGL,2021-02-01,2021-02-02,BUY,1889,391.74354870505715,739264.2992046485,850.2648337300634,739.2642992044566,
557,IDEA,2021-02-01,2021-02-02,BUY,62388,11.861850381851195,739297.8237991333,850.3033920426387,739.2978237990756,
558,IFBIND,2021-02-01,2021-02-02,BUY,541,1366.3649999999998,738465.0,849.3455197499134,738.464999999851,
559,NAVINFLUOR,2021-03-01,2021-03-02,SELL,491,2648.113146297207,1301525.0799118406,2861.7933457103545,1301.5250799120404,rank_exit
560,ESCORTS,2021-03-01,2021-03-02,SELL,717,1243.220377658912,892281.2920735134,1961.9481050112727,892.281292073545,rank_exit
561,STAR,2021-03-01,2021-03-02,SELL,741,827.5160967773633,613803.2309429692,1349.6305441974732,613.8032309430419,rank_exit
562,DIVISLAB,2021-03-01,2021-03-02,SELL,178,3348.8529264519493,596692.5134218689,1312.0074985120127,596.6925134218764,rank_exit
563,EIDPARRY,2021-03-01,2021-03-02,SELL,1976,322.27456486548965,637451.992166374,1401.6294403755105,637.4519921664614,rank_exit
564,SUZLON,2021-03-01,2021-03-02,SELL,85236,5.412044410228729,461762.78013038635,1015.3240009506823,461.7627801303752,r2_exit
565,AMBER,2021-04-01,2021-04-05,SELL,516,3244.302498779297,1675735.8251953125,3684.6079324393504,1675.73582519521,rank_exit
566,POLYMED,2021-04-01,2021-04-05,SELL,1143,823.8960032131557,942655.787460097,2072.711545467205,942.6557874600403,rank_exit
567,ADVENZYMES,2021-04-01,2021-04-05,SELL,1683,331.3939686179958,558294.3435276146,1227.5776025485436,558.2943435276393,universe_exit
568,SYNGENE,2021-04-01,2021-04-05,SELL,954,556.6724243161152,531597.0898874614,1168.875681244569,531.5970898874803,rank_exit
569,CIPLA,2021-04-01,2021-04-05,SELL,717,786.4667458411215,564461.11788597,1241.1371060077076,564.4611178860068,rank_exit
570,IDEA,2021-04-01,2021-04-05,SELL,62388,9.940049809455871,620760.5881004333,1364.9283811152122,620.7605881004129,r2_exit
571,IFBIND,2021-04-01,2021-04-05,SELL,541,1073.875001220703,581547.9235839844,1278.7075743764835,581.547923584003,universe_exit
572,INTELLECT,2021-04-01,2021-04-05,BUY,1074,711.6121364610269,763507.9266325105,878.1486418163404,763.5079266324174,
573,PGEL,2021-04-01,2021-04-05,BUY,19558,39.10910082583513,764131.6622893941,878.8660313822329,764.1316622893792,
574,CGPOWER,2021-04-01,2021-04-05,BUY,11251,67.98213022421234,764102.8443083048,878.8328863811912,764.1028443082469,
575,ADANIENT,2021-04-01,2021-04-05,BUY,679,1124.8905387449508,763037.6381696521,877.6077395408647,763.0376381695969,
576,NEULANDLAB,2021-04-01,2021-04-05,BUY,352,2172.0016494279143,763780.7997988272,878.4624868885148,763.7807997986674,
577,GPIL,2021-04-01,2021-04-05,BUY,4090,187.01123652561046,764111.8455442026,878.8432391526876,764.1118455441901,
578,JPPOWER,2021-04-01,2021-04-05,BUY,215252,3.5535499522686003,764144.5897359848,878.8808998848544,764.1445897358935,
579,POONAWALLA,2021-04-01,2021-04-05,BUY,6367,120.11916667602466,764034.6995267224,878.7545096606482,764.0346995266154,
580,ADANIENSOL,2021-04-01,2021-04-05,BUY,758,1009.0079999999999,764064.0,878.7882096000249,764.0639999998966,
581,OLECTRA,2021-04-01,2021-04-05,BUY,3401,224.89638417744527,764108.4940933981,878.8393844815437,764.1084940932924,
582,COHANCE,2021-04-01,2021-04-05,BUY,1594,479.8034359950995,764042.6343418468,878.7636358883465,764.0426343418658,
583,KPITTECH,2021-04-01,2021-04-05,BUY,4509,169.6145937305521,764028.1749561033,878.7470054258592,764.0281749560963,
584,TMPV,2021-04-01,2021-04-05,BUY,2556,299.19325344632483,763973.9818269793,878.6846751982812,763.9739818269154,
585,ADANIGREEN,2021-05-03,2021-05-04,SELL,1510,1048.95,1585500.0,3486.1974,1585.5,r2_exit
586,BSOFT,2021-05-03,2021-05-04,SELL,4521,224.82434778803577,1017448.3246743841,2237.1653762940427,1017.4483246743912,rank_exit
587,TATACOMM,2021-05-03,2021-05-04,SELL,669,1019.0106675753527,682400.5371450561,1500.4623010745843,682.4005371450912,rank_exit
588,PGEL,2021-05-03,2021-05-04,SELL,19558,33.83515517045339,662410.3751989264,1456.5079329875207,662.4103751990478,r2_exit
589,JPPOWER,2021-05-03,2021-05-04,SELL,215252,3.146850095272064,678043.8205280304,1490.8827525770835,678.0438205280807,r2_exit
590,OLECTRA,2021-05-03,2021-05-04,SELL,3401,182.74977668456023,622154.1446488382,1367.9925332538392,622.1541446488118,r2_exit
591,HINDCOPPER,2021-05-03,2021-05-04,BUY,5714,152.34360374258952,869621.7300551016,1000.1954328228021,869.6217300549615,
592,JINDALSTEL,2021-05-03,2021-05-04,BUY,1963,443.3787204972232,869482.9453906586,1000.0358096410055,869.4829453905113,
593,TEJASNET,2021-05-03,2021-05-04,BUY,4642,187.51398403193747,869570.3435327212,1000.1363306140993,869.5703435325995,
594,SPLPETRO,2021-05-03,2021-05-04,BUY,2647,328.8479067210609,869590.8182723759,1000.1598796360195,869.5908182723215,
595,ELECON,2021-05-03,2021-05-04,BUY,18247,47.70762972828433,869651.4681838205,1000.2296361316694,869.6514681837289,
596,POLYMED,2021-05-03,2021-05-04,BUY,880,988.4794662167068,868992.9373333687,999.4722268739715,868.9929373332998,
597,TIINDIA,2021-06-01,2021-06-02,SELL,825,1169.4725523931663,965780.636360723,2123.558463229987,965.7806363607524,rank_exit
598,NEULANDLAB,2021-06-01,2021-06-02,SELL,352,2042.9933193935256,719853.5019284495,1582.8138800403297,719.8535019285046,r2_exit
599,COHANCE,2021-06-01,2021-06-02,SELL,1594,492.4982221351183,785827.9940774561,1727.8785933775207,785.8279940774664,rank_exit
600,JINDALSTEL,2021-06-01,2021-06-02,SELL,1963,389.78699459950656,765917.7881870184,1684.1000326656394,765.9177881870419,rank_exit
601,TEJASNET,2021-06-01,2021-06-02,SELL,4642,173.20341077852314,804815.0478817862,1769.6273272824842,804.8150478817988,r2_exit
602,PGEL,2021-06-01,2021-06-02,BUY,19171,41.984769786614876,804085.9356435504,924.8194388803095,804.0859356434084,
603,PRAJIND,2021-06-01,2021-06-02,BUY,2599,309.6447566435269,803962.7597567696,924.6777681342792,803.962759756716,
604,ADANIGREEN,2021-06-01,2021-06-02,BUY,630,1276.2749999999999,803250.0,923.8579874999123,803.2499999998836,
605,RPOWER,2021-06-01,2021-06-02,BUY,93502,8.608600381851195,804117.2356681824,924.8554386037868,804.11723566812,
606,HFCL,2021-06-01,2021-06-02,BUY,18518,43.46584804098276,804096.4775453736,924.8315636487678,804.0964775452157,
607,ATGL,2021-07-01,2021-07-02,SELL,1889,918.2339840698243,1736280.276184082,3817.733071273448,1736.2802761839703,r2_exit
608,ADANIENSOL,2021-07-01,2021-07-02,SELL,758,955.2438121948243,724799.6092529297,1593.689380825246,724.7996092528338,r2_exit
609,HINDCOPPER,2021-07-01,2021-07-02,SELL,5714,138.34986257174094,791322.4371720998,1739.9597748539704,791.3224371720571,r2_exit
610,ADANIGREEN,2021-07-01,2021-07-02,SELL,630,1014.2846878051757,639638.9923095703,1406.438216290283,639.6389923095703,r2_exit
611,TTML,2021-07-01,2021-07-02,BUY,19715,49.149098472595206,968006.4699172974,1113.3526413752697,968.0064699171344,
612,FSL,2021-07-01,2021-07-02,BUY,5563,174.1799935504309,967995.308812235,1113.3398044303758,967.9953088121256,
613,NEWGEN,2021-07-01,2021-07-02,BUY,3195,303.288657809621,968039.22247926,1113.3903117344016,968.0392224790994,
614,BSOFT,2021-07-01,2021-07-02,BUY,2570,376.97098716345687,967847.5894206637,1113.1699049720773,967.8475894205039,
615,TMPV,2021-08-02,2021-08-03,SELL,2556,290.5173811526781,743305.7319582036,1634.3806434298547,743.3057319583604,rank_exit
616,POLYMED,2021-08-02,2021-08-03,SELL,880,951.1804925352666,837876.7101411758,1842.3233102584354,837.876710141194,rank_exit
617,PGEL,2021-08-02,2021-08-03,SELL,19171,36.93467219498508,708783.3840340931,1558.4729048141317,708.7833840340609,r2_exit
618,RPOWER,2021-08-02,2021-08-03,SELL,93502,13.23675,1238901.5,2724.09661819992,1238.90149999992,r2_exit
619,TTML,2021-08-02,2021-08-03,SELL,19715,41.70825,823101.25,1809.8350285000652,823.1012500000652,r2_exit
620,OLECTRA,2021-08-02,2021-08-03,BUY,2668,324.85036054053745,865834.9269951588,995.8400412835181,865.8349269950995,
621,JSWENERGY,2021-08-02,2021-08-03,BUY,3640,238.0627355457281,865682.6747117386,995.6649283197476,865.6826747116866,
622,SARDAEN,2021-08-02,2021-08-03,BUY,10524,82.35695587554055,865858.7448892996,995.8674354343675,865.8587448891485,
623,ANGELONE,2021-08-02,2021-08-03,BUY,7062,122.73681101751176,865901.4579477204,995.9165618584957,865.9014579475624,
624,TEJASNET,2021-08-02,2021-08-03,BUY,3072,282.068896484375,865650.0,995.6273474999471,865.6499999999069,
625,INTELLECT,2021-09-01,2021-09-02,SELL,1074,630.5018697223599,677836.8449267412,1490.4276546248773,677.8368449267,r2_exit
626,GPIL,2021-09-01,2021-09-02,SELL,4090,275.4569427014102,1127746.6422910588,2479.689317069601,1127.7466422910802,r2_exit
627,HFCL,2021-09-01,2021-09-02,SELL,18518,67.46745514087587,1250612.9472459853,2749.847748404314,1250.612947245827,r2_exit
628,FSL,2021-09-01,2021-09-02,SELL,5563,161.38654154707285,898692.0226490153,1976.0440194006287,898.6920226489892,r2_exit
629,NEWGEN,2021-09-01,2021-09-02,SELL,3195,270.6842275214126,865701.808739653,1903.5051370567821,865.7018087396864,r2_exit
630,BSOFT,2021-09-01,2021-09-02,SELL,2570,381.61691498019167,981737.2087078005,2158.6437745068674,981.7372087079566,rank_exit
631,ATGL,2021-09-01,2021-09-02,BUY,654,1472.315682207866,961932.5236403042,1106.366692064912,961.9325236402219,
632,ADANIENSOL,2021-09-01,2021-09-02,BUY,587,1639.638,961506.0,1105.8761259000748,961.5059999999357,
633,GRAVITA,2021-09-01,2021-09-02,BUY,5012,192.15151820226862,962101.3079218485,1106.5608193064108,962.1013079218101,
634,ACE,2021-09-01,2021-09-02,BUY,3996,241.013305995287,962127.0437134535,1106.5904193270253,962.1270437133498,
635,FLUOROCHEM,2021-09-01,2021-09-02,BUY,566,1699.0293764148932,960689.9371137159,1104.9375311713666,960.6899371136678,
636,MAXHEALTH,2021-09-01,2021-09-02,BUY,2563,375.69669954020407,961948.6922293138,1106.3852883675136,961.9486922292272,
637,DEEPAKNTR,2021-10-01,2021-10-04,SELL,1524,2341.9066079683366,3572638.308852598,7855.517113505405,3572.638308852911,rank_exit
638,KPITTECH,2021-10-01,2021-10-04,SELL,4509,330.13062706947517,1490049.0465027662,3276.3198434501974,1490.0490465026814,rank_exit
639,SPLPETRO,2021-10-01,2021-10-04,SELL,2647,331.59968936071914,878623.0007385622,1931.9162540240648,878.6230007386766,rank_exit
640,SARDAEN,2021-10-01,2021-10-04,SELL,10524,68.06646851357802,717048.5632000951,1576.646380764323,717.0485632000491,rank_exit
641,SAREGAMA,2021-10-01,2021-10-04,BUY,4706,352.370836517945,1656600.5560973522,1905.339129595086,1656.6005560969934,
642,ANANTRAJ,2021-10-01,2021-10-04,BUY,21254,78.02202056538542,1656623.4016950068,1905.3654054596554,1656.623401694931,
643,PGEL,2021-10-01,2021-10-04,BUY,41273,40.179352934050705,1656665.7678791957,1905.4141329261474,1656.6657678789925,
644,HFCL,2021-10-01,2021-10-04,BUY,22715,73.00368305688973,1656622.0385986518,1905.3638376940507,1656.6220385984052,
645,ANGELONE,2021-11-01,2021-11-02,SELL,7062,112.63405438136265,796217.9099511341,1750.7239404005318,796.2179099511122,r2_exit
646,TEJASNET,2021-11-01,2021-11-02,SELL,3072,432.8094331779466,1330921.5002228748,2926.4301946901724,1330.9215002229903,r2_exit
647,JSWENERGY,2021-12-01,2021-12-02,SELL,3640,298.9313163880217,1089199.1908432422,2394.9311808262632,1089.1991908433847,r2_exit
648,ACE,2021-12-01,2021-12-02,SELL,3996,209.925859808108,839703.4392324319,1846.339922184267,839.7034392324276,r2_exit
649,ANANTRAJ,2021-12-01,2021-12-02,SELL,21254,62.03567094611749,1319825.9762650463,2902.033356611666,1319.8259762651287,rank_exit
650,HFCL,2021-12-01,2021-12-02,SELL,22715,71.02397711655654,1614924.564767349,3550.896133010494,1614.924564767396,r2_exit
651,TTML,2022-01-03,2022-01-04,BUY,5095,227.6774469451904,1158857.734451294,1332.8602232793346,1158.8577344513033,
652,TRIDENT,2022-01-03,2022-01-04,BUY,22820,50.83920542952952,1158991.6762256382,1333.0142764106859,1158.991676225327,
653,KPITTECH,2022-01-03,2022-01-04,BUY,1958,592.4740628744737,1158905.3097984213,1332.9149420645554,1158.905309798196,
654,JBMA,2022-01-03,2022-01-04,BUY,4642,249.91365057299245,1158940.225734097,1332.9551006280817,1158.9402257339098,
655,RPOWER,2022-01-03,2022-01-04,BUY,78311,14.814800190925597,1159002.8149366379,1333.027087599272,1159.0028149364516,
656,KPRMILL,2022-01-03,2022-01-04,BUY,1672,693.6841508258667,1158681.2189618873,1332.6572039891034,1158.6812189619523,
657,MAXHEALTH,2022-02-01,2022-02-02,SELL,2563,365.7634908989666,938390.2173914429,2063.3324100002865,938.3902173914248,rank_exit
658,TTML,2022-02-01,2022-02-02,SELL,5095,148.65120304870607,758136.015548706,1666.9894709883924,758.1360155486036,r2_exit
659,ANGELONE,2022-02-01,2022-02-02,BUY,6574,128.10700201880806,841334.0971744697,967.660411865334,841.3340971744619,
660,DEEPAKFERT,2022-02-01,2022-02-02,BUY,1541,546.5006888330806,841316.2452465309,967.6398794703418,841.3162452464458,
661,ADANIENT,2022-03-02,2022-03-03,SELL,679,1664.6141092729029,1131404.3845808818,2487.731960816235,1131.4043845806736,rank_exit
662,POONAWALLA,2022-03-02,2022-03-03,SELL,6367,238.86925809018635,1522402.9692294458,3347.4596487415274,1522.402969229268,rank_exit
663,ELECON,2022-03-02,2022-03-03,SELL,18247,73.06048428142259,1334469.1258089268,2934.230713828424,1334.4691258086823,r2_exit
664,OLECTRA,2022-03-02,2022-03-03,SELL,2668,655.2856413303185,1750052.1432125024,3848.014652495788,1750.0521432126407,r2_exit
665,SAREGAMA,2022-03-02,2022-03-03,SELL,4706,396.638284364943,1868448.2144358575,4108.343933901423,1868.448214435717,r2_exit
666,PGEL,2022-03-02,2022-03-03,SELL,41273,60.8922921661904,2515723.2978730495,5531.572387363258,2515.7232978730462,r2_exit
667,TRIDENT,2022-03-02,2022-03-03,SELL,22820,47.885100358455475,1093831.822001956,2405.1174102180184,1093.8318220020737,r2_exit
668,KPITTECH,2022-03-02,2022-03-03,SELL,1958,557.1778419468138,1092046.2607926542,2401.1913182309954,1092.046260792762,r2_exit
669,JBMA,2022-03-02,2022-03-03,SELL,4642,212.34097961679907,986673.5008820634,2169.49769373953,986.6735008821124,r2_exit
670,RPOWER,2022-03-02,2022-03-03,SELL,78311,13.436549809455872,1053282.9350633621,2315.958517617313,1053.2829350633547,r2_exit
671,PRAJIND,2022-04-01,2022-04-04,SELL,2599,376.63015024315456,979841.6020840427,2154.475714662344,979.8416020839941,rank_exit
672,BSE,2022-04-01,2022-04-04,BUY,4648,298.7599811640894,1387249.1433073804,1595.5446021750104,1387.24914330733,
673,USHAMART,2022-04-01,2022-04-04,BUY,11098,125.1198302696178,1387192.68364857,1595.4796650982462,1387.192683648318,
674,KPITTECH,2022-04-01,2022-04-04,BUY,2310,601.0894059492845,1387129.3983445028,1595.4068775058258,1387.1293983443175,
675,GMDCLTD,2022-04-01,2022-04-04,BUY,8051,172.47465904798003,1387206.273721566,1595.4952957206406,1387.2062737212982,
676,SAREGAMA,2022-04-01,2022-04-04,BUY,3045,455.9471444761907,1386972.0828471538,1595.2259410866536,1386.9720828470308,
677,HFCL,2022-04-01,2022-04-04,BUY,17123,81.09864381385948,1387264.8132115046,1595.5626249150373,1387.2648132112809,
678,JSL,2022-04-01,2022-04-04,BUY,6936,200.20195157690756,1387213.5226148162,1595.5036330353469,1387.2135226146784,
679,JWL,2022-04-01,2022-04-04,BUY,29141,47.652274704845524,1387247.689484419,1595.542930060532,1387.2476894843858,
680,TEJASNET,2022-04-01,2022-04-04,BUY,2959,469.2337796630859,1387075.6783447266,1595.3450914481655,1387.0756783445831,
681,SARDAEN,2022-04-01,2022-04-04,BUY,12404,111.94907407590418,1387229.0857517638,1595.5215329772327,1387.2290857515763,
682,RHIM,2022-04-01,2022-04-04,BUY,2293,605.3710411761718,1386729.0683486136,1594.946437961189,1386.729068348417,
683,ATGL,2022-05-02,2022-05-04,SELL,654,2443.968702056456,1599955.4866315539,3517.9821240053934,1599.9554866314866,rank_exit
684,KPITTECH,2022-05-02,2022-05-04,SELL,2310,526.0670399445193,1216431.2935654048,2674.6891282915212,1216.4312935653143,r2_exit
685,GMDCLTD,2022-05-02,2022-05-04,SELL,8051,153.55870455874526,1237538.6690715295,2721.1000255543427,1237.538669071393,r2_exit
686,HFCL,2022-05-02,2022-05-04,SELL,17123,67.60412229934691,1158744.1302619793,2547.846593620234,1158.7441302621737,r2_exit
687,JSL,2022-05-02,2022-05-04,SELL,6936,183.31889357337405,1272772.618443366,2798.572433433379,1272.7726184434723,rank_exit
688,RHIM,2022-05-02,2022-05-04,SELL,2293,603.1298850394131,1384361.1875829573,3043.933379257517,1384.3611875830684,rank_exit
689,ADANIENSOL,2022-06-01,2022-06-02,SELL,587,1953.094998779297,1147614.3786621094,2523.374495802218,1147.6143786620814,r2_exit
690,GRAVITA,2022-06-01,2022-06-02,SELL,5012,267.8734827154473,1343925.8211910129,2955.024095634719,1343.9258211909328,r2_exit
691,KPRMILL,2022-06-01,2022-06-02,SELL,1672,578.9819941921082,969026.9212104154,2130.6963943575074,969.0269212104613,r2_exit
692,ANGELONE,2022-06-01,2022-06-02,SELL,6574,137.45066378924577,904505.1689194212,1988.8259654200535,904.5051689194515,r2_exit
693,BSE,2022-06-01,2022-06-02,SELL,4648,236.95707547580204,1102478.9657773052,2424.1307499510385,1102.4789657772053,r2_exit
694,USHAMART,2022-06-01,2022-06-02,SELL,11098,111.85859032709276,1242649.2847348102,2732.337247274947,1242.6492847348563,r2_exit
695,SAREGAMA,2022-06-01,2022-06-02,SELL,3045,390.65837736675024,1190745.5045863409,2618.2112154843644,1190.745504586259,r2_exit
696,SARDAEN,2022-06-01,2022-06-02,SELL,12404,90.25558126509395,1120650.8808931184,2464.0871569076644,1120.6508808929939,r2_exit
697,BLS,2022-06-01,2022-06-02,BUY,13448,89.34091017515516,1200256.303731755,1380.47478773701,1200.256303731585,
698,ADANIPOWER,2022-06-01,2022-06-02,BUY,20570,58.40834847259521,1200259.468612671,1380.478427824797,1200.259468612494,
699,RENUKA,2022-06-01,2022-06-02,BUY,22950,52.352299236297604,1200284.9824905396,1380.5077726114541,1200.2849824903533,
700,SCHAEFFLER,2022-06-01,2022-06-02,BUY,516,2325.7861775750366,1198906.760867851,1378.9226110123564,1198.906760867918,
701,BDL,2022-06-01,2022-06-02,BUY,3023,397.376622835793,1200069.4613712311,1380.2598909961525,1200.0694613710511,
702,TATAPOWER,2022-06-01,2022-06-02,BUY,5352,224.4894913901532,1200267.4904296703,1380.4876541176345,1200.267490429571,
703,CHENNPETRO,2022-06-01,2022-06-02,BUY,4819,249.3142500315512,1200245.1257762692,1380.4619314116426,1200.2451257761568,
704,NAVA,2022-06-01,2022-06-02,BUY,14164,84.82343584909361,1200238.906460102,1380.4547782649752,1200.2389064598829,
705,HBLENGINE,2022-06-01,2022-06-02,BUY,12861,93.42163884335511,1200295.4017626275,1380.519756337162,1200.2954017624725,
706,PGEL,2022-06-01,2022-06-02,BUY,13498,89.0107154179654,1200266.3703413557,1380.486365847988,1200.2663703411818,
707,KEI,2022-06-01,2022-06-02,BUY,922,1301.751452159458,1199015.8230679526,1379.0480489013717,1199.0158230676316,
708,SWANCORP,2022-06-01,2022-06-02,BUY,4323,277.8743077243563,1200050.5817106818,1380.2381765544415,1200.050581710413,
709,TIMKEN,2022-06-01,2022-06-02,BUY,471,2550.085781735929,1199890.5126849378,1380.0540731642395,1199.890512684593,
710,SOLARINDS,2022-06-01,2022-06-02,BUY,459,2612.826186257616,1198089.1303618841,1377.9822132855188,1198.0891303615645,
711,DEEPAKFERT,2022-07-01,2022-07-04,SELL,1541,585.834038716648,903673.9275899444,1986.9982319846108,903.6739275897853,rank_exit
712,TEJASNET,2022-07-01,2022-07-04,SELL,2959,447.9398733901908,1326780.8662278026,2917.3257686619336,1326.780866228044,r2_exit
713,ADANIPOWER,2022-07-01,2022-07-04,SELL,20570,52.727218780517575,1085684.5748901367,2387.203243268479,1085.6845748901833,r2_exit
714,RENUKA,2022-07-01,2022-07-04,SELL,22950,45.85410152435303,1053405.035018921,2316.226990999603,1053.405035018921,r2_exit
715,BDL,2022-07-01,2022-07-04,SELL,3023,322.0803048789333,974623.3850340495,2143.0018990129706,974.6233850341523,r2_exit
716,TATAPOWER,2022-07-01,2022-07-04,SELL,5352,202.1799285699918,1083150.1278344304,2381.6305010823226,1083.1501278344076,r2_exit
717,CHENNPETRO,2022-07-01,2022-07-04,SELL,4819,249.6513910322677,1204274.3277122101,2647.958391773531,1204.2743277121335,r2_exit
718,NAVA,2022-07-01,2022-07-04,SELL,14164,80.7652530359475,1145104.1481493097,2517.85500095065,1145.1041481492575,rank_exit
719,SWANCORP,2022-07-01,2022-07-04,SELL,4323,185.46120173935083,802551.3264456593,1764.6498565887093,802.5513264456531,r2_exit
720,JWL,2022-08-01,2022-08-02,SELL,29141,59.11159458147584,1724295.2729717593,3791.380446210281,1724.2952729717363,rank_exit
721,HBLENGINE,2022-08-01,2022-08-02,SELL,12861,86.41289967048434,1112468.7714335325,2446.0963346279764,1112.4687714334577,rank_exit
722,SOLARINDS,2022-08-01,2022-08-02,SELL,459,2689.545799837396,1235737.2593847495,2717.1390859351477,1235.7372593847103,rank_exit
723,ADANIENSOL,2022-08-01,2022-08-02,BUY,345,3278.6753022460935,1130012.9663085938,1299.6844131997786,1130.01296630851,
724,ATGL,2022-08-01,2022-08-02,BUY,353,3208.808865082973,1131577.951422867,1301.4843808289152,1131.5779514226597,
725,ADANIPOWER,2022-08-01,2022-08-02,BUY,17629,64.26419694519042,1131781.7462005615,1301.71877539251,1131.7817462002859,
726,AWL,2022-08-01,2022-08-02,BUY,1571,720.9578621087786,1131493.3080648265,1301.3870282708667,1131.4933080647606,
727,ELECON,2022-08-01,2022-08-02,BUY,6461,175.34000894756971,1131740.0577524956,1301.6708274239209,1131.7400577522349,
728,USHAMART,2022-08-01,2022-08-02,BUY,7944,142.61582525890933,1131808.3075492266,1301.749324927805,1131.8083075492177,
729,LINDEINDIA,2022-08-01,2022-08-02,BUY,312,3626.457865488683,1130324.5295029664,1300.0427576077636,1130.3245295027737,
730,BDL,2022-08-01,2022-08-02,BUY,2843,398.4019516888504,1131525.2234279737,1301.4237357256934,1131.5252234279178,
731,TEJASNET,2022-08-01,2022-08-02,BUY,2371,477.7616634378197,1131641.2627483224,1301.5571983498521,1131.6412627480458,
732,TATAPOWER,2022-08-01,2022-08-02,BUY,5050,224.33549168915746,1131762.4705596857,1301.6966055140365,1131.7624705594499,
733,INDHOTEL,2022-08-01,2022-08-02,BUY,4240,267.1709841708691,1131673.2995849003,1301.5940455172677,1131.6732995845377,
734,HAL,2022-08-01,2022-08-02,BUY,1177,962.4705941707144,1131696.1931457852,1301.6203765466344,1131.696193145588,
735,LINDEINDIA,2022-09-01,2022-09-02,SELL,312,3359.4714557589436,1049204.2984952857,2306.9904115314635,1049.204298495315,rank_exit
736,TEJASNET,2022-09-01,2022-09-02,SELL,2371,666.9327154926136,1582880.3487817687,3480.4373109014064,1582.8803487818222,rank_exit
737,HAL,2022-09-01,2022-09-02,SELL,1177,1105.45122477557,1302418.5100709167,2863.757819944017,1302.418510071002,rank_exit
738,ELGIEQUIP,2022-09-01,2022-09-02,BUY,2651,491.9225274512752,1302783.8364368938,1498.3968294777442,1302.7838364366908,
739,JWL,2022-09-01,2022-09-02,BUY,16404,79.50327065674433,1302868.783070164,1498.4945308482274,1302.8687830700073,
740,ADANIGREEN,2022-09-01,2022-09-02,BUY,537,2427.274947753906,1302144.5024414062,1497.6614994828124,1302.144502441166,
741,TATAELXSI,2022-10-03,2022-10-04,SELL,439,8093.974111862554,3556811.4465542156,7820.717008683686,3556.811446554493,r2_exit
742,KEI,2022-10-03,2022-10-04,SELL,922,1420.4178126952609,1310936.159464495,2882.4864274305673,1310.9361594645306,rank_exit
743,ADANIENSOL,2022-10-03,2022-10-04,SELL,345,3240.756,1119180.0,2460.8529839999346,1119.1799999999348,r2_exit
744,USHAMART,2022-10-03,2022-10-04,SELL,7944,115.64687295973243,919618.3771692838,2022.0568877198987,919.6183771693613,r2_exit
745,TATAPOWER,2022-10-03,2022-10-04,SELL,5050,211.03808347661993,1066809.1306876182,2345.6999165558163,1066.8091306874994,r2_exit
746,ELGIEQUIP,2022-10-03,2022-10-04,SELL,2651,426.35008278679544,1131385.4549227175,2487.690338284268,1131.3854549229145,r2_exit
747,ADANIGREEN,2022-10-03,2022-10-04,SELL,537,2151.846,1156698.0,2543.347562400091,1156.6980000000913,r2_exit
748,CGPOWER,2022-11-01,2022-11-02,SELL,11251,258.5561038975744,2911926.6516032126,6402.744321544543,2911.926651602611,rank_exit
749,SCHAEFFLER,2022-11-01,2022-11-02,SELL,516,2714.7659962754715,1402221.475553697,3083.2045804474706,1402.2214755536988,r2_exit
750,TIMKEN,2022-11-01,2022-11-02,SELL,471,2806.526896899242,1323197.3658053481,2909.4463679327255,1323.1973658052739,rank_exit
751,INDHOTEL,2022-11-01,2022-11-02,SELL,4240,337.63523236083984,1433006.3916015625,3150.8944538535898,1433.006391601637,rank_exit
752,ELGIEQUIP,2022-11-01,2022-11-02,BUY,3233,485.5639625039358,1568260.0307444802,1803.734274360584,1568.2600307441317,
753,MAZDOCK,2022-11-01,2022-11-02,BUY,5109,307.29287620594135,1568390.9136225318,1803.8848093033303,1568.3909136226866,
754,ADANIENT,2022-11-01,2022-11-02,BUY,438,3577.071595502335,1565192.1666633596,1800.205770487897,1565.1921666632406,
755,DEEPAKFERT,2022-11-01,2022-11-02,BUY,1767,888.122760924796,1567745.173380734,1803.142111164052,1567.7451733807102,
756,KPITTECH,2022-11-01,2022-11-02,BUY,2241,700.6097108898459,1568497.864239905,1804.0078185554594,1568.4978642396163,
757,GRSE,2022-11-01,2022-11-02,BUY,3557,441.33358945683784,1568255.3223755967,1803.7288590304088,1568.2553223755676,
758,APARINDS,2022-11-01,2022-11-02,BUY,1115,1407.6394816910488,1567950.072013506,1803.377775326604,1567.9500720135402,
759,TARIL,2022-11-01,2022-11-02,BUY,54977,28.55839351477207,1568486.3139476764,1803.9945339870173,1568.4863139477093,
760,HSCL,2022-11-01,2022-11-02,BUY,15305,102.58542672841838,1568501.4546238198,1804.0119480355643,1568.501454623649,
761,VBL,2022-11-01,2022-11-02,BUY,7136,220.00723352943976,1568403.2152508316,1803.8989580206107,1568.403215250466,
762,TIINDIA,2022-11-01,2022-11-02,BUY,561,2794.3623722708203,1566071.219624306,1801.2168132506777,1566.0712196240202,
763,FLUOROCHEM,2022-12-01,2022-12-02,SELL,566,3468.9889489395705,1965413.1582580549,4321.550452377714,1965.4131582579575,rank_exit
764,PGEL,2022-12-01,2022-12-02,SELL,13498,97.82696294389915,1321790.1359527034,2906.3521509327447,1321.790135952644,rank_exit
765,ADANIPOWER,2022-12-01,2022-12-02,SELL,17629,65.73420304870605,1159988.2537994385,2550.5821724542666,1159.9882537995,r2_exit
766,AWL,2022-12-01,2022-12-02,SELL,1571,645.876200303818,1015687.1978751732,2233.293010687873,1015.6871978751151,r2_exit
767,DEEPAKFERT,2022-12-01,2022-12-02,SELL,1767,773.9523196885584,1368942.691581264,3010.03119024871,1368.942691581091,r2_exit
768,KPITTECH,2022-12-01,2022-12-02,SELL,2241,693.9506010657723,1556699.9969853812,3422.87195337157,1556.699996985495,rank_exit
769,TIINDIA,2022-12-01,2022-12-02,SELL,561,2783.8081350854286,1563279.6434263517,3437.339279965694,1563.2796434261836,rank_exit
770,RHIM,2022-12-01,2022-12-02,BUY,1787,792.1396425661217,1414139.4018637957,1626.4724330538884,1414.1394018637948,
771,RVNL,2022-12-01,2022-12-02,BUY,19612,72.17852884674072,1414151.1565856934,1626.4859527470544,1414.1511565856636,
772,GESHIP,2022-12-01,2022-12-02,BUY,2380,594.6937276969774,1413957.1148040022,1626.2627755918074,1413.9571148038376,
773,HAL,2022-12-01,2022-12-02,BUY,1071,1321.1343768351564,1413521.3961942585,1625.7616338327061,1413.521396194119,
774,RENUKA,2022-12-01,2022-12-02,BUY,24551,57.65759847259521,1414137.562538147,1626.4703175532632,1414.1375625380315,
775,LEMONTREE,2022-12-01,2022-12-02,BUY,14364,98.54844694519042,1414135.7561645508,1626.4682399525773,1414.1357561643235,
776,KARURVYSYA,2022-12-01,2022-12-02,BUY,17739,79.79739758064142,1414111.9237592388,1626.4408291119616,1414.1119237593375,
777,ELGIEQUIP,2023-01-02,2023-01-03,SELL,3233,412.77295870278175,1335830.8062923858,2937.2247768756724,1335.8308062923606,r2_exit
778,TARIL,2023-01-02,2023-01-03,SELL,54977,27.95322734281354,1538322.9025283884,3382.464398079368,1538.3229025283363,rank_exit
779,ATGL,2023-02-01,2023-02-02,SELL,353,1703.6554790039063,601992.3764648438,1323.6608373709391,601.9923764648847,r2_exit
780,ADANIENT,2023-02-01,2023-02-02,SELL,438,2342.2395823820275,1026927.8649482762,2258.008989448165,1026.9278649481712,r2_exit
781,HSCL,2023-02-01,2023-02-02,SELL,15305,88.3788627802883,1353992.4873396521,2977.158681162543,1353.9924873397686,rank_exit
782,RENUKA,2023-02-01,2023-02-02,SELL,24551,47.80214847564697,1174765.312538147,2583.07396920898,1174.7653125382494,r2_exit
783,JWL,2023-03-01,2023-03-02,SELL,16404,101.51126695036994,1666857.6807346032,3665.0866683993545,1666.8576807347126,r2_exit
784,RHIM,2023-03-01,2023-03-02,SELL,1787,638.0677732870911,1141368.4793433752,2509.641012380202,1141.368479343364,r2_exit
785,RVNL,2023-03-01,2023-03-02,SELL,19612,59.4295111331632,1166698.270614211,2565.3361574265746,1166.698270614259,r2_exit
786,GESHIP,2023-03-01,2023-03-02,SELL,2380,499.6218176838335,1190290.2163038275,2617.2101276086914,1190.2902163036633,r2_exit
787,LEMONTREE,2023-03-01,2023-03-02,SELL,14364,78.62129695129394,1130446.7561645508,2485.626327454607,1130.4467561645433,r2_exit
788,MAZDOCK,2023-04-03,2023-04-05,SELL,5109,320.4624471148711,1638881.5238337102,3603.572694605695,1638.881523833843,r2_exit
789,KIRLOSENG,2023-04-03,2023-04-05,BUY,3217,386.1297587348625,1240938.495354698,1427.2654104321264,1240.938495354494,
790,TITAGARH,2023-04-03,2023-04-05,BUY,4468,278.0180228905195,1240943.5826921489,1427.2712616336066,1240.9435826921836,
791,RVNL,2023-04-03,2023-04-05,BUY,16874,73.61921332095469,1241009.5959818077,1427.3471868182532,1241.0095959815662,
792,FINCABLES,2023-04-03,2023-04-05,BUY,1555,798.4636374791006,1240370.5856943072,1426.6122291362844,1240.3705856942106,
793,CIEINDIA,2023-04-03,2023-04-05,BUY,3564,348.5214307892119,1240889.4898429085,1427.209046742646,1240.8894898425788,
794,INDIANB,2023-04-03,2023-04-05,BUY,4689,264.8886992201654,1240822.2883550008,1427.1317549515516,1240.8222883548588,
795,DATAPATTNS,2023-04-03,2023-04-05,BUY,882,1408.0482640344837,1240657.9109674473,1426.942696299171,1240.6579109672457,
796,ANANTRAJ,2023-04-03,2023-04-05,BUY,9937,125.0101401099537,1240984.7774951148,1427.3186418360565,1240.9847774950322,
797,GESHIP,2023-04-03,2023-04-05,BUY,2200,564.4180805282457,1240479.2978642765,1426.7372644385323,1240.479297864018,
798,ACE,2023-04-03,2023-04-05,BUY,3007,413.0478142750765,1240793.9835416134,1427.0992001704872,1240.7939835416619,
799,AEGISLOG,2023-04-03,2023-04-05,BUY,3419,363.29862187368843,1240877.1110750658,1427.1948093029205,1240.8771110749803,
800,CHOICEIN,2023-04-03,2023-04-05,BUY,8709,142.64249999999998,1241032.5,1427.3735298751853,1241.032499999972,
801,BDL,2023-05-02,2023-05-03,SELL,2843,488.3840050240984,1389865.5918753871,3056.036463415491,1389.8655918752775,rank_exit
802,GRSE,2023-05-02,2023-05-03,SELL,3557,485.52750384279494,1728750.0812500718,3801.1756786527967,1728.7500812502112,rank_exit
803,GESHIP,2023-05-02,2023-05-03,SELL,2200,593.3118974640948,1306592.7671881968,2872.936176493303,1306.5927671880927,rank_exit
804,FACT,2023-05-02,2023-05-03,BUY,4201,348.89837487583196,1464257.815038332,1684.1161259661894,1464.2578150380868,
805,UCOBANK,2023-05-02,2023-05-03,BUY,50136,29.241248551609154,1464574.662720756,1684.4805483282544,1464.5746627205517,
806,MAZDOCK,2023-05-02,2023-05-03,BUY,3855,380.2867324633666,1464540.812833445,1684.4416158802342,1464.5408128332347,
807,BLS,2023-06-01,2023-06-02,SELL,13448,181.09689571214804,2437828.882419386,5360.298146663399,2437.8288824190386,rank_exit
808,HAL,2023-06-01,2023-06-02,SELL,1071,1492.7998565621112,1600389.0354134347,3518.935411067133,1600.3890354135074,rank_exit
809,INDIANB,2023-06-01,2023-06-02,SELL,4689,250.564809817859,1176074.4677036444,2585.9525395868286,1176.0744677037,rank_exit
810,AEGISLOG,2023-06-01,2023-06-02,SELL,3419,333.51102889576487,1141415.623418038,2509.744672771367,1141.4156234178226,rank_exit
811,UCOBANK,2023-06-01,2023-06-02,SELL,50136,26.963966402345793,1353218.6381861947,2975.45714164372,1353.2186381861102,r2_exit
812,TARIL,2023-06-01,2023-06-02,BUY,36403,42.18853648757934,1534255.0387186322,1764.6234327822458,1534.2550387184601,
813,JINDALSAW,2023-06-01,2023-06-02,BUY,13014,118.01182700649986,1534271.6450175717,1764.6425325169694,1534.271645017434,
814,NEULANDLAB,2023-06-01,2023-06-02,BUY,557,2757.051698298747,1534143.6523001022,1764.4953216928989,1534.1436522998847,
815,CEMPRO,2023-06-01,2023-06-02,BUY,9376,163.8005154394229,1534259.3733866424,1764.6284183007665,1534.2593733866233,
816,JSL,2023-06-01,2023-06-02,BUY,5295,290.04130462209747,1534234.4735005058,1764.5997796966694,1534.2344735004008,
817,VBL,2023-07-03,2023-07-04,SELL,7136,324.63196472933845,2318892.592901461,5098.7810332721,2318.8925929018296,rank_exit
818,CHOICEIN,2023-07-03,2023-07-04,SELL,8709,177.2225939025879,1544976.5468444824,3397.0944312016327,1544.9765468444675,rank_exit
819,JWL,2023-07-03,2023-07-04,BUY,10567,181.86373875933072,1919834.2931766713,2208.0974122970365,1919.83429317642,
820,JBMA,2023-07-03,2023-07-04,BUY,2770,693.6118562974448,1919385.456487435,2207.581182778813,1919.3854564870708,
821,ELECON,2023-08-01,2023-08-02,SELL,6461,388.29953752443015,2511314.626571915,5521.878600906134,2511.3146265717223,rank_exit
822,KARURVYSYA,2023-08-01,2023-08-02,SELL,17739,100.34383480961046,1781781.0667544345,3917.7802095798156,1781.7810667546,rank_exit
823,CIEINDIA,2023-08-01,2023-08-02,SELL,3564,480.7926319490074,1715260.200466729,3771.5141287862425,1715.2602004667278,rank_exit
824,TARIL,2023-08-01,2023-08-02,SELL,36403,43.42336065329844,1582322.920782806,3479.211638217152,1582.3229207827244,r2_exit
825,CEMPRO,2023-08-01,2023-08-02,SELL,9376,183.56186708261708,1722798.8646312489,3788.0901435509236,1722.7988646309823,rank_exit
826,ZENTEC,2023-08-01,2023-08-02,BUY,2952,628.6355774891374,1853878.3464015322,2132.2381801139563,1853.8783464014996,
827,SUZLON,2023-08-01,2023-08-02,BUY,95810,19.369350381851195,1853923.5365486145,2132.290155561408,1853.923536548391,
828,RKFORGE,2023-08-01,2023-08-02,BUY,3330,557.240062048715,1853755.65097125,2132.0970619646832,1853.7556509710848,
829,UJJIVANSFB,2023-08-01,2023-08-02,BUY,37854,49.02404371782083,1853902.2486457443,2132.265671279747,1853.9022486454342,
830,NCC,2023-08-01,2023-08-02,BUY,12549,147.87497516957023,1853829.2341687682,2132.1816936791874,1853.829234168632,
831,KIRLOSENG,2023-09-01,2023-09-04,SELL,3217,485.64530668670636,1563884.836447582,3438.669978381019,1563.884836447658,rank_exit
832,HBLENGINE,2023-09-01,2023-09-04,BUY,5644,274.54185276397646,1547966.250749134,1780.3933832992334,1547.966250749072,
833,FINCABLES,2023-10-03,2023-10-04,SELL,1555,1077.5275140113272,1677232.5168044183,3687.8988579496136,1677.2325168044772,rank_exit
834,DATAPATTNS,2023-10-03,2023-10-04,SELL,882,2094.182120936431,1848917.5482141466,4065.3999050134366,1848.9175482143182,rank_exit
835,ACE,2023-10-03,2023-10-04,SELL,3007,665.902978841969,2004374.6320098108,4407.218940863364,2004.3746320100036,rank_exit
836,JWL,2023-10-03,2023-10-04,SELL,10567,305.88500474609236,3235522.367519478,7114.266581702142,3235.522367519792,r2_exit
837,NCC,2023-10-03,2023-10-04,SELL,12549,155.8956485048926,1958292.785873771,4305.8941775793455,1958.2927858738694,rank_exit
838,JBMA,2023-11-01,2023-11-02,SELL,2770,610.0946724307735,1691653.8965297723,3719.608587689584,1691.6538965296932,r2_exit
839,UJJIVANSFB,2023-11-01,2023-11-02,SELL,37854,51.14780941900764,1938087.2650121273,4261.466278308626,1938.0872650120873,rank_exit
840,MAZDOCK,2023-12-01,2023-12-04,SELL,3855,1000.9678239910564,3862593.555040563,8493.070708823285,3862.5935550406575,rank_exit
841,BSE,2023-12-01,2023-12-04,BUY,2674,848.5670386581372,2266801.459911947,2607.161699117627,2266.801459911745,
842,JWL,2023-12-01,2023-12-04,BUY,6589,344.36174845306857,2266732.8277295395,2607.082761813421,2266.7328277295455,
843,NEWGEN,2023-12-01,2023-12-04,BUY,3146,721.2080075459122,2266653.738001439,2606.991796762217,2266.653738000896,
844,RECLTD,2023-12-01,2023-12-04,BUY,6634,342.0583613927258,2266948.221258085,2607.3304966799915,2266.948221257888,
845,PFC,2023-12-01,2023-12-04,BUY,6651,341.15743907133293,2266771.3559075277,2607.127074996941,2266.7713559074327,
846,ANANDRATHI,2023-12-01,2023-12-04,BUY,3418,663.8910688952261,2266912.76072316,2607.2897117459215,2266.9127607229166,
847,CHENNPETRO,2023-12-01,2023-12-04,BUY,3721,609.8033599375781,2266811.4908368913,2607.1732361861505,2266.8114908365533,
848,KALYANKJIL,2023-12-01,2023-12-04,BUY,6702,338.5880408396193,2266950.099607521,2607.33265706338,2266.9500996069983,
849,ANANTRAJ,2024-02-01,2024-02-02,SELL,9937,315.3260042300319,3136531.035068896,6896.604439909503,3136.5310350689106,rank_exit
850,FACT,2024-02-01,2024-02-02,SELL,4201,839.49145777386,3530233.8479559417,7762.27818488529,3530.2338479557075,rank_exit
851,JSL,2024-02-01,2024-02-02,SELL,5295,565.033733551707,2994848.4676239127,6585.072810611826,2994.8484676242806,rank_exit
852,KALYANKJIL,2024-02-01,2024-02-02,SELL,6702,334.08516652641373,2241280.066126151,4928.126609398056,2241.280066126026,rank_exit
853,GVT&D,2024-02-01,2024-02-02,BUY,4342,681.9780356899728,2958190.440525337,3402.3627351699397,2958.190440524835,
854,IRFC,2024-02-01,2024-02-02,BUY,17734,166.99971600838032,2958614.349343274,3402.8502938970923,2958.6143493428826,
855,IFCI,2024-02-01,2024-02-02,BUY,46593,63.56349999999999,2958655.5,3402.8976233247668,2958.6554999994114,
856,TARIL,2024-02-01,2024-02-02,BUY,17164,172.54082068354558,2958532.1140982783,3402.755711030215,2958.5321140978485,
857,APARINDS,2024-03-01,2024-03-04,SELL,1115,6181.867543059159,6899681.992503466,15171.020765116968,6899.681992503814,rank_exit
858,RVNL,2024-03-01,2024-03-04,SELL,16874,246.68470395747747,4166724.418997472,9161.79365249147,4166.724418997299,r2_exit
859,RKFORGE,2024-03-01,2024-03-04,SELL,3330,784.2691434296472,2614230.4780988237,5748.169975243485,2614.230478098616,rank_exit
860,IFCI,2024-03-01,2024-03-04,SELL,46593,45.90405076217651,2140948.385547638,4707.517310142354,2140.9483855478466,r2_exit
861,INOXWIND,2024-03-01,2024-03-04,BUY,28484,138.30066860961912,3935420.823852539,4526.324260553811,3935.420823852066,
862,FORCEMOT,2024-03-01,2024-03-04,BUY,594,6625.1379979173225,3931400.570192697,4521.700365807395,3931.4005701923743,
863,OLECTRA,2024-03-01,2024-03-04,BUY,1991,1977.7828342001405,3933831.791101379,4524.4966345354915,3933.8317911010236,
864,HUDCO,2024-03-01,2024-03-04,BUY,21575,182.5880656642386,3935402.114591357,4526.302742097527,3935.4021145910956,
865,ZENTEC,2024-04-01,2024-04-02,SELL,2952,958.6099497006613,2832649.2207370894,6228.429106556785,2832.649220737163,rank_exit
866,HBLENGINE,2024-04-01,2024-04-02,SELL,5644,461.81938819776497,2609117.7447329187,5736.928097118936,2609.117744733114,r2_exit
867,SCHNEIDER,2024-04-01,2024-04-02,BUY,3309,817.8169999999999,2703453.0,3109.3764679501764,2703.4529999997467,
868,ACE,2024-04-01,2024-04-02,BUY,1685,1605.6351579267707,2702792.448657951,3108.6167348241434,2702.7924486580305,
869,TITAGARH,2024-05-02,2024-05-03,SELL,4468,1057.1056801068141,4727876.0547720175,10395.653869232869,4727.876054772176,rank_exit
870,OLECTRA,2024-05-02,2024-05-03,SELL,1991,1730.091647639914,3448060.530982051,7581.595495523263,3448.0605309819803,rank_exit
871,COCHINSHIP,2024-05-02,2024-05-03,BUY,3095,1315.834976169713,4068440.810434827,4679.31719812192,4068.4408104345202,
872,GALLANTT,2024-05-02,2024-05-03,BUY,12530,325.01662241216326,4068389.8889354705,4679.258630759083,4068.3898889352567,
873,JINDALSAW,2024-06-03,2024-06-04,SELL,13014,267.777630584533,3488346.43085797,7670.176132170201,3488.346430857666,rank_exit
874,NEULANDLAB,2024-06-03,2024-06-04,SELL,557,6135.554952281826,3420925.0334544317,7521.92996355949,3420.9250334543176,r2_exit
875,NEWGEN,2024-06-03,2024-06-04,SELL,3146,883.396248655838,2781946.5448160823,6116.944062741306,2781.946544815786,rank_exit
876,CHENNPETRO,2024-06-03,2024-06-04,SELL,3721,873.2654392820536,3252673.372941463,7151.978212423317,3252.6733729410917,rank_exit
877,SCHNEIDER,2024-06-03,2024-06-04,SELL,3309,743.6556243896484,2463219.680786133,5416.127434112548,2463.219680786133,r2_exit
878,ACE,2024-06-03,2024-06-04,SELL,1685,1443.2791475154374,2434359.7232867987,5352.670159562917,2434.3597232867032,rank_exit
879,IFCI,2024-06-03,2024-06-04,BUY,48593,60.96090152740478,2959313.7741470337,3403.654737335164,2959.3137741466053,
880,HBLENGINE,2024-06-03,2024-06-04,BUY,5911,501.1066519814519,2959082.3375248373,3403.3885505045764,2959.082337524742,
881,TITAGARH,2024-06-03,2024-06-04,BUY,1994,1484.9593108370075,2958050.8149939994,3402.2021448654123,2958.0508149936795,
882,MAZDOCK,2024-06-03,2024-06-04,BUY,1874,1580.6637723735587,2959204.704723326,3403.5292911371216,2959.2047047228552,
883,SJVN,2024-06-03,2024-06-04,BUY,21566,137.35326837312445,2959201.384350452,3403.5254722102545,2959.201384349726,
884,TECHNOE,2024-06-03,2024-06-04,BUY,2007,1475.8466907541747,2959065.243100528,3403.3688893523067,2959.065243100282,
885,TITAGARH,2024-08-01,2024-08-02,SELL,1994,1535.7950619720605,3065440.794366655,6740.291218653158,3065.440794366412,rank_exit
886,MAZDOCK,2024-08-01,2024-08-02,SELL,1874,2453.352516278357,4602184.800305947,10119.283938912173,4602.184800305404,rank_exit
887,SJVN,2024-08-01,2024-08-02,SELL,21566,137.07884981270556,2959201.6767375455,6506.692646810487,2959.201676737517,rank_exit
888,RVNL,2024-08-01,2024-08-02,BUY,6165,571.7390763718707,3521250.1556769065,4049.9658665517345,3521.250155676622,
889,NBCC,2024-08-01,2024-08-02,BUY,30635,115.0699476192888,3521646.199117795,4050.421375915408,3521.6461991174147,
890,IREDA,2024-08-01,2024-08-02,BUY,13938,252.91299705412436,3521579.7731672185,4050.3449761080556,3521.5797731666826,
891,JWL,2024-09-02,2024-09-03,SELL,6589,552.3502930846126,3643079.1602948075,8010.402457656376,3643.079160294961,r2_exit
892,RECLTD,2024-09-02,2024-09-03,SELL,6634,561.9852229043288,3731941.9106579754,8205.793873154813,3731.9419106580317,rank_exit
893,PFC,2024-09-02,2024-09-03,SELL,6651,500.6773905269414,3333338.663057745,7329.345052331514,3333.33866305789,rank_exit
894,ANANDRATHI,2024-09-02,2024-09-03,SELL,3418,928.4841212656003,3176735.4619477694,6985.005933730494,3176.735461947508,rank_exit
895,COCHINSHIP,2024-09-02,2024-09-03,SELL,3095,1873.6837533507367,5804856.072693223,12763.717532637767,5804.856072693132,r2_exit
896,HBLENGINE,2024-09-02,2024-09-03,SELL,5911,634.8027480274396,3756075.1187089044,8258.857971017125,3756.07511870889,rank_exit
897,WOCKPHARMA,2024-09-02,2024-09-03,BUY,3651,1066.0649999999998,3888315.0,4472.145497249905,3888.3149999994785,
898,OIL,2024-09-02,2024-09-03,BUY,5684,684.8552980390642,3888828.6853686725,4472.736312476918,3888.8286853684112,
899,TRENT,2024-09-02,2024-09-03,BUY,542,7171.435121982196,3883034.8013130375,4466.072476730216,3883.0348013127223,
900,NETWEB,2024-09-02,2024-09-03,BUY,1391,2797.6641579240736,3887663.180491895,4471.395807042718,3887.6631804914214,
901,MCX,2024-09-02,2024-09-03,BUY,3790,1027.0238365575547,3888531.808744388,4472.394859827589,3888.5318087441847,
902,STAR,2024-09-02,2024-09-03,BUY,2879,1352.0318729244525,3888611.1509985006,4472.486115321051,3888.6111509981565,
903,IRFC,2024-10-01,2024-10-03,SELL,17734,148.22909435628145,2631326.0853996947,5785.759796576525,2631.3260853993706,r2_exit
904,FORCEMOT,2024-10-01,2024-10-03,SELL,594,7596.558137846246,4516872.406286957,9931.699046943922,4516.872406287119,r2_exit
905,HUDCO,2024-10-01,2024-10-03,SELL,21575,217.00439046485948,4686556.280559903,10304.799949695072,4686.55628055986,r2_exit
906,IFCI,2024-10-01,2024-10-03,SELL,48593,63.38655076217651,3083225.887073517,6779.3970804974015,3083.2258870736696,r2_exit
907,IREDA,2024-10-01,2024-10-03,SELL,13938,223.58948484677666,3119509.749543917,6859.178037297101,3119.509749543853,r2_exit
908,OIL,2024-10-01,2024-10-03,SELL,5684,545.2706834051328,3102420.9854602353,6821.6032628304765,3102.420985460747,r2_exit
909,STAR,2024-10-01,2024-10-03,SELL,2879,1415.5140293390264,4079344.2347017587,8969.66210326218,4079.3442347017117,universe_exit
910,PCBL,2024-10-01,2024-10-03,BUY,6725,533.6232709257179,3585031.465509943,4123.3239400559105,3585.0314655094407,
911,SIGNATURE,2024-10-01,2024-10-03,BUY,2253,1592.591,3584523.0,4122.739128449932,3584.522999999579,
912,PGEL,2024-10-01,2024-10-03,BUY,5813,617.3448630461536,3585040.648239052,4123.334501571953,3585.0406482387334,
913,POWERINDIA,2024-10-01,2024-10-03,BUY,251,14245.655469525746,3572087.4354155473,4108.436363842338,3572.087435414549,
914,KALYANKJIL,2024-10-01,2024-10-03,BUY,4959,723.6075471385994,3584785.0412190957,4123.040515158325,3584.785041219089,
915,NEULANDLAB,2024-10-01,2024-10-03,BUY,291,12329.335333703004,3584252.3297777963,4122.427817094605,3584.252329777926,
916,GODFRYPHLP,2024-10-01,2024-10-03,BUY,1646,2179.53125527287,3583924.5216574874,4122.0507885837,3583.924521656707,
917,SUZLON,2024-11-01,2024-11-04,SELL,95810,68.12181243896484,6533284.133911133,14365.38515364473,6533.284133912064,rank_exit
918,RVNL,2024-11-01,2024-11-04,SELL,6165,463.4883694731155,2860266.0638656225,6289.153021227848,2860.26606386574,r2_exit
919,NBCC,2024-11-01,2024-11-04,SELL,30635,98.71953674356573,3027300.3084475836,6656.427918214295,3027.300308447331,r2_exit
920,PCBL,2024-11-01,2024-11-04,SELL,6725,404.90563821982033,2725716.1331614535,5993.304633595863,2725.7161331619136,r2_exit
921,KALYANKJIL,2024-11-01,2024-11-04,SELL,4959,661.500136342695,3283662.838962387,7220.117850310504,3283.6628389623947,rank_exit
922,BSE,2024-12-02,2024-12-03,SELL,2674,1513.7014657521208,4051689.408830001,8908.854672135305,4051.6894088299014,rank_exit
923,INOXWIND,2024-12-02,2024-12-03,SELL,28484,202.24754695129394,5766585.7130737305,12679.568665906398,5766.585713073611,r2_exit
924,TECHNOE,2024-12-02,2024-12-03,SELL,2007,1434.1836117760963,2881287.7966312566,6335.375607233005,2881.2877966314554,rank_exit
925,MCX,2024-12-02,2024-12-03,SELL,3790,1255.2541679753574,4762175.4720987035,10471.071428051258,4762.175472099334,rank_exit
926,SIGNATURE,2024-12-02,2024-12-03,SELL,2253,1350.5481243896484,3045830.755004883,6697.172664104977,3045.830755005125,r3_exit
927,POWERINDIA,2024-12-02,2024-12-03,SELL,251,12207.568426371614,3067166.8418611363,6744.0864518844555,3067.1668418613262,r2_exit
928,GODFRYPHLP,2024-12-02,2024-12-03,SELL,1646,1853.468987352651,3053863.8169994634,6714.835760818786,3053.8638169998303,r2_exit
929,DIXON,2024-12-02,2024-12-03,BUY,219,17009.43108406088,3721344.0633459873,4280.103874457534,3721.3440633458085,
930,OFSS,2024-12-02,2024-12-03,BUY,326,11463.440058203494,3733348.110863476,4293.910329709295,3733.3481108630076,
931,JYOTICNC,2024-12-02,2024-12-03,BUY,2931,1276.1248255615233,3736585.278442383,4297.633557999972,3736.585278441664,
932,JUBLPHARMA,2024-12-02,2024-12-03,BUY,3111,1202.6703210123032,3737769.599070206,4298.995704370085,3737.7695990693755,
933,ANANTRAJ,2024-12-02,2024-12-03,BUY,5208,718.3732653449489,3737550.415500993,4298.743610388599,3737.5504155009985,
934,NATIONALUM,2024-12-02,2024-12-03,BUY,16374,228.49804881991227,3737689.3620152287,4298.903419721406,3737.689362014644,
935,AEGISLOG,2024-12-02,2024-12-03,BUY,4547,822.7217250220547,3737178.505170113,4298.315857721493,3737.1785051696934,
936,KAYNES,2024-12-02,2024-12-03,BUY,588,6355.999552246093,3733594.142578125,4294.193303085864,3733.594142577611,
937,TIMETECHNO,2024-12-02,2024-12-03,BUY,16707,223.94536951019035,3737717.5708359145,4298.935864096973,3737.7175708357245,
938,ZENTEC,2024-12-02,2024-12-03,BUY,1969,1900.2274943533357,3737810.126255463,4299.042316712905,3737.8101262552664,
939,CHOICEIN,2024-12-02,2024-12-03,BUY,6981,535.9354244384765,3737627.5704345703,4298.832350135315,3737.627570434008,
940,ETERNAL,2024-12-02,2024-12-03,BUY,13363,279.97971221923825,3737631.2631225586,4298.836597280111,3737.6312631219625,
941,NATIONALUM,2025-01-01,2025-01-02,SELL,16374,200.60632713415455,3288016.0165111576,7229.689617104357,3288.016016510781,rank_exit
942,TARIL,2025-02-01,2025-02-03,SELL,17164,404.97645970224875,6957973.928257654,15299.193073452168,6957.973928256892,r2_exit
943,TRENT,2025-02-01,2025-02-03,SELL,542,6191.0616663879755,3358914.3375198026,7385.580845338761,3358.914337520022,r2_exit
944,NETWEB,2025-02-01,2025-02-03,SELL,1391,1754.9682691685116,2443604.4668802796,5372.99750177582,2443.6044668797404,r2_exit
945,PGEL,2025-02-01,2025-02-03,SELL,5813,801.2943425703696,4662586.59996152,10252.095415995724,4662.5865999618545,r2_exit
946,NEULANDLAB,2025-02-01,2025-02-03,SELL,291,14084.101073640375,4102575.988417767,9020.744083333175,4102.575988417957,r2_exit
947,DIXON,2025-02-01,2025-02-03,SELL,219,14559.039865533441,3191621.3519037273,7017.737028565958,3191.62135190377,r2_exit
948,OFSS,2025-02-01,2025-02-03,SELL,326,8189.774355788766,2672538.978966104,5876.378706950518,2672.538978965953,r2_exit
949,JYOTICNC,2025-02-01,2025-02-03,SELL,2931,998.9001243896485,2930706.971557617,6444.0384890606165,2930.7069715573452,r2_exit
950,JUBLPHARMA,2025-02-01,2025-02-03,SELL,3111,945.0924457397219,2943125.7244206956,6471.344842855947,2943.125724420417,r2_exit
951,ANANTRAJ,2025-02-01,2025-02-03,SELL,5208,632.5629662961227,3297685.6140842913,7250.951128248607,3297.6856140843593,r2_exit
952,AEGISLOG,2025-02-01,2025-02-03,SELL,4547,670.588716018795,3052219.110848309,6711.219380932869,3052.2191108479165,universe_exit
953,KAYNES,2025-02-01,2025-02-03,SELL,588,4745.2997548828125,2793029.28515625,6141.312792201481,2793.029285156168,r2_exit
954,TIMETECHNO,2025-02-01,2025-02-03,SELL,16707,192.81541172724735,3224591.6754025244,7090.232175875608,3224.5916754030623,r2_exit
955,ZENTEC,2025-02-01,2025-02-03,SELL,1969,1779.7732551965955,3507881.4209029996,7713.129668281424,3507.881420902908,r2_exit
956,ETERNAL,2025-02-01,2025-02-03,SELL,13363,233.7560154876709,3126808.4434051514,6875.226405359295,3126.8084434052,r2_exit
957,BSE,2025-02-01,2025-02-03,BUY,1956,1768.5252151068335,3455779.5412077587,3974.6648393203504,3455.7795412074775,
958,CARTRADE,2025-02-01,2025-02-03,BUY,1974,1751.7499999999998,3454500.0,3973.193174999673,3454.4999999995343,
959,ACUTAAS,2025-02-01,2025-02-03,BUY,2868,1206.1030935053363,3455648.024149156,3974.5135749746114,3455.6480241483077,
960,BLUEJET,2025-02-01,2025-02-03,BUY,4567,757.4254809618974,3455706.465087898,3974.5807908205315,3455.7064650873654,
961,PTCIL,2025-02-01,2025-02-03,BUY,235,14714.699999999999,3454500.0,3973.193174999673,3454.4999999995343,
962,LLOYDSME,2025-02-01,2025-02-03,BUY,2879,1201.5854333750322,3455908.5541325854,3974.8132235356607,3455.9085541320965,
963,MAZDOCK,2025-02-01,2025-02-03,BUY,1496,2311.1191528660324,3453980.2724151695,3972.5954103185795,3453.980272415094,
964,SARDAEN,2025-02-01,2025-02-03,BUY,7576,456.6068008451158,3455797.325876721,3974.685294356663,3455.797325876076,
965,LTFOODS,2025-02-01,2025-02-03,BUY,9065,381.6002027729236,3455750.088048504,3974.63096376881,3455.7500880481675,
966,BLUESTARCO,2025-02-01,2025-02-03,BUY,1744,1982.7054934885903,3454383.9966474543,3973.0597537443973,3454.383996647317,
967,M&M,2025-02-01,2025-02-03,BUY,1151,3003.7274586733697,3453836.4684645846,3972.430014204234,3453.8364684637636,
968,AIIL,2025-02-01,2025-02-03,BUY,10165,340.2992814139504,3455686.509063742,3974.5578383998945,3455.6865090634674,
969,VEDL,2025-02-01,2025-02-03,BUY,8487,407.57183207212825,3455606.532263889,3974.465853083413,3455.6065322635695,
970,FSL,2025-02-01,2025-02-03,BUY,10720,322.68334603285433,3455709.759712486,3974.5845801332034,3455.7097597122192,
971,MCX,2025-02-01,2025-02-03,BUY,3050,1134.0197639234052,3455304.9749913947,3974.119016986806,3455.3049749913625,
972,DOMS,2025-02-01,2025-02-03,BUY,1386,2495.325148228924,3455065.589855433,3973.843688172754,3455.065589855425,
973,GVT&D,2025-03-03,2025-03-04,SELL,4342,1293.1241544126187,5620365.443903495,12358.059538055462,5620.365443903953,r2_exit
974,GALLANTT,2025-03-03,2025-03-04,SELL,12530,299.27258056812013,3753639.073592137,8253.501595013933,3753.6390735916793,r2_exit
975,WOCKPHARMA,2025-03-03,2025-03-04,SELL,3651,1197.801,4377549.0,9625.35474120058,4377.549000000581,r2_exit
976,BSE,2025-03-03,2025-03-04,SELL,1956,1417.7210982425845,2775838.306468964,6103.513268263905,2775.8383064689115,r2_exit
977,PTCIL,2025-03-03,2025-03-04,SELL,235,10247.392740234374,2410547.841796875,5300.31259454321,2410.547841797117,r2_exit
978,LLOYDSME,2025-03-03,2025-03-04,SELL,2879,977.4551954474538,2816910.418111331,6193.822627343228,2816.9104181113653,r2_exit
979,MAZDOCK,2025-03-03,2025-03-04,SELL,1496,2104.1136003812917,3150904.851021434,6928.2095864262055,3150.904851021711,r2_exit
980,LTFOODS,2025-03-03,2025-03-04,SELL,9065,324.5396030128693,2944896.397709369,6475.238199282907,2944.896397708915,r2_exit
981,M&M,2025-03-03,2025-03-04,SELL,1151,2511.671756841608,2893828.0201448356,6362.949050694348,2893.8280201447196,r3_exit
982,AIIL,2025-03-03,2025-03-04,SELL,10165,308.3782844713885,3137803.0647163806,6899.401378698511,3137.803064716514,r3_exit
983,VEDL,2025-03-03,2025-03-04,SELL,8487,374.2448884219264,3179395.7638006904,6990.855405445212,3179.395763800945,r2_exit
984,MCX,2025-03-03,2025-03-04,SELL,3050,918.3289805660469,2803707.097824267,6164.791166695928,2803.7070978241973,r2_exit
985,DOMS,2025-03-03,2025-03-04,SELL,1386,2314.919900855893,3211690.673259527,7061.865452362608,3211.690673259087,r2_exit
986,PGEL,2025-04-01,2025-04-02,BUY,3656,902.2040104646303,3295162.6995591293,3789.931378898211,3295.162699559238,
987,TARIL,2025-04-01,2025-04-02,BUY,6472,509.6979792535272,3295469.8518769518,3790.2846501357853,3295.4698518761434,
988,MAZDOCK,2025-04-01,2025-04-02,BUY,1286,2564.052918354111,3294077.9750283593,3788.683782978449,3294.077975027729,
989,WOCKPHARMA,2025-04-01,2025-04-02,BUY,2254,1463.21175,3294784.5,3789.49639267521,3294.784500000067,
990,BSE,2025-04-01,2025-04-02,BUY,1818,1814.3058858780648,3295112.987538784,3789.8742026169784,3295.1129875378683,
991,GODFRYPHLP,2025-04-01,2025-04-02,BUY,1408,2341.721458299036,3293849.963321721,3788.4215353145264,3293.8499633213505,
992,NAVA,2025-04-01,2025-04-02,BUY,6363,518.4787427753585,3295784.4558237824,3790.646491866093,3295.784455823712,
993,LLOYDSME,2025-04-01,2025-04-02,BUY,2580,1278.3589120077165,3294871.121858051,3789.596020805184,3294.871121857781,
994,GALLANTT,2025-04-01,2025-04-02,BUY,7973,413.7850050840052,3295812.033501273,3790.678210331127,3295.8120335005224,
995,AEGISLOG,2025-04-01,2025-04-02,BUY,4273,772.0806474927608,3295804.8019346325,3790.669892945327,3295.8048019343987,
996,TIMETECHNO,2025-04-01,2025-04-02,BUY,15307,215.53123640982574,3295840.7949302727,3790.7112902887166,3295.840794929769,
997,COROMANDEL,2025-04-01,2025-04-02,BUY,1622,2033.3354742354327,3294775.3638460264,3789.485884726979,3294.775363845285,
998,AMBER,2025-04-01,2025-04-02,BUY,477,6906.9,3291300.0,3785.4886950002983,3291.2999999998137,
999,BLUEJET,2025-05-02,2025-05-05,SELL,4567,748.233328455623,3420602.2132701003,7521.220146538227,3420.602213270031,r2_exit
1000,BLUESTARCO,2025-05-02,2025-05-05,SELL,1744,1658.781128092142,2895810.0974901854,6367.307242361206,2895.8100974899717,r2_exit
1001,TARIL,2025-05-02,2025-05-05,SELL,6472,494.7992694498189,3205546.4182975255,7048.355464552644,3205.54641829757,r2_exit
1002,WOCKPHARMA,2025-05-02,2025-05-05,SELL,2254,1305.693,2945978.0,6477.616426400118,2945.978000000119,r2_exit
1003,NAVA,2025-05-02,2025-05-05,SELL,6363,446.8358671876952,2846062.6856009057,6257.922633099313,2846.0626856009476,r2_exit
1004,GALLANTT,2025-05-02,2025-05-05,SELL,7973,432.8033900805542,3454195.6247369954,7595.085339671314,3454.1956247366033,rank_exit
1005,AEGISLOG,2025-05-02,2025-05-05,SELL,4273,761.0494134031679,3255219.362834571,7157.576335000552,3255.2193628344685,rank_exit
1006,TIMETECHNO,2025-05-02,2025-05-05,SELL,15307,169.43706722124884,2596169.357312969,5708.457182859631,2596.169357312843,r2_exit
1007,AMBER,2025-05-02,2025-05-05,SELL,477,6213.2805,2966701.5,6523.183258199966,2966.7014999999665,r2_exit
1008,PAYTM,2025-05-02,2025-05-05,BUY,3633,839.8389999999999,3048087.0,3505.757263049949,3048.086999999825,
1009,DEEPAKFERT,2025-05-02,2025-05-05,BUY,2442,1249.4348446070642,3048071.8187117395,3505.739802291151,3048.071818711236,
1010,DIXON,2025-05-02,2025-05-05,BUY,185,16478.135290884245,3045409.6191943916,3502.6778735164553,3045.40961919399,
1011,PARADEEP,2025-05-02,2025-05-05,BUY,21017,145.20057877131543,3048631.932104632,3506.3840167103335,3048.631932104472,
1012,AIIL,2025-05-02,2025-05-05,BUY,8324,366.6209665065004,3048704.2209791304,3506.4671597592533,3048.704220979009,
1013,BHARTIHEXA,2025-05-02,2025-05-05,BUY,1801,1693.6520633722482,3047220.145987432,3504.7602509073913,3047.220145986881,
1014,POWERINDIA,2025-05-02,2025-05-05,BUY,203,14981.050535061499,3038115.1434740108,3494.2881322661415,3038.11514347326,
1015,COHANCE,2025-05-02,2025-05-05,BUY,2651,1151.1499999999999,3048650.0,3506.4047974995337,3048.649999999441,
1016,CHAMBLFERT,2025-05-02,2025-05-05,BUY,4507,677.105303456409,3048664.937740295,3506.4219781421125,3048.664937740192,
1017,SARDAEN,2025-06-02,2025-06-03,SELL,7576,436.6348694215738,3311257.027765609,7280.791952651147,3311.257027765736,r2_exit
1018,PGEL,2025-06-02,2025-06-03,SELL,3656,793.8550636572753,2905239.3520830814,6388.0402873600315,2905.2393520828336,r2_exit
1019,DIXON,2025-06-02,2025-06-03,SELL,185,14658.796848883558,2714592.009052511,5968.844909504784,2714.5920090526342,r2_exit
1020,COHANCE,2025-06-02,2025-06-03,SELL,2651,1033.665251220703,2742989.5705566406,6031.285467739975,2742.989570556674,r2_exit
1021,CHAMBLFERT,2025-06-02,2025-06-03,SELL,4507,539.2011913660299,2432612.381868565,5348.828105252101,2432.6123818680644,r2_exit
1022,WOCKPHARMA,2025-06-02,2025-06-03,BUY,1909,1471.4699999999998,2806230.0,3227.5854344996624,2806.2299999995157,
1023,RPOWER,2025-06-02,2025-06-03,BUY,45288,62.04197954177856,2806950.219268799,3228.41379469214,2806.950219268445,
1024,BLUEJET,2025-06-02,2025-06-03,BUY,3064,917.0044185887328,2806894.6439119657,3228.3498746952973,2806.894643911626,
1025,ZENTEC,2025-06-02,2025-06-03,BUY,1315,2136.00748438871,2806043.798172981,3227.3712744689547,2806.0437981728464,
1026,LTFOODS,2025-06-02,2025-06-03,BUY,6366,441.3213891180491,2806645.3178076935,3228.0631122766063,2806.645317807328,
1027,COROMANDEL,2025-07-01,2025-07-02,SELL,1622,2305.3325104521487,3742992.3242776627,8230.09152262182,3742.9923242777586,rank_exit
1028,BHARTIHEXA,2025-07-01,2025-07-02,SELL,1801,1955.4045415030919,3525208.7880351036,7751.229083131454,3525.208788034972,rank_exit
1029,POWERINDIA,2025-07-01,2025-07-02,SELL,203,19360.37076809674,3934089.3552789176,8650.27567438759,3934.089355279226,rank_exit
1030,ZENTEC,2025-07-01,2025-07-02,SELL,1315,1972.3079750184063,2596181.168317522,5708.483152896839,2596.181168317795,r2_exit
1031,MCX,2025-07-01,2025-07-02,BUY,1903,1804.4839419443977,3430502.4390811077,3945.5923803094774,3430.502439081203,
1032,KFINTECH,2025-07-01,2025-07-02,BUY,2622,1309.6155928765384,3430381.7028194643,3945.4535154979676,3430.3817028193735,
1033,JMFINANCIL,2025-07-01,2025-07-02,BUY,22110,155.3623420020717,3431629.7519138916,3946.8889591638,3431.629751913715,
1034,SARDAEN,2025-07-01,2025-07-02,BUY,7909,434.2763261742861,3431260.20350892,3946.463923065923,3431.26020350866,
1035,FSL,2025-08-01,2025-08-04,SELL,10720,331.4274722473281,3556458.9614528106,7819.941964442452,3556.458961452823,r3_exit
1036,MAZDOCK,2025-08-01,2025-08-04,SELL,1286,2675.7867114781297,3444506.2171780528,7573.780270331006,3444.5062171779573,r2_exit
1037,RPOWER,2025-08-01,2025-08-04,SELL,45288,47.53242182922363,2154803.1229248047,4737.981106687362,2154.8031229251064,r2_exit
1038,BLUEJET,2025-08-01,2025-08-04,SELL,3064,801.7854622556258,2459129.786137375,5407.134573758976,2459.1297861374915,r2_exit
1039,KFINTECH,2025-08-01,2025-08-04,SELL,2622,1079.3585682544492,2832911.077040206,6229.004876196046,2832.9110770402476,r2_exit
1040,BSE,2025-09-01,2025-09-02,SELL,1818,2182.0611656585747,3970958.1573246135,8731.342796325443,3970.958157324698,r2_exit
1041,DEEPAKFERT,2025-09-01,2025-09-02,SELL,2442,1390.8118280909064,3399762.246444438,7475.397227482413,3399.7622464448214,rank_exit
1042,WOCKPHARMA,2025-09-01,2025-09-02,SELL,1909,1419.0795,2711734.5,5962.561818599788,2711.7344999997877,r2_exit
1043,LTFOODS,2025-09-01,2025-09-02,SELL,6366,431.4289790077923,2749226.1064700754,6044.998362905846,2749.2261064695194,rank_exit
1044,LLOYDSME,2025-10-01,2025-10-03,SELL,2580,1239.51771565911,3201156.8632637677,7038.703710944413,3201.156863263808,r2_exit
1045,MCX,2025-10-01,2025-10-03,SELL,1903,1602.0669226307523,3051785.1389052267,6710.265163424634,3051.7851389050484,rank_exit
1046,JMFINANCIL,2025-10-01,2025-10-03,SELL,22110,160.07936979028366,3542897.763826999,7790.12360310269,3542.8977638268843,rank_exit
1047,SARDAEN,2025-10-01,2025-10-03,SELL,7909,550.2361031090222,4356173.513002259,9578.35432038887,4356.173513001762,rank_exit
1048,PARADEEP,2025-11-03,2025-11-04,SELL,21017,168.03179695129396,3535059.335861206,7772.888467691303,3535.0593358608894,r2_exit
1049,GABRIEL,2025-11-03,2025-11-04,BUY,2497,1281.3150627264524,3196247.464163788,3676.164020908065,3196.2474641636945,
1050,FORCEMOT,2025-11-03,2025-11-04,BUY,172,18591.572999999997,3194556.0,3674.2185833998956,3194.5559999994002,
1051,ATHERENERG,2025-11-03,2025-11-04,BUY,4626,691.6909999999999,3196566.0,3676.5303849000484,3196.5659999996424,
1052,ABDL,2025-11-03,2025-11-04,BUY,4690,682.2798661426933,3196695.876332899,3676.679762164131,3196.6958763324656,
1053,LTF,2025-11-03,2025-11-04,BUY,11533,277.47325035939474,3196902.094300599,3676.9169437605888,3196.9020943008363,
1054,LAURUSLABS,2025-11-03,2025-11-04,BUY,3272,978.004305270882,3196833.2535927338,3676.837766619399,3196.8332535922527,
1055,RBLBANK,2025-11-03,2025-11-04,BUY,9743,328.4785784798354,3197169.6205085283,3677.2246390273795,3197.1696205078624,
1056,GVT&D,2025-11-03,2025-11-04,BUY,1000,3200.18390245477,3196986.915539231,3677.0145009071566,3196.986915538553,
1057,HBLENGINE,2025-11-03,2025-11-04,BUY,3237,988.4390298852018,3196380.758979419,3676.317329940386,3196.380758979358,
1058,BSE,2025-11-03,2025-11-04,BUY,1254,2550.8347764958476,3195551.258467326,3675.3632799256593,3195.551258466672,
1059,SYRMA,2025-11-03,2025-11-04,BUY,4041,791.8318687735263,3196595.985728092,3676.5648729847744,3196.5959857273847,
1060,MANAPPURAM,2025-11-03,2025-11-04,BUY,12020,266.23580055943614,3196957.3653590637,3676.980513767805,3196.957365358714,
1061,SAGILITY,2025-11-03,2025-11-04,BUY,61075,52.40000073662892,3197132.912077534,3677.1824188255705,3197.1329120770097,
1062,NAVINFLUOR,2025-11-03,2025-11-04,BUY,545,5862.03688993068,3191618.4865256953,3670.8400022774003,3191.618486525491,
1063,CHOICEIN,2025-12-01,2025-12-02,SELL,6981,793.6555621948243,5546055.535217285,12194.666910835298,5546.055535216816,rank_exit
1064,GODFRYPHLP,2025-12-01,2025-12-02,SELL,1408,2791.8266341065428,3934826.7275495618,8651.89700853596,3934.8267275495455,r2_exit
1065,GABRIEL,2025-12-01,2025-12-02,SELL,2497,1041.6001689139982,2603479.1008791327,5724.529847013186,2603.4791008792818,r2_exit
1066,HBLENGINE,2025-12-01,2025-12-02,SELL,3237,867.2414565443448,2810070.665499544,6178.783379300514,2810.070665499661,r2_exit
1067,SYRMA,2025-12-01,2025-12-02,SELL,4041,811.3570289389454,3281975.7296719505,7216.408234402972,3281.9757296722382,rank_exit
1068,MUTHOOTFIN,2025-12-01,2025-12-02,BUY,958,3771.906736638275,3609876.7769225454,4151.899774977472,3609.8767769220285,
1069,ABCAPITAL,2025-12-01,2025-12-02,BUY,10147,356.4561061096191,3613346.761932373,4155.890778236557,3613.346761932131,
1070,POWERINDIA,2025-12-01,2025-12-02,BUY,163,22106.811822617106,3599810.5165700186,4140.322065633256,3599.8105165697634,
1071,CEMPRO,2025-12-01,2025-12-02,BUY,4191,862.8560988399723,3612617.2929453794,4155.051779481117,3612.6172929448076,
1072,MCX,2025-12-01,2025-12-02,BUY,1773,2039.8446945201013,3613031.6117723673,4155.528308280278,3613.031611772254,
1073,PAYTM,2026-01-01,2026-01-02,SELL,3633,1290.708,4693836.0,10320.806596800125,4693.836000000127,rank_exit
1074,ABDL,2026-01-01,2026-01-02,SELL,4690,595.5915685641412,2796120.577142965,6148.109925022026,2796.1205771430396,rank_exit
1075,BSE,2026-01-01,2026-01-02,SELL,1254,2629.4336025290827,3300610.347919389,7257.382033005395,3300.6103479196317,rank_exit
1076,SAGILITY,2026-01-01,2026-01-02,SELL,61075,51.84922231905448,3169861.114250503,6969.890618013998,3169.861114250496,rank_exit
1077,POWERINDIA,2026-01-01,2026-01-02,SELL,163,18576.964614730696,3031076.308509613,6664.730587150659,3031.076308509335,rank_exit
1078,CEMPRO,2026-01-01,2026-01-02,SELL,4191,769.7576040195744,3229283.401847884,7100.5483439830605,3229.283401847817,rank_exit
1079,HINDCOPPER,2026-01-01,2026-01-02,BUY,6341,529.6807686149333,3355350.403383909,3859.1562664518133,3355.350403383374,
1080,BELRISE,2026-01-01,2026-01-02,BUY,18236,184.18399999999997,3355424.0,3859.240913600195,3355.42399999965,
1081,GMDCLTD,2026-01-01,2026-01-02,BUY,5574,602.5019244384765,3354990.7360839844,3858.742595106829,3354.990736083593,
1082,ANURAS,2026-01-01,2026-01-02,BUY,2530,1327.3259999999998,3354780.0,3858.500216999557,3354.7799999993294,
1083,AUBANK,2026-01-01,2026-01-02,BUY,3349,1002.9289512931122,3355453.6042763568,3859.274962958414,3355.4536042758264,
1084,SHRIRAMFIN,2026-01-01,2026-01-02,BUY,3293,1020.0049438694779,3355520.7594027882,3859.3522014268674,3355.5207594023086,
1085,CARTRADE,2026-02-02,2026-02-03,SELL,1974,2641.955497558594,5220440.5927734375,11478.704775390055,5220.440592773259,r2_exit
1086,AIIL,2026-02-02,2026-02-03,SELL,8324,544.5548756103516,4537412.196777344,9976.861938273509,4537.41219677683,r2_exit
1087,ATHERENERG,2026-02-02,2026-02-03,SELL,4626,653.346,3025404.0,6652.258315200097,3025.404000000097,r2_exit
1088,MANAPPURAM,2026-02-02,2026-02-03,SELL,12020,287.93355431028704,3464425.748558208,7617.579335929363,3464.4257485577837,rank_exit
1089,NAVINFLUOR,2026-02-02,2026-02-03,SELL,545,6385.917219966563,3483808.693575352,7660.198555433339,3483.808693575207,rank_exit
1090,MUTHOOTFIN,2026-03-02,2026-03-04,SELL,958,3367.2294666323623,3229034.863897701,7100.001858738163,3229.0348638975993,rank_exit
1091,HINDCOPPER,2026-03-02,2026-03-04,SELL,6341,569.9794378051757,3617857.472595215,7954.945010742436,3617.857472595293,r2_exit
1092,LTF,2026-04-01,2026-04-02,SELL,11533,237.41552929614377,2740854.1535259522,6026.590112772927,2740.8541535260156,r2_exit
1093,ABCAPITAL,2026-04-01,2026-04-02,SELL,10147,298.6010939025879,3032938.238067627,6668.824597863024,3032.9382380675524,r3_exit
1094,SHRIRAMFIN,2026-04-01,2026-04-02,SELL,3293,870.2015984604025,2868442.3060361412,6307.130942512255,2868.4423060361296,rank_exit
1095,FORCEMOT,2026-05-01,2026-05-04,SELL,172,20103.876,3461328.0,7610.768006399747,3461.3279999997467,r2_exit
1096,ANURAS,2026-05-01,2026-05-04,SELL,2530,1348.65,3415500.0,7510.001399999999,3415.5,universe_exit
1097,AUBANK,2026-05-01,2026-05-04,SELL,3349,1021.6841235149544,3425045.1748264087,7530.989330408301,3425.045174826402,rank_exit
1098,ATHERENERG,2026-05-01,2026-05-04,BUY,3684,946.9459999999999,3485064.0,4008.346359600313,3485.06399999978,
1099,PFOCUS,2026-05-01,2026-05-04,BUY,11276,309.3590377807617,3484847.6623535156,4008.097538856324,3484.8476623534225,
1100,NETWEB,2026-05-01,2026-05-04,BUY,852,4091.539569269596,3482509.2038138825,4005.4079607664607,3482.5092038135044,
1101,NATIONALUM,2026-05-01,2026-05-04,BUY,8800,396.4118143705768,3484939.0274336427,4008.202622402925,3484.9390274332836,
1102,POWERINDIA,2026-05-01,2026-05-04,BUY,102,33905.785329700004,3454935.1684609395,3973.693684005644,3454.935168460943,
1103,KIRLOSENG,2026-05-01,2026-05-04,BUY,2053,1699.2084827535598,3484990.0250679906,4008.2612773319706,3484.990025067702,
1104,APARINDS,2026-05-01,2026-05-04,BUY,277,12557.544999999998,3474965.0,3996.7309947498143,3474.9649999993853,
1105,CPPLUS,2026-05-01,2026-05-04,BUY,1477,2361.288016111365,3484138.261534951,4007.281621504575,3484.1382615347393,
1106,ANANDRATHI,2026-05-01,2026-05-04,BUY,1929,1808.2625762677121,3484653.855764652,4007.8746322081424,3484.6538557647727,
1107,SCHNEIDER,2026-05-01,2026-05-04,BUY,2792,1249.2479999999998,3484416.0,4007.601062399801,3484.41599999927,
1108,ADANIPOWER,2026-05-01,2026-05-04,BUY,15628,223.22299999999998,3485044.0,4008.3233566000126,3485.0439999997616,
1109,DATAPATTNS,2026-05-01,2026-05-04,BUY,845,4125.137897309317,3482259.263962411,4005.1204924462363,3482.2592639620416,
1110,SYRMA,2026-05-01,2026-05-04,BUY,3620,963.5779104997868,3484667.3686405877,4007.890174041968,3484.667368640192,
1111,PFOCUS,2026-06-01,2026-06-02,SELL,11276,227.7620154876709,2570815.301940918,5652.708685907549,2570.8153019407764,r2_exit
1112,DATAPATTNS,2026-06-01,2026-06-02,SELL,845,3812.8636433864317,3225094.8735350696,7091.338607928823,3225.094873534981,rank_exit
1113,RBLBANK,2026-07-01,2026-07-02,SELL,9743,362.0991330662823,3531463.31678157,7764.981540939192,3531.4633167814463,rank_exit
1114,GMDCLTD,2026-07-01,2026-07-02,SELL,5574,612.387,3416862.0,7512.996165600197,3416.8620000001974,rank_exit
1115,NATIONALUM,2026-07-01,2026-07-02,SELL,8800,334.31479552547546,2944915.1157399244,6475.279356489171,2944.91511574015,r2_exit
1116,HFCL,2026-07-01,2026-07-02,BUY,14916,209.70949999999996,3124902.0,3594.106035299599,3124.9019999993034,
1117,IDEA,2026-07-01,2026-07-02,BUY,212870,14.694680305480956,3124931.6649627686,3594.1401544571854,3124.931664962787,
1118,GABRIEL,2026-07-01,2026-07-02,BUY,2513,1244.57080826014,3124481.9591985336,3593.622925371863,3124.481959198136,
1119,RRKABEL,2026-07-01,2026-07-02,BUY,1306,2393.491197753906,3122776.7275390625,3591.661653178744,3122.776727538556,
1120,CARTRADE,2026-07-01,2026-07-02,BUY,1124,2782.7799999999997,3124720.0,3593.8967079999857,3124.7199999997392,
1121,GVT&D,2026-08-03,2026-08-04,SELL,1000,4354.851199900523,4359210.410310834,9585.031850191514,4359.210410310887,r2_exit
1122,MCX,2026-08-03,2026-08-04,SELL,1773,2646.559600168302,4697047.218316716,10327.867423634314,4697.047218316235,r2_exit
1123,APARINDS,2026-08-03,2026-08-04,SELL,277,14805.18,4105140.0,9026.38183200013,4105.14000000013,rank_exit
1124,ANANDRATHI,2026-08-03,2026-08-04,SELL,1929,2049.148751220703,3956764.705810547,8700.134235136378,3956.764705810696,rank_exit
1125,SCHNEIDER,2026-08-03,2026-08-04,SELL,2792,1339.7588756103517,3744351.1318359375,8233.079268680409,3744.3511318354867,rank_exit
1126,GABRIEL,2026-08-03,2026-08-04,SELL,2513,1522.3232325867598,3829427.7112017293,8420.145651390463,3829.4277112018317,rank_exit
1127,CARTRADE,2026-08-03,2026-08-04,SELL,1124,2801.196,3151696.0,6929.949164799996,3151.6959999999963,rank_exit
1128,PFOCUS,2026-08-03,2026-08-04,BUY,13153,301.25096221923826,3958395.510559082,4552.748596469872,3958.3955105589703,
1129,NATIONALUM,2026-08-03,2026-08-04,BUY,10639,372.42644545772157,3958286.666558142,4552.623409542255,3958.286666558124,
1130,ADANIENSOL,2026-08-03,2026-08-04,BUY,2399,1651.6499999999999,3958350.0,4552.696252500173,3958.3499999996275,
1131,CHENNPETRO,2026-08-03,2026-08-04,BUY,3078,1287.2091803734647,3958071.785404121,4552.376263982151,3958.0717854034156,
1132,AEGISLOG,2026-08-03,2026-08-04,BUY,2868,1381.3799999999999,3957840.0,4552.1096760001965,3957.839999999851,
1133,BHARATFORG,2026-08-03,2026-08-04,BUY,1788,2215.4131511230466,3957201.5126953125,4551.375319826417,3957.2015126948245,
1134,WELCORP,2026-08-03,2026-08-04,BUY,2320,1707.706,3957920.0,4552.201688000467,3957.9199999999255,
