scrip_name,symbol,isin,first_seen,last_seen,resolution_method,confidence,status,eq_name,eq_series,eq_listing_date,isin_in_equity_l,name_similarity,first_token_match,price_first_bar,price_last_bar,bars_expected,bars_present,coverage_pct,flags,evidence_source
20 Microns Ltd,20MICRONS,INE144J01027,2013-07-17,2013-09-27,equity_l_exact,high,proposed,20 Microns Limited,EQ,06-OCT-2008,True,1.0,True,,,50,0,0.0,,EQUITY_L
20th Century Finance Corporation Ltd.,,,1998-08-01,1999-02-03,unresolved,low,unresolved,,,,False,0.0,False,,,0,0,0.0,no_candidate,
3M India Ltd.,3MINDIA,INE470A01017,1998-08-01,2018-09-28,equity_l_exact,high,auto,3M India Limited,EQ,13-AUG-2004,True,1.0,True,2007-01-02,2026-08-31,3177,3177,100.0,listing_after_first_seen,EQUITY_L
3i Infotech Ltd.,3IINFOLTD,INE748C01038,2009-12-22,2013-09-27,equity_l_exact,high,proposed,3i Infotech Limited,BE,22-OCT-2021,True,1.0,True,,,925,0,0.0,listing_after_first_seen,EQUITY_L
63 Moons Technologies Ltd.,63MOONS,INE111B01023,2006-02-03,2014-03-28,equity_l_exact,high,proposed,63 moons technologies limited,EQ,20-JUN-2005,True,1.0,True,,,1598,0,0.0,,EQUITY_L
8K Miles Soft Services Ltd.,,,2016-04-01,2019-03-29,unresolved,low,unresolved,,,,False,0.0,False,,,0,0,0.0,no_candidate,
ABB India Ltd.,ABB,INE117A01022,1996-09-18,2020-06-26,equity_l_exact,high,proposed,ABB India Limited,EQ,08-FEB-1995,True,1.0,True,2007-01-02,2026-08-31,2940,2940,100.0,concurrent_alias_collision,EQUITY_L
ABB Ltd.,ABB,INE117A01022,1998-08-01,2013-02-01,token_match,high,proposed,ABB India Limited,EQ,08-FEB-1995,True,1.0,True,2007-01-02,2026-08-31,3146,3146,100.0,first_token_mismatch;name_mismatch;concurrent_alias_collision,EQUITY_L_token_match
ABG Shipyard Ltd.,,,2008-02-15,2016-09-30,unresolved,low,unresolved,,,,False,0.0,False,,,0,0,0.0,no_candidate,
ACC Ltd.,ACC,INE012A01025,1998-08-01,2019-09-27,equity_l_exact,high,proposed,ACC Limited,EQ,20-NOV-1996,True,1.0,True,2007-01-02,2026-08-31,3177,3177,100.0,first_token_mismatch,EQUITY_L
ADC India Communications Ltd.,,,1999-09-08,2003-04-01,unresolved,low,unresolved,,,,False,0.0,False,,,0,0,0.0,no_candidate,
AGC Networks Ltd.,,,1998-08-01,2011-03-25,unresolved,low,unresolved,,,,False,0.0,False,,,0,0,0.0,no_candidate,
AIA Engineering Ltd.,AIAENG,INE212H01026,2006-04-03,2018-09-28,equity_l_exact,high,auto,AIA Engineering Limited,EQ,14-DEC-2005,True,1.0,True,2007-01-02,2026-08-31,3177,3177,100.0,,EQUITY_L
AP Paper Mills Ltd.,BALKRISHNA,INE875R01011,1998-08-01,2002-04-23,token_match,medium,proposed,Balkrishna Paper Mills Limited,EQ,28-JUL-2015,True,0.5,False,,,0,0,0.0,first_token_mismatch;name_mismatch;listing_after_first_seen,EQUITY_L_token_match
APL Apollo Tubes Ltd.,APLAPOLLO,INE702C01027,2016-04-29,2016-09-30,equity_l_exact,high,auto,APL Apollo Tubes Limited,EQ,14-DEC-2011,True,1.0,True,2011-12-14,2026-08-31,1077,1077,100.0,,EQUITY_L
APR Ltd.,,,1998-08-01,2000-09-03,unresolved,low,unresolved,,,,False,0.0,False,,,0,0,0.0,no_candidate,
ARSS Infrastructure Projects Ltd.,,,2011-05-18,2012-09-28,unresolved,low,unresolved,,,,False,0.0,False,,,0,0,0.0,no_candidate,
ATV Projects India Ltd.,,,1998-08-01,1999-02-03,unresolved,low,unresolved,,,,False,0.0,False,,,0,0,0.0,no_candidate,
AU Small Finance Bank Ltd.,AUBANK,INE949L01017,2017-11-13,2018-04-02,equity_l_exact,high,auto,AU Small Finance Bank Limited,EQ,10-JUL-2017,True,1.0,True,2017-07-11,2026-08-31,696,696,100.0,,EQUITY_L
AXIS IT&T Ltd.,,,2002-09-19,2004-12-10,unresolved,low,unresolved,,,,False,0.0,False,,,0,0,0.0,no_candidate,
Aarti Drugs Ltd.,AARTIDRUGS,INE767A01016,2016-04-01,2016-09-30,equity_l_exact,high,auto,Aarti Drugs Limited,EQ,19-SEP-2003,True,1.0,True,2007-01-02,2026-08-31,123,123,100.0,,EQUITY_L
Aarti Industries Ltd.,AARTIIND,INE769A01020,2005-04-20,2020-06-26,equity_l_exact,high,auto,Aarti Industries Limited,EQ,08-FEB-1995,True,1.0,True,2007-01-02,2026-08-31,2967,2967,100.0,,EQUITY_L
Aavas Financiers Ltd.,AAVAS,INE216P01012,2019-03-29,2020-06-26,equity_l_exact,high,auto,Aavas Financiers Limited,EQ,08-OCT-2018,True,1.0,True,2018-10-08,2026-08-31,358,358,100.0,,EQUITY_L
Aban Offshore Ltd.,ABAN,INE421A01028,1998-08-01,2018-09-28,equity_l_exact,high,proposed,Aban Offshore Limited,BE,29-MAR-1995,True,1.0,True,,,2699,0,0.0,,EQUITY_L
Abbott India Ltd.,ABBOTINDIA,INE358A01014,1998-08-01,2020-06-26,equity_l_exact,high,auto,Abbott India Limited,EQ,08-JAN-2010,True,1.0,True,2007-01-02,2026-08-31,207,207,100.0,listing_after_first_seen,EQUITY_L
Accelya Kale Solutions Ltd.,ACCELYA,INE793A01012,2001-04-25,2008-09-10,token_match,medium,proposed,Accelya Solutions India Limited,EQ,01-DEC-1999,True,0.6667,True,,,245,0,0.0,first_token_mismatch;name_mismatch,EQUITY_L_token_match
Ackruti City Ltd.,,,2007-02-08,2011-10-10,unresolved,low,unresolved,,,,False,0.0,False,,,0,0,0.0,no_candidate,
Adani Enterprises Ltd.,ADANIENT,INE423A01024,1998-08-01,2018-04-02,equity_l_exact,high,auto,Adani Enterprises Limited,EQ,04-JUN-1997,True,1.0,True,2007-01-02,2026-08-31,2575,2575,100.0,,EQUITY_L
Adani Gas Ltd.,ATGL,INE399L01023,2019-09-27,2020-06-26,token_match,medium,proposed,Adani Total Gas Limited,EQ,05-NOV-2018,True,0.6667,True,2018-11-05,2026-08-31,238,238,100.0,first_token_mismatch;name_mismatch,EQUITY_L_token_match
Adani Green Energy Ltd.,ADANIGREEN,INE364U01010,2018-12-28,2020-06-26,equity_l_exact,high,auto,Adani Green Energy Limited,EQ,18-JUN-2018,True,1.0,True,2018-06-18,2026-08-31,419,419,100.0,,EQUITY_L
Adani Ports and Special Economic Zone Ltd.,ADANIPORTS,INE742F01042,2008-03-14,2015-09-28,equity_l_exact,high,proposed,Adani Ports and Special Economic Zone Limited,EQ,27-NOV-2007,True,1.0,True,2007-11-27,2026-08-31,3053,3053,100.0,concurrent_alias_collision,EQUITY_L
Adani Power Ltd.,ADANIPOWER,INE814H01029,2010-04-08,2019-12-27,equity_l_exact,high,auto,Adani Power Limited,EQ,20-AUG-2009,True,1.0,True,2009-08-20,2026-08-31,2525,2525,100.0,,EQUITY_L
Adani Transmission Ltd.,,,2016-04-01,2020-03-19,unresolved,low,unresolved,,,,False,0.0,False,,,0,0,0.0,no_candidate,
Adhunik Metaliks Ltd.,,,2012-09-28,2012-09-28,unresolved,low,unresolved,,,,False,0.0,False,,,0,0,0.0,no_candidate,
Aditya Birla Capital Ltd.,ABCAPITAL,INE674K01013,2018-04-02,2019-03-29,equity_l_exact,high,auto,Aditya Birla Capital Limited,EQ,01-SEP-2017,True,1.0,True,2017-09-01,2026-08-31,603,603,100.0,,EQUITY_L
Aditya Birla Fashion and Retail Ltd.,ABFRL,INE647O01011,2016-04-01,2019-09-27,equity_l_exact,high,auto,Aditya Birla Fashion and Retail Limited,EQ,17-JUL-2013,True,1.0,True,2013-07-17,2026-08-31,1094,1094,100.0,,EQUITY_L
Aditya Birla Nuvo Ltd.,ABCAPITAL,INE674K01013,1998-08-01,2017-05-26,token_match,medium,proposed,Aditya Birla Capital Limited,EQ,01-SEP-2017,True,0.5,True,2017-09-01,2026-08-31,2366,0,0.0,name_mismatch;listing_after_first_seen,EQUITY_L_token_match
Adlabs Entertainment Ltd.,,,2015-09-28,2016-04-01,unresolved,low,unresolved,,,,False,0.0,False,,,0,0,0.0,no_candidate,
Ador Welding Ltd.,ADOR,INE045A01017,1998-08-01,2011-10-10,equity_l_exact,high,proposed,Ador Welding Limited,EQ,10-MAY-1995,True,1.0,True,,,998,0,0.0,,EQUITY_L
Advanced Enzyme Tech Ltd.,ADVENZYMES,INE837H01020,2017-01-23,2018-09-28,token_match,medium,proposed,Advanced Enzyme Technologies Limited,EQ,01-AUG-2016,True,0.5,True,2016-08-01,2026-08-31,895,895,100.0,name_mismatch,EQUITY_L_token_match
Advanta Ltd.,,,2009-03-27,2016-04-29,unresolved,low,unresolved,,,,False,0.0,False,,,0,0,0.0,no_candidate,
Aegis Logistics Ltd.,AEGISLOG,INE208C01025,2016-04-01,2018-04-02,equity_l_exact,high,auto,Aegis Logistics Limited,EQ,03-APR-1996,True,1.0,True,2007-01-02,2026-08-31,1094,1094,100.0,,EQUITY_L
Affle (India) Ltd.,AFFLE,INE00WC01027,2019-12-26,2020-06-26,token_match,medium,proposed,Affle 3i Limited,EQ,08-AUG-2019,True,0.5,True,2019-08-08,2026-08-31,180,180,100.0,first_token_mismatch;name_mismatch,EQUITY_L_token_match
Aftek Ltd.,,,2002-03-29,2011-10-10,unresolved,low,unresolved,,,,False,0.0,False,,,0,0,0.0,no_candidate,
Agrevo India Ltd.(old),,,1998-08-01,1998-10-07,unresolved,low,unresolved,,,,False,0.0,False,,,0,0,0.0,no_candidate,
Agro Dutch Industries Ltd.,HMAAGRO,INE0ECP01024,2002-09-19,2009-10-22,token_match,medium,proposed,HMA Agro Industries Limited,EQ,04-JUL-2023,True,0.5,False,,,511,0,0.0,first_token_mismatch;name_mismatch;listing_after_first_seen,EQUITY_L_token_match
Agro Tech Foods Ltd.,,,1998-08-01,2016-04-01,unresolved,low,unresolved,,,,False,0.0,False,,,0,0,0.0,no_candidate,
Ahluwalia Contracts (India) Ltd.,AHLUCONT,INE758C01029,2016-04-01,2018-04-02,equity_l_exact,high,auto,Ahluwalia Contracts (India) Limited,EQ,14-DEC-2009,True,1.0,True,2009-12-14,2026-08-31,492,492,100.0,,EQUITY_L
Ahmednagar Forgings Ltd.,,,1998-08-01,1999-09-08,unresolved,low,unresolved,,,,False,0.0,False,,,0,0,0.0,no_candidate,
Ajanta Pharmaceuticals Ltd.,,,2002-04-23,2020-06-26,unresolved,low,unresolved,,,,False,0.0,False,,,0,0,0.0,no_candidate,
Aksh Optifibre Ltd.,AKSHOPTFBR,INE523B01011,2001-08-31,2011-10-10,equity_l_exact,high,proposed,Aksh Optifibre Limited,BE,18-AUG-2000,True,1.0,True,,,998,0,0.0,,EQUITY_L
Akzo Nobel India Ltd.,,,1998-08-01,2020-06-26,unresolved,low,unresolved,,,,False,0.0,False,,,0,0,0.0,no_candidate,
Alembic Ltd.,ALEMBICLTD,INE426A01027,1998-08-01,2011-04-11,equity_l_exact,high,proposed,Alembic Limited,EQ,22-SEP-1999,True,1.0,True,,,877,0,0.0,first_token_mismatch;listing_after_first_seen,EQUITY_L
Alembic Pharmaceuticals Ltd.,APLLTD,INE901L01018,2014-01-13,2020-06-26,equity_l_exact,high,auto,Alembic Pharmaceuticals Limited,EQ,20-SEP-2011,True,1.0,True,2011-09-20,2026-08-31,1631,1631,100.0,,EQUITY_L
Alfa Laval (India) Ltd.,,,1998-08-01,2012-04-12,unresolved,low,unresolved,,,,False,0.0,False,,,0,0,0.0,no_candidate,
Alkem Laboratories Ltd.,ALKEM,INE540L01014,2016-04-29,2020-06-26,equity_l_exact,high,auto,Alkem Laboratories Limited,EQ,23-DEC-2015,True,1.0,True,2015-12-23,2026-08-31,1077,1077,100.0,,EQUITY_L
Alkyl Amines Chemicals Ltd.,ALKYLAMINE,INE150B01039,2020-06-26,2020-06-26,equity_l_exact,high,auto,Alkyl Amines Chemicals Limited,EQ,26-NOV-2007,True,1.0,True,2007-11-26,2026-08-31,57,57,100.0,,EQUITY_L
Allahabad Bank,,,2003-08-11,2019-12-27,unresolved,low,unresolved,,,,False,0.0,False,,,0,0,0.0,no_candidate,
Allcargo Logistics Ltd.,ALLCARGO,INE418H01029,2007-04-04,2007-04-04,equity_l_exact,high,proposed,Allcargo Logistics Limited,EQ,23-JUN-2006,True,1.0,True,,,3177,0,0.0,,EQUITY_L
Allied Digital Services Ltd.,ADSL,INE102I01027,2011-03-25,2012-04-27,equity_l_exact,high,proposed,Allied Digital Services Limited,EQ,25-JUL-2007,True,1.0,True,,,264,0,0.0,,EQUITY_L
Alok Industries Ltd.,ALOKINDS,INE270A01029,2002-07-09,2017-03-31,equity_l_exact,high,auto,Alok Industries Limited,EQ,19-FEB-2020,True,1.0,True,2007-01-02,2026-08-31,2329,2329,100.0,listing_after_first_seen,EQUITY_L
Alpic Finance Ltd.,,,1998-08-01,2002-01-17,unresolved,low,unresolved,,,,False,0.0,False,,,0,0,0.0,no_candidate,
Alpine Industries Ltd.,,,1998-08-01,1999-05-26,unresolved,low,unresolved,,,,False,0.0,False,,,0,0,0.0,no_candidate,
Alstom India Ltd.,,,2002-03-29,2013-10-28,unresolved,low,unresolved,,,,False,0.0,False,,,0,0,0.0,no_candidate,
Alstom Projects India Ltd.,,,2003-04-01,2009-03-27,unresolved,low,unresolved,,,,False,0.0,False,,,0,0,0.0,no_candidate,
Alstom T&D India Ltd.,GVT&D,INE200A01026,1999-02-03,2016-04-01,token_match,medium,proposed,GE Vernova T&D India Limited,EQ,30-JUN-2008,True,0.5,False,2015-01-01,2026-08-31,1275,236,18.51,first_token_mismatch;name_mismatch;listing_after_first_seen,EQUITY_L_token_match
Altos India Ltd.,,,1998-08-01,1999-05-26,unresolved,low,unresolved,,,,False,0.0,False,,,0,0,0.0,no_candidate,
Amara Raja Batteries Ltd.,,,1999-05-26,2016-04-01,unresolved,low,unresolved,,,,False,0.0,False,,,0,0,0.0,no_candidate,
Ambalal Sarabhai Enterprises Ltd.,AMBALALSA,INE432A01017,1998-08-01,2002-03-29,equity_l_exact,high,proposed,Ambalal Sarabhai Enterprises Limited,BE,20-APR-2026,True,1.0,True,,,0,0,0.0,listing_after_first_seen,EQUITY_L
Amber Enterprises India Ltd.,AMBER,INE371P01015,2019-09-27,2019-09-27,equity_l_exact,high,auto,Amber Enterprises India Limited,EQ,30-JAN-2018,True,1.0,True,2018-01-30,2026-08-31,238,238,100.0,,EQUITY_L
Ambuja Cements Ltd.,AMBUJACEM,INE079A01024,1998-08-01,2019-09-27,equity_l_exact,high,auto,Ambuja Cements Limited,EQ,18-FEB-1998,True,1.0,True,2007-01-02,2026-08-31,3177,3177,100.0,,EQUITY_L
Amrut Industries Ltd.,,,1998-08-01,1999-02-03,unresolved,low,unresolved,,,,False,0.0,False,,,0,0,0.0,no_candidate,
Amtek Auto Ltd.,,,2003-11-19,2017-09-29,unresolved,low,unresolved,,,,False,0.0,False,,,0,0,0.0,no_candidate,
Amtek India Ltd.,,,2007-04-04,2007-04-04,unresolved,low,unresolved,,,,False,0.0,False,,,0,0,0.0,no_candidate,
Anant Raj Industries Ltd.,ANANTRAJ,INE242C01024,2008-09-10,2011-10-10,token_match,medium,proposed,Anant Raj Limited,EQ,27-SEP-2006,True,0.6667,True,2007-01-02,2026-08-31,754,754,100.0,name_mismatch,EQUITY_L_token_match
Anant Raj Ltd.,ANANTRAJ,INE242C01024,2007-04-04,2017-09-29,equity_l_exact,high,auto,Anant Raj Limited,EQ,27-SEP-2006,True,1.0,True,2007-01-02,2026-08-31,2453,2453,100.0,,EQUITY_L
Andhra Bank,,,2001-11-01,2019-12-27,unresolved,low,unresolved,,,,False,0.0,False,,,0,0,0.0,no_candidate,
Andhra Sugars Ltd.,ANDHRSUGAR,INE715B01021,2002-09-19,2011-10-10,token_match,medium,proposed,The Andhra Sugars Limited,EQ,01-NOV-1995,True,0.6667,True,,,998,0,0.0,name_mismatch,EQUITY_L_token_match
Andhra Valley Power Supply Co. Ltd.,,,1998-08-01,2000-11-29,unresolved,low,unresolved,,,,False,0.0,False,,,0,0,0.0,no_candidate,
Ansal Properties & Infrastructure Ltd.,ANSALAPI,INE436A01026,2006-05-02,2015-09-28,equity_l_exact,high,proposed,Ansal Properties & Infrastructure Limited,BZ,27-JAN-2006,True,1.0,True,,,1961,0,0.0,,EQUITY_L
Apar Industries Ltd.,APARINDS,INE372A01015,2014-09-19,2018-04-02,equity_l_exact,high,auto,Apar Industries Limited,EQ,12-JUL-2004,True,1.0,True,2007-01-02,2026-08-31,861,861,100.0,,EQUITY_L
Apollo Hospitals Enterprise Ltd.,APOLLOHOSP,INE437A01024,2018-09-28,2019-09-27,equity_l_exact,high,proposed,Apollo Hospitals Enterprise Limited,EQ,10-JAN-1996,True,1.0,True,2007-01-02,2026-08-31,303,303,100.0,concurrent_alias_collision,EQUITY_L
Apollo Hospitals Enterprises Ltd.,APOLLOHOSP,INE437A01024,1998-08-01,2018-04-02,token_match,medium,proposed,Apollo Hospitals Enterprise Limited,EQ,10-JAN-1996,True,0.5,True,2007-01-02,2026-08-31,3177,3177,100.0,name_mismatch;concurrent_alias_collision,EQUITY_L_token_match
Apollo Tyres Ltd.,APOLLOTYRE,INE438A01022,1996-09-18,2020-06-26,equity_l_exact,high,auto,Apollo Tyres Limited,EQ,31-MAY-1995,True,1.0,True,2007-01-02,2026-08-31,3177,3177,100.0,,EQUITY_L
Apple Credit Corporation Ltd.,,,1998-08-01,2001-08-31,unresolved,low,unresolved,,,,False,0.0,False,,,0,0,0.0,no_candidate,
Apple Finance Ltd.,,,1998-08-01,2001-12-07,unresolved,low,unresolved,,,,False,0.0,False,,,0,0,0.0,no_candidate,
Aptech Ltd.,APTECHT,INE266F01018,2002-01-29,2014-09-19,equity_l_exact,high,proposed,Aptech Limited,EQ,27-SEP-2002,True,1.0,True,,,1715,0,0.0,first_token_mismatch;listing_after_first_seen,EQUITY_L
Aptech Ltd. (Erstwhile),APTECHT,INE266F01018,1998-08-01,2002-01-29,token_match,medium,proposed,Aptech Limited,EQ,27-SEP-2002,True,0.5,True,,,0,0,0.0,first_token_mismatch;name_mismatch;listing_after_first_seen;predecessor_marker,EQUITY_L_token_match
Archies Ltd.,ARCHIES,INE731A01020,1998-11-01,2008-09-10,equity_l_exact,high,proposed,Archies Limited,EQ,02-SEP-1998,True,1.0,True,,,245,0,0.0,first_token_mismatch,EQUITY_L
Areva T&D India Ltd.,GVT&D,INE200A01026,2009-03-27,2009-03-27,token_match,medium,proposed,GE Vernova T&D India Limited,EQ,30-JUN-2008,True,0.5,False,2015-01-01,2026-08-31,2749,1342,48.82,first_token_mismatch;name_mismatch,EQUITY_L_token_match
Arshiya International Ltd.,ARSHIYA,INE968D01022,2012-04-27,2013-09-27,token_match,medium,proposed,Arshiya Limited,BZ,14-DEC-2009,True,0.5,True,,,349,0,0.0,first_token_mismatch;name_mismatch,EQUITY_L_token_match
Arvind Fashions Ltd.,ARVINDFASN,INE955V01021,2019-09-27,2020-06-26,equity_l_exact,high,auto,Arvind Fashions Limited,EQ,08-MAR-2019,True,1.0,True,2019-03-08,2026-08-31,238,238,100.0,,EQUITY_L
Arvind Ltd,ARVIND,INE034A01011,2015-12-14,2015-12-14,equity_l_exact,high,proposed,Arvind Limited,EQ,08-FEB-1995,True,1.0,True,2007-01-02,2026-08-31,1167,1167,100.0,first_token_mismatch;concurrent_alias_collision,EQUITY_L
Arvind Ltd.,ARVIND,INE034A01011,1998-08-01,2018-06-29,equity_l_exact,high,proposed,Arvind Limited,EQ,08-FEB-1995,True,1.0,True,2007-01-02,2026-08-31,2638,2638,100.0,first_token_mismatch;concurrent_alias_collision,EQUITY_L
Arvind Mills Ltd,ARVIND,INE034A01011,1999-05-26,1999-05-26,token_match,medium,proposed,Arvind Limited,EQ,08-FEB-1995,True,0.5,True,2007-01-02,2026-08-31,0,0,0.0,first_token_mismatch;name_mismatch,EQUITY_L_token_match
Arvind Polycot Ltd.,ARVIND,INE034A01011,1998-08-01,1999-05-26,token_match,medium,proposed,Arvind Limited,EQ,08-FEB-1995,True,0.5,True,2007-01-02,2026-08-31,0,0,0.0,first_token_mismatch;name_mismatch;concurrent_alias_collision,EQUITY_L_token_match
Asahi India Glass Ltd.,ASAHIINDIA,INE439A01020,2002-09-19,2020-09-14,equity_l_exact,high,auto,Asahi India Glass Limited,EQ,18-MAR-1998,True,1.0,True,2007-01-02,2026-08-31,3177,3177,100.0,,EQUITY_L
Ashiana Housing Ltd.,ASHIANA,INE365D01021,2016-04-01,2016-09-30,equity_l_exact,high,proposed,Ashiana Housing Limited,EQ,29-JUN-2011,True,1.0,True,,,123,0,0.0,,EQUITY_L
Ashima Ltd.,ASHIMASYN,INE440A01010,1999-05-26,2005-09-26,equity_l_exact,high,proposed,Ashima Limited,EQ,27-JUL-1995,True,1.0,True,,,0,0,0.0,first_token_mismatch,EQUITY_L
Ashok Leyland Finance Ltd.,ASHOKLEY,INE208A01029,1998-08-01,2004-07-09,token_match,medium,proposed,Ashok Leyland Limited,EQ,25-MAY-1995,True,0.6667,True,2007-01-02,2026-08-31,0,0,0.0,name_mismatch;concurrent_alias_collision,EQUITY_L_token_match
Ashok Leyland Ltd.,ASHOKLEY,INE208A01029,1998-08-01,2020-06-26,equity_l_exact,high,proposed,Ashok Leyland Limited,EQ,25-MAY-1995,True,1.0,True,2007-01-02,2026-08-31,3177,3177,100.0,concurrent_alias_collision,EQUITY_L
Ashoka Buildcon Ltd.,ASHOKA,INE442H01029,2014-09-19,2016-09-30,equity_l_exact,high,auto,Ashoka Buildcon Limited,EQ,14-OCT-2010,True,1.0,True,2010-10-14,2026-08-31,1463,1463,100.0,,EQUITY_L
Asian Coffee Ltd.,,,1998-08-01,1999-12-08,unresolved,low,unresolved,,,,False,0.0,False,,,0,0,0.0,no_candidate,
Asian Electronics Ltd.,,,1998-08-01,2011-03-25,unresolved,low,unresolved,,,,False,0.0,False,,,0,0,0.0,no_candidate,
Asian Hotels (North) Ltd.,ASIANHOTNR,INE363A01022,1998-08-01,2010-02-24,equity_l_exact,high,proposed,Asian Hotels (North) Limited,EQ,07-APR-2010,True,1.0,True,,,594,0,0.0,listing_after_first_seen,EQUITY_L
Asian Hotels Ltd. - Hotels,AHLEAST,INE926K01017,2000-09-01,2000-09-01,token_match,medium,proposed,Asian Hotels (East) Limited,EQ,11-AUG-2010,True,0.6667,True,,,0,0,0.0,name_mismatch;listing_after_first_seen,EQUITY_L_token_match
Asian Paints India Ltd.,ASIANPAINT,INE021A01026,2003-04-01,2003-04-01,token_match,high,proposed,Asian Paints Limited,EQ,31-MAY-1995,True,1.0,True,2007-01-02,2026-08-31,3146,3146,100.0,name_mismatch;concurrent_alias_collision,EQUITY_L_token_match
Asian Paints Ltd.,ASIANPAINT,INE021A01026,1996-09-18,2019-06-28,equity_l_exact,high,proposed,Asian Paints Limited,EQ,31-MAY-1995,True,1.0,True,2007-01-02,2026-08-31,3177,3177,100.0,concurrent_alias_collision,EQUITY_L
Assam Company India Ltd.,ASSAMENT,INE165G01010,1998-08-01,2002-07-09,token_match,medium,proposed,Assam Entrade Limited,EQ,17-AUG-2026,True,0.5,True,,,0,0,0.0,first_token_mismatch;name_mismatch;listing_after_first_seen,EQUITY_L_token_match
Aster DM Healthcare Ltd.,ASTERDM,INE914M01019,2018-06-29,2019-09-27,token_match,low,proposed,Aster DM Quality Care Limited,EQ,26-FEB-2018,True,0.4,True,2018-02-26,2026-08-31,540,540,100.0,name_mismatch,EQUITY_L_token_match
Astra Microwave Products Ltd.,ASTRAMICRO,INE386C01029,2016-09-30,2018-04-02,equity_l_exact,high,auto,Astra Microwave Products Limited,EQ,01-NOV-2004,True,1.0,True,2007-01-02,2026-08-31,370,370,100.0,,EQUITY_L
AstraZenca Pharma India Ltd.,,,1998-08-01,2019-03-29,unresolved,low,unresolved,,,,False,0.0,False,,,0,0,0.0,no_candidate,
Astral Poly Technik Ltd.,,,2014-09-19,2019-09-27,unresolved,low,unresolved,,,,False,0.0,False,,,0,0,0.0,no_candidate,
Atcom Technologies Ltd.,,,1998-08-01,2004-12-10,unresolved,low,unresolved,,,,False,0.0,False,,,0,0,0.0,no_candidate,
Atlas Copco (India) Ltd.,,,1998-08-01,2003-04-01,unresolved,low,unresolved,,,,False,0.0,False,,,0,0,0.0,no_candidate,
Atlas Cycle (Haryana) Ltd.,ATLASCYCLE,INE446A01025,1998-08-01,2007-04-04,token_match,medium,proposed,Atlas Cycles (Haryana) Limited,EQ,23-OCT-1996,True,0.5,True,,,0,0,0.0,first_token_mismatch;name_mismatch,EQUITY_L_token_match
Atul Ltd.,ATUL,INE100A01010,1998-08-01,2020-06-26,equity_l_exact,high,proposed,Atul Limited,EQ,06-MAY-1998,True,1.0,True,2007-01-02,2026-08-31,3177,3177,100.0,first_token_mismatch,EQUITY_L
Aurobindo Pharma Ltd.,AUROPHARMA,INE406A01037,1999-03-17,2020-06-26,equity_l_exact,high,auto,Aurobindo Pharma Limited,EQ,19-JUL-2000,True,1.0,True,2007-01-02,2026-08-31,3177,3177,100.0,listing_after_first_seen,EQUITY_L
Autoline Industries Ltd.,AUTOIND,INE718H01014,2012-09-28,2013-09-27,equity_l_exact,high,proposed,Autoline Industries Limited,EQ,31-JAN-2007,True,1.0,True,,,245,0,0.0,,EQUITY_L
Automotive Axles Ltd.,AUTOAXLES,INE449A01011,1998-08-01,2016-04-01,equity_l_exact,high,proposed,Automotive Axles Limited,EQ,29-MAY-2003,True,1.0,True,,,2084,0,0.0,listing_after_first_seen,EQUITY_L
Autoriders Finance Ltd.,,,1998-08-01,1999-09-08,unresolved,low,unresolved,,,,False,0.0,False,,,0,0,0.0,no_candidate,
Avanti Feeds Ltd.,AVANTIFEED,INE871C01038,2016-04-01,2019-03-29,equity_l_exact,high,auto,Avanti Feeds Limited,EQ,15-APR-2015,True,1.0,True,2010-01-08,2026-08-31,1094,1094,100.0,,EQUITY_L
Aventis Pharma Ltd.,,,1998-08-01,2009-03-27,unresolved,low,unresolved,,,,False,0.0,False,,,0,0,0.0,no_candidate,
Avenue Supermarts Ltd.,DMART,INE192R01011,2017-09-05,2020-06-26,equity_l_exact,high,auto,Avenue Supermarts Limited,EQ,21-MAR-2017,True,1.0,True,2017-03-21,2026-08-31,743,743,100.0,,EQUITY_L
Avery India Ltd.,,,1999-02-03,2001-08-31,unresolved,low,unresolved,,,,False,0.0,False,,,0,0,0.0,no_candidate,
Axis Bank Ltd.,AXISBANK,INE238A01034,2000-09-03,2020-06-26,equity_l_exact,high,proposed,Axis Bank Limited,EQ,16-NOV-1998,True,1.0,True,2007-01-02,2026-08-31,3177,3177,100.0,concurrent_alias_collision,EQUITY_L
Aztecsoft Ltd.,,,2001-12-07,2009-06-23,unresolved,low,unresolved,,,,False,0.0,False,,,0,0,0.0,no_candidate,
B L Kashyap & Sons Ltd.,BLKASHYAP,INE350H01032,2006-08-02,2011-10-10,equity_l_exact,high,proposed,B. L. Kashyap and Sons Limited,EQ,17-MAR-2006,True,1.0,True,,,998,0,0.0,,EQUITY_L
BASF India Ltd.,BASF,INE373A01013,1998-08-01,2018-04-02,equity_l_exact,high,proposed,BASF India Limited,EQ,17-MAY-1995,True,1.0,True,,,3177,0,0.0,,EQUITY_L
BEML Ltd.,BEML,INE258A01024,1998-08-01,2019-03-29,equity_l_exact,high,proposed,BEML Limited,EQ,05-NOV-2003,True,1.0,True,2007-01-02,2026-08-31,3177,3177,100.0,first_token_mismatch;listing_after_first_seen,EQUITY_L
BF Utilities Ltd.,BFUTILITIE,INE243D01012,2007-09-24,2018-09-28,equity_l_exact,high,proposed,BF Utilities Limited,EQ,03-MAY-2007,True,1.0,True,,,2208,0,0.0,,EQUITY_L
BGR Energy Systems Ltd,BGRENERGY,INE661I01014,2010-04-08,2018-09-28,equity_l_exact,high,proposed,BGR Energy Systems Limited,BE,03-JAN-2008,True,1.0,True,,,2078,0,0.0,,EQUITY_L
BIL Industries Ltd.,,,1998-08-01,1999-05-26,unresolved,low,unresolved,,,,False,0.0,False,,,0,0,0.0,no_candidate,
BOC India Ltd.,,,2003-04-07,2007-09-24,unresolved,low,unresolved,,,,False,0.0,False,,,0,0,0.0,no_candidate,
BPL Engineering Ltd.,BPL,INE110A01019,1998-08-01,2004-12-10,token_match,medium,proposed,BPL Limited,EQ,14-JUN-1995,True,0.5,True,,,0,0,0.0,first_token_mismatch;name_mismatch;concurrent_alias_collision,EQUITY_L_token_match
BPL Ltd.,BPL,INE110A01019,1998-08-01,2011-03-25,equity_l_exact,high,proposed,BPL Limited,EQ,14-JUN-1995,True,1.0,True,,,866,0,0.0,first_token_mismatch;concurrent_alias_collision,EQUITY_L
BSE Ltd.,BSE,INE118H01025,2017-09-29,2020-06-26,equity_l_exact,high,proposed,BSE Limited,EQ,03-FEB-2017,True,1.0,True,2017-02-03,2026-08-31,725,725,100.0,first_token_mismatch,EQUITY_L
BSL Ltd.,BSL,INE594B01012,2002-09-19,2006-03-02,equity_l_exact,high,proposed,BSL Limited,EQ,27-JUL-1995,True,1.0,True,,,0,0,0.0,first_token_mismatch,EQUITY_L
Bajaj Auto Ltd,BAJAJ-AUTO,INE917I01010,2008-03-14,2008-03-14,equity_l_exact,high,auto,Bajaj Auto Limited,EQ,26-MAY-2008,True,1.0,True,2007-01-02,2026-08-31,1,1,100.0,listing_after_first_seen,EQUITY_L
Bajaj Auto Ltd.,BAJAJ-AUTO,INE917I01010,1998-08-01,2013-01-14,equity_l_exact,high,proposed,Bajaj Auto Limited,EQ,26-MAY-2008,True,1.0,True,2007-01-02,2026-08-31,2761,2761,100.0,listing_after_first_seen;concurrent_alias_collision,EQUITY_L
Bajaj Corp Ltd.,BAJAJ-AUTO,INE917I01010,2013-09-27,2017-09-29,token_match,medium,proposed,Bajaj Auto Limited,EQ,26-MAY-2008,True,0.5,True,2007-01-02,2026-08-31,1701,1701,100.0,first_token_mismatch;name_mismatch;concurrent_alias_collision,EQUITY_L_token_match
Bajaj Electricals Ltd,BAJAJELEC,INE193E01025,2011-03-25,2018-09-28,equity_l_exact,high,auto,Bajaj Electricals Limited,EQ,02-NOV-2007,True,1.0,True,2007-11-02,2026-08-31,2312,2312,100.0,,EQUITY_L
Bajaj Finance Ltd.,BAJFINANCE,INE296A01032,1998-08-01,2020-06-26,equity_l_exact,high,auto,Bajaj Finance Limited,EQ,01-APR-2003,True,1.0,True,2007-01-02,2026-08-31,3177,3177,100.0,listing_after_first_seen,EQUITY_L
Bajaj Finserv Ltd.,BAJAJFINSV,INE918I01026,2008-09-10,2020-06-26,equity_l_exact,high,auto,Bajaj Finserv Limited,EQ,26-MAY-2008,True,1.0,True,2007-01-02,2026-08-31,2933,2933,100.0,,EQUITY_L
Bajaj Hindusthan Ltd.,BAJAJHIND,INE306A01021,1998-08-01,2013-04-08,token_match,medium,proposed,Bajaj Hindusthan Sugar Limited,EQ,10-MAY-1995,True,0.6667,True,,,3121,0,0.0,name_mismatch;concurrent_alias_collision,EQUITY_L_token_match
Bajaj Hindusthan Sugar Ltd.,BAJAJHIND,INE306A01021,2010-10-01,2018-09-28,equity_l_exact,high,proposed,Bajaj Hindusthan Sugar Limited,EQ,10-MAY-1995,True,1.0,True,,,63,0,0.0,concurrent_alias_collision,EQUITY_L
Bajaj Holdings & Investment Ltd.,BAJAJHLDNG,INE118A01012,2008-09-10,2020-06-26,equity_l_exact,high,auto,Bajaj Holdings & Investment Limited,EQ,15-MAR-1995,True,1.0,True,2007-01-02,2026-08-31,2933,2933,100.0,,EQUITY_L
Bajaj Tempo Ltd.,,,1998-08-01,2001-04-25,unresolved,low,unresolved,,,,False,0.0,False,,,0,0,0.0,no_candidate,
Balaji Distilleries Ltd.,,,1998-08-01,2004-03-15,unresolved,low,unresolved,,,,False,0.0,False,,,0,0,0.0,no_candidate,
Balaji Telefilms Ltd.,BALAJITELE,INE794B01026,2001-10-01,2020-06-26,equity_l_exact,high,proposed,Balaji Telefilms Limited,EQ,22-NOV-2000,True,1.0,True,,,1676,0,0.0,,EQUITY_L
Balkrishna Industries Ltd.,BALKRISIND,INE787D01026,2012-09-28,2020-06-26,equity_l_exact,high,auto,Balkrishna Industries Limited,EQ,27-JAN-2006,True,1.0,True,2007-01-02,2026-08-31,1914,1914,100.0,,EQUITY_L
Ballarpur Industries Ltd.,,,1998-08-01,2018-09-28,unresolved,low,unresolved,,,,False,0.0,False,,,0,0,0.0,no_candidate,
Balmer Lawrie & Co. Ltd.,BALMLAWRIE,INE164A01016,2002-07-09,2002-07-09,equity_l_exact,high,proposed,Balmer Lawrie & Company Limited,EQ,06-JUL-1995,True,1.0,True,,,3177,0,0.0,,EQUITY_L
Balrampur Chini Mills Ltd.,BALRAMCHIN,INE119A01028,1998-08-01,2019-12-27,equity_l_exact,high,auto,Balrampur Chini Mills Limited,EQ,08-FEB-1995,True,1.0,True,2007-01-02,2026-08-31,3177,3177,100.0,,EQUITY_L
Banco Products (India) Ltd.,BANCOINDIA,INE213C01025,2010-04-08,2013-04-01,token_match,medium,proposed,Banco Products (I) Limited,EQ,22-DEC-2006,True,0.6667,True,2007-01-02,2026-08-31,733,733,100.0,name_mismatch,EQUITY_L_token_match
Bandhan Bank Ltd.,BANDHANBNK,INE545U01014,2018-09-28,2020-06-26,equity_l_exact,high,auto,Bandhan Bank Limited,EQ,27-MAR-2018,True,1.0,True,2018-03-27,2026-08-31,479,479,100.0,,EQUITY_L
Bank Of India,BANKINDIA,INE084A01016,2002-10-28,2002-10-28,equity_l_exact,high,proposed,Bank of India,EQ,30-APR-1997,True,1.0,True,2007-01-02,2026-08-31,3146,3146,100.0,concurrent_alias_collision,EQUITY_L
Bank of Baroda,BANKBARODA,INE028A01039,1998-08-01,2019-09-27,equity_l_exact,high,auto,Bank of Baroda,EQ,19-FEB-1997,True,1.0,True,2007-01-02,2026-08-31,3177,3177,100.0,,EQUITY_L
Bank of India,BANKINDIA,INE084A01016,1998-08-01,2020-06-26,equity_l_exact,high,proposed,Bank of India,EQ,30-APR-1997,True,1.0,True,2007-01-02,2026-08-31,3177,3177,100.0,concurrent_alias_collision,EQUITY_L
Bank of Maharashtra,MAHABANK,INE457A01014,2011-10-10,2011-10-10,equity_l_exact,high,proposed,Bank of Maharashtra,EQ,12-APR-2004,True,1.0,True,2015-01-01,2026-08-31,1,0,0.0,,EQUITY_L
Bank of Maharashtra.,MAHABANK,INE457A01014,2010-10-01,2019-12-27,equity_l_exact,high,proposed,Bank of Maharashtra,EQ,12-APR-2004,True,1.0,True,2015-01-01,2026-08-31,843,540,64.06,,EQUITY_L
Bank of Punjab Ltd.,BANKINDIA,INE084A01016,2001-08-31,2005-10-06,token_match,medium,proposed,Bank of India,EQ,30-APR-1997,True,0.6667,True,2007-01-02,2026-08-31,0,0,0.0,name_mismatch;concurrent_alias_collision,EQUITY_L_token_match
Bank of Rajasthan Ltd.,BANKINDIA,INE084A01016,2002-03-29,2004-03-01,token_match,medium,proposed,Bank of India,EQ,30-APR-1997,True,0.6667,True,2007-01-02,2026-08-31,0,0,0.0,name_mismatch;concurrent_alias_collision,EQUITY_L_token_match
Bannari Amman Sugars Ltd.,BANARISUG,INE459A01010,1998-08-01,2013-09-27,equity_l_exact,high,proposed,Bannari Amman Sugars Limited,EQ,28-MAY-2003,True,1.0,True,,,1477,0,0.0,listing_after_first_seen,EQUITY_L
Baroda Rayon Corporation Ltd.,,,1998-08-01,2000-09-03,unresolved,low,unresolved,,,,False,0.0,False,,,0,0,0.0,no_candidate,
Bata India Ltd.,BATAINDIA,INE176A01028,1998-08-01,2019-06-28,equity_l_exact,high,auto,Bata India Limited,EQ,18-JUN-2003,True,1.0,True,2007-01-02,2026-08-31,3177,3177,100.0,listing_after_first_seen,EQUITY_L
Bayer Cropscience India Ltd. -Erstwhile,BAYERCROP,INE462A01022,2000-01-12,2003-11-21,token_match,medium,proposed,Bayer Cropscience Limited,EQ,08-JAN-2010,True,0.6667,True,2010-01-08,2026-08-31,0,0,0.0,name_mismatch;listing_after_first_seen;concurrent_alias_collision;predecessor_marker,EQUITY_L_token_match
Bayer Cropscience Ltd.,BAYERCROP,INE462A01022,1998-08-01,2019-09-27,equity_l_exact,high,proposed,Bayer Cropscience Limited,EQ,08-JAN-2010,True,1.0,True,2010-01-08,2026-08-31,207,207,100.0,listing_after_first_seen;concurrent_alias_collision,EQUITY_L
Bell Ceramics Ltd.,,,1998-08-01,1999-09-08,unresolved,low,unresolved,,,,False,0.0,False,,,0,0,0.0,no_candidate,
Berger Paints India Ltd.,BERGEPAINT,INE463A01038,1998-08-01,2020-06-26,agent_memory,low,proposed,Berger Paints (I) Limited,EQ,24-NOV-1999,True,0.5,True,2007-01-02,2026-08-31,3177,3177,100.0,name_mismatch;listing_after_first_seen;unsourced,agent_memory_unsourced
Bhansali Engineering Polymers Ltd.,BEPL,INE922A01025,2005-09-26,2013-04-01,equity_l_exact,high,proposed,Bhansali Engineering Polymers Limited,EQ,21-MAR-2005,True,1.0,True,,,1354,0,0.0,,EQUITY_L
Bharat Bijlee Ltd.,BBL,INE464A01036,1998-08-01,2000-09-03,equity_l_exact,high,proposed,Bharat Bijlee Limited,EQ,21-NOV-2006,True,1.0,True,,,0,0,0.0,listing_after_first_seen,EQUITY_L
Bharat Dynamics Ltd.,BDL,INE171Z01026,2018-08-08,2018-08-08,equity_l_exact,high,auto,Bharat Dynamics Limited,EQ,23-MAR-2018,True,1.0,True,2018-03-23,2026-08-31,512,512,100.0,,EQUITY_L
Bharat Electronics Ltd.,BEL,INE263A01024,1998-08-01,2020-06-26,equity_l_exact,high,auto,Bharat Electronics Limited,EQ,19-JUL-2000,True,1.0,True,2007-01-02,2026-08-31,3177,3177,100.0,listing_after_first_seen,EQUITY_L
Bharat Financial Inclusion Ltd.,,,2011-03-25,2018-12-28,unresolved,low,unresolved,,,,False,0.0,False,,,0,0,0.0,no_candidate,
Bharat Forge Limited,BHARATFORG,INE465A01025,2011-05-27,2011-05-27,equity_l_exact,high,proposed,Bharat Forge Limited,EQ,04-APR-2003,True,1.0,True,2007-01-02,2026-08-31,2214,2214,100.0,concurrent_alias_collision,EQUITY_L
Bharat Forge Ltd.,BHARATFORG,INE465A01025,1998-08-01,2018-04-02,equity_l_exact,high,proposed,Bharat Forge Limited,EQ,04-APR-2003,True,1.0,True,2007-01-02,2026-08-31,3177,3177,100.0,listing_after_first_seen;concurrent_alias_collision,EQUITY_L
Bharat Heavy Electricals Ltd.,BHEL,INE257A01026,1997-05-14,2019-12-27,equity_l_exact,high,auto,Bharat Heavy Electricals Limited,EQ,11-NOV-2003,True,1.0,True,2007-01-02,2026-08-31,3177,3177,100.0,listing_after_first_seen,EQUITY_L
Bharat Hotels Ltd. - Delisted,,,2002-09-19,2003-06-17,unresolved,low,unresolved,,,,False,0.0,False,,,0,0,0.0,no_candidate,
Bharat Petroleum Corporation Ltd.,BPCL,INE029A01011,1997-12-24,2019-09-27,equity_l_exact,high,auto,Bharat Petroleum Corporation Limited,EQ,13-SEP-1995,True,1.0,True,2007-01-02,2026-08-31,3177,3177,100.0,,EQUITY_L
Bharat Rasayan Ltd.,BHARATRAS,INE838B01021,2020-06-26,2020-06-26,equity_l_exact,high,proposed,Bharat Rasayan Limited,EQ,11-OCT-1995,True,1.0,True,,,57,0,0.0,,EQUITY_L
Bharti Airtel Ltd.,BHARTIARTL,INE397D01024,2003-03-17,2020-06-26,equity_l_exact,high,auto,Bharti Airtel Limited,EQ,15-FEB-2002,True,1.0,True,2007-01-02,2026-08-31,3177,3177,100.0,,EQUITY_L
Bharti Infratel Ltd.,,,2013-04-01,2017-12-29,unresolved,low,unresolved,,,,False,0.0,False,,,0,0,0.0,no_candidate,
Bharti Tele-Ventures Ltd.,,,2003-08-04,2004-03-01,unresolved,low,unresolved,,,,False,0.0,False,,,0,0,0.0,no_candidate,
Bharti Telecom Ltd.-Suspended,,,1998-08-01,1999-12-08,unresolved,low,unresolved,,,,False,0.0,False,,,0,0,0.0,no_candidate,
Bhushan Steel Ltd.,,,2002-07-09,2018-09-28,unresolved,low,unresolved,,,,False,0.0,False,,,0,0,0.0,no_candidate,
Binani Cement Ltd.,,,2010-04-08,2011-05-18,unresolved,low,unresolved,,,,False,0.0,False,,,0,0,0.0,no_candidate,
Binani Industries Ltd.,,,1998-08-01,2002-09-19,unresolved,low,unresolved,,,,False,0.0,False,,,0,0,0.0,no_candidate,
Biocon Ltd.,BIOCON,INE376G01013,2004-07-12,2019-03-29,equity_l_exact,high,proposed,Biocon Limited,EQ,07-APR-2004,True,1.0,True,2007-01-02,2026-08-31,3177,3177,100.0,first_token_mismatch,EQUITY_L
Birla Corporation Ltd.,BIRLACORPN,INE340A01012,1998-08-01,2020-06-26,equity_l_exact,high,auto,Birla Corporation Limited,EQ,12-APR-1995,True,1.0,True,2007-01-02,2026-08-31,3177,3177,100.0,,EQUITY_L
Birla Ericsson Optical Ltd.,,,1999-09-08,2007-09-24,unresolved,low,unresolved,,,,False,0.0,False,,,0,0,0.0,no_candidate,
Birla Global Finance Ltd.,,,1998-08-01,2006-07-10,unresolved,low,unresolved,,,,False,0.0,False,,,0,0,0.0,no_candidate,
Birla Power Solutions Ltd.,,,1998-08-01,2002-03-29,unresolved,low,unresolved,,,,False,0.0,False,,,0,0,0.0,no_candidate,
Birlasoft Ltd.,BSOFT,INE836A01035,2019-09-27,2019-09-27,equity_l_exact,high,proposed,BIRLASOFT LIMITED,EQ,24-NOV-1999,True,1.0,True,2007-01-02,2026-08-31,238,238,100.0,first_token_mismatch,EQUITY_L
Bliss GVS Pharma Ltd.,BLISSGVS,INE416D01022,2016-04-01,2016-04-01,equity_l_exact,high,proposed,Bliss GVS Pharma Limited,BE,26-JUL-2010,True,1.0,True,,,1094,0,0.0,,EQUITY_L
Blow Plast Ltd.,,,1998-08-01,2002-04-23,unresolved,low,unresolved,,,,False,0.0,False,,,0,0,0.0,no_candidate,
Blue Dart Express Ltd.,BLUEDART,INE233B01017,1999-09-08,2016-11-15,equity_l_exact,high,auto,Blue Dart Express Limited,EQ,12-DEC-2002,True,1.0,True,2007-01-02,2026-08-31,3177,3177,100.0,listing_after_first_seen,EQUITY_L
Blue Star Infotech Ltd.,BLUESTARCO,INE472A01039,2002-04-23,2008-09-10,token_match,medium,proposed,Blue Star Limited,EQ,15-JUN-2000,True,0.6667,True,2007-01-02,2026-08-31,245,245,100.0,name_mismatch;concurrent_alias_collision,EQUITY_L_token_match
Blue Star Ltd.,BLUESTARCO,INE472A01039,1998-08-01,2019-09-24,equity_l_exact,high,proposed,Blue Star Limited,EQ,15-JUN-2000,True,1.0,True,2007-01-02,2026-08-31,3177,3177,100.0,listing_after_first_seen;concurrent_alias_collision,EQUITY_L
Bombay Burmah Trading Corporation Ltd.,BBTC,INE050A01025,1998-08-01,2019-09-27,token_match,high,proposed,The Bombay Burmah Trading Corporation Limited,EQ,03-APR-1996,True,0.75,True,2007-01-02,2026-08-31,818,818,100.0,name_mismatch,EQUITY_L_token_match
Bombay Dyeing & Manufacturing Co. Ltd.,BOMDYEING,INE032A01023,1998-08-01,2019-09-27,token_match,medium,proposed,Bombay Dyeing & Mfg Company Limited,EQ,26-APR-1995,True,0.6,True,,,3177,0,0.0,name_mismatch,EQUITY_L_token_match
Bombay Dyeing & Mnfg Co. Ltd.,BOMDYEING,INE032A01023,2002-10-28,2002-10-28,token_match,medium,proposed,Bombay Dyeing & Mfg Company Limited,EQ,26-APR-1995,True,0.6,True,,,0,0,0.0,name_mismatch,EQUITY_L_token_match
Bombay Rayon Fashions Ltd.,,,2007-04-04,2018-09-28,unresolved,low,unresolved,,,,False,0.0,False,,,0,0,0.0,no_candidate,
Bongaigaon Refinery & Petrochemicals Ltd.,MRPL,INE103A01014,1998-08-01,2009-04-21,token_match,medium,proposed,Mangalore Refinery and Petrochemicals Limited,EQ,07-JAN-2005,True,0.6,False,2015-01-01,2026-08-31,386,0,0.0,first_token_mismatch;name_mismatch;listing_after_first_seen;concurrent_alias_collision,EQUITY_L_token_match
Bosch Chassis Systems India Ltd.,,,2005-03-04,2008-10-31,unresolved,low,unresolved,,,,False,0.0,False,,,0,0,0.0,no_candidate,
Bosch Ltd.,BOSCHLTD,INE323A01026,1998-08-01,2018-04-02,equity_l_exact,high,proposed,Bosch Limited,EQ,12-MAY-2003,True,1.0,True,2007-01-02,2026-08-31,3177,3177,100.0,first_token_mismatch;listing_after_first_seen,EQUITY_L
Brabourne Enterprises Ltd.,,,1998-08-01,2008-02-15,unresolved,low,unresolved,,,,False,0.0,False,,,0,0,0.0,no_candidate,
Brigade Enterprises Ltd.,BRIGADE,INE791I01019,2010-03-09,2017-09-29,equity_l_exact,high,auto,Brigade Enterprises Limited,EQ,31-DEC-2007,True,1.0,True,2007-12-31,2026-08-31,2397,2397,100.0,,EQUITY_L
Britannia Industries Ltd.,BRITANNIA,INE216A01030,1998-08-01,2019-09-27,equity_l_exact,high,auto,Britannia Industries Limited,EQ,05-NOV-1998,True,1.0,True,2007-01-02,2026-08-31,3177,3177,100.0,listing_after_first_seen,EQUITY_L
Brooke Bond Lipton India Ltd.,,,1997-05-07,1997-05-07,unresolved,low,unresolved,,,,False,0.0,False,,,0,0,0.0,no_candidate,
Burroughs Welcome (India) Ltd.,,,2002-01-17,2002-01-17,unresolved,low,unresolved,,,,False,0.0,False,,,0,0,0.0,no_candidate,
Burroughs Wellcome (India) Ltd.,,,1998-08-01,2003-04-01,unresolved,low,unresolved,,,,False,0.0,False,,,0,0,0.0,no_candidate,
CARE Ltd.,CARERATING,INE752H01013,2014-03-28,2016-04-01,token_match,medium,proposed,CARE Ratings Limited,EQ,26-DEC-2012,True,0.5,True,,,1580,0,0.0,first_token_mismatch;name_mismatch;concurrent_alias_collision,EQUITY_L_token_match
CARE Ratings Ltd.,CARERATING,INE752H01013,2017-12-29,2020-06-26,equity_l_exact,high,proposed,CARE Ratings Limited,EQ,26-DEC-2012,True,1.0,True,,,548,0,0.0,concurrent_alias_collision,EQUITY_L
CCL Products (I) Ltd.,CCL,INE421D01022,2015-10-19,2016-04-29,token_match,medium,proposed,CCL Products (India) Limited,EQ,07-JUN-2004,True,0.6667,True,2007-01-02,2026-08-31,1203,1203,100.0,name_mismatch,EQUITY_L_token_match
CESC Ltd.,CESC,INE486A01021,1998-08-01,2020-06-26,equity_l_exact,high,proposed,CESC Limited,EQ,08-FEB-1995,True,1.0,True,2007-01-02,2026-08-31,2941,2941,100.0,first_token_mismatch,EQUITY_L
CFL Capital Financial Services Ltd.,NAHARCAP,INE049I01012,1998-08-01,2002-11-11,token_match,medium,proposed,Nahar Capital and Financial Services Limited,EQ,11-MAR-2008,True,0.5,False,,,0,0,0.0,first_token_mismatch;name_mismatch;listing_after_first_seen,EQUITY_L_token_match
CG Power and Industrial Solutions Ltd.,CGPOWER,INE067A01029,2015-03-27,2019-12-26,equity_l_exact,high,auto,CG Power and Industrial Solutions Limited,EQ,01-MAR-1995,True,1.0,True,2007-01-02,2026-08-31,737,737,100.0,,EQUITY_L
CMC Ltd.,,,1998-10-07,2015-09-28,unresolved,low,unresolved,,,,False,0.0,False,,,0,0,0.0,no_candidate,
CORE Education & Technologies Ltd.,,,2009-01-12,2014-09-19,unresolved,low,unresolved,,,,False,0.0,False,,,0,0,0.0,no_candidate,
CRISIL Ltd.,CRISIL,INE007A01025,1998-08-01,2018-09-28,equity_l_exact,high,proposed,Crisil Limited,EQ,28-JUN-1995,True,1.0,True,2007-01-02,2026-08-31,3177,3177,100.0,first_token_mismatch,EQUITY_L
CSB Bank Ltd.,CSBBANK,INE679A01013,2020-06-26,2020-06-26,equity_l_exact,high,auto,CSB Bank Limited,EQ,04-DEC-2019,True,1.0,True,2019-12-04,2026-08-31,57,57,100.0,,EQUITY_L
Cable Corporation of India Ltd.,,,1998-08-01,2001-08-31,unresolved,low,unresolved,,,,False,0.0,False,,,0,0,0.0,no_candidate,
Cabot India Ltd.,,,1998-08-01,2002-07-09,unresolved,low,unresolved,,,,False,0.0,False,,,0,0,0.0,no_candidate,
Cadbury India Ltd.,,,1998-08-01,2002-10-28,unresolved,low,unresolved,,,,False,0.0,False,,,0,0,0.0,no_candidate,
Cadila Healthcare Ltd.,,,2001-04-25,2018-04-02,unresolved,low,unresolved,,,,False,0.0,False,,,0,0,0.0,no_candidate,
Cairn India Ltd.,,,2007-09-24,2016-11-15,unresolved,low,unresolved,,,,False,0.0,False,,,0,0,0.0,no_candidate,
Camlin Fine Sciences Ltd.,CAMLINFINE,INE052I01032,2015-09-28,2016-04-01,equity_l_exact,high,proposed,Camlin Fine Sciences Limited,EQ,20-JAN-2015,True,1.0,True,,,124,0,0.0,,EQUITY_L
Can Fin Homes Ltd.,CANFINHOME,INE477A01020,2002-04-23,2020-06-26,equity_l_exact,high,auto,Can Fin Homes Limited,EQ,10-MAY-1995,True,1.0,True,2007-01-02,2026-08-31,3177,3177,100.0,,EQUITY_L
Canara Bank,CANBK,INE476A01022,2003-05-02,2019-03-29,equity_l_exact,high,auto,Canara Bank,EQ,23-DEC-2002,True,1.0,True,2007-01-02,2026-08-31,3177,3177,100.0,,EQUITY_L
Capital First Ltd.,,,2009-03-27,2018-12-28,unresolved,low,unresolved,,,,False,0.0,False,,,0,0,0.0,no_candidate,
Caplin Point Laboratories Ltd.,CAPLIPOINT,INE475E01026,2016-04-01,2016-04-01,equity_l_exact,high,auto,Caplin Point Laboratories Limited,EQ,23-JUN-2014,True,1.0,True,2014-06-23,2026-08-31,1094,1094,100.0,,EQUITY_L
Capri Global Capital Ltd.,CGCL,INE180C01042,2019-09-27,2019-09-27,equity_l_exact,high,auto,Capri Global Capital Limited,EQ,29-OCT-2010,True,1.0,True,2010-10-29,2026-08-31,238,238,100.0,,EQUITY_L
Caprihans India Ltd.,,,1998-08-01,2002-03-29,unresolved,low,unresolved,,,,False,0.0,False,,,0,0,0.0,no_candidate,
Carborundum Universal Ltd.,CARBORUNIV,INE120A01034,1998-08-01,2016-09-30,equity_l_exact,high,auto,Carborundum Universal Limited,EQ,03-APR-1996,True,1.0,True,2007-01-02,2026-08-31,2084,2084,100.0,,EQUITY_L
Carol Info Services Ltd.,,,2001-04-25,2012-03-09,unresolved,low,unresolved,,,,False,0.0,False,,,0,0,0.0,no_candidate,
Carrier Aircon Ltd.,,,1998-08-01,2003-04-01,unresolved,low,unresolved,,,,False,0.0,False,,,0,0,0.0,no_candidate,
Castex Technologies Ltd.,,,2016-04-01,2016-09-30,unresolved,low,unresolved,,,,False,0.0,False,,,0,0,0.0,no_candidate,
Castrol (India) Ltd.,CASTROLIND,INE172A01027,1998-08-01,2014-02-28,equity_l_exact,high,auto,Castrol India Limited,EQ,14-MAR-2014,True,1.0,True,2007-01-02,2026-08-31,1579,1579,100.0,listing_after_first_seen,EQUITY_L
Castrol (India) Ltd.-Old,CASTROLIND,INE172A01027,2009-03-27,2013-09-27,token_match,medium,proposed,Castrol India Limited,EQ,14-MAR-2014,True,0.5,True,2007-01-02,2026-08-31,1105,1105,100.0,name_mismatch;listing_after_first_seen;predecessor_marker,EQUITY_L_token_match
Castrol India Ltd.,CASTROLIND,INE172A01027,2014-07-28,2020-06-26,equity_l_exact,high,auto,Castrol India Limited,EQ,14-MAR-2014,True,1.0,True,2007-01-02,2026-08-31,1499,1499,100.0,,EQUITY_L
Ceat Ltd.,CEATLTD,INE482A01020,1998-08-01,2018-06-29,equity_l_exact,high,proposed,CEAT Limited,EQ,01-FEB-2008,True,1.0,True,2008-02-01,2026-08-31,922,853,92.52,first_token_mismatch;listing_after_first_seen,EQUITY_L
Centak Chemicals Ltd.,,,1998-08-01,2002-03-29,unresolved,low,unresolved,,,,False,0.0,False,,,0,0,0.0,no_candidate,
Central Bank of India,CENTRALBK,INE483A01010,2008-03-14,2019-03-29,equity_l_exact,high,auto,Central Bank of India,EQ,21-AUG-2007,True,1.0,True,2007-08-21,2026-08-31,3053,3053,100.0,,EQUITY_L
Central Depository Services (India) Ltd.,CDSL,INE736A01011,2018-04-02,2020-06-26,equity_l_exact,high,auto,Central Depository Services (India) Limited,EQ,30-JUN-2017,True,1.0,True,2017-06-30,2026-08-31,603,603,100.0,,EQUITY_L
Central India Polyesters Ltd.,,,2003-04-07,2006-10-05,unresolved,low,unresolved,,,,False,0.0,False,,,0,0,0.0,no_candidate,
Centurion Bank Ltd.,,,2001-08-31,2004-01-28,unresolved,low,unresolved,,,,False,0.0,False,,,0,0,0.0,no_candidate,
Centurion Bank of Punjab Ltd.,BANKINDIA,INE084A01016,2008-03-14,2008-06-09,token_match,medium,proposed,Bank of India,EQ,30-APR-1997,True,0.5,False,2007-01-02,2026-08-31,2,2,100.0,first_token_mismatch;name_mismatch;concurrent_alias_collision,EQUITY_L_token_match
Century Enka Ltd.,CENTENKA,INE485A01015,1998-08-01,2016-04-01,equity_l_exact,high,proposed,Century Enka Limited,EQ,10-MAY-1995,True,1.0,True,,,2084,0,0.0,,EQUITY_L
Century Plyboards (India) Ltd.,CENTURYPLY,INE348B01021,2009-06-23,2016-09-30,equity_l_exact,high,auto,Century Plyboards (India) Limited,EQ,23-MAR-2006,True,1.0,True,2007-01-02,2026-08-31,1916,1916,100.0,,EQUITY_L
Century Textile & Industries Ltd.,,,1998-08-01,2020-06-26,unresolved,low,unresolved,,,,False,0.0,False,,,0,0,0.0,no_candidate,
Cera Sanitaryware Ltd,CERA,INE739E01017,2016-04-01,2016-04-01,equity_l_exact,high,auto,Cera Sanitaryware Limited,EQ,02-NOV-2007,True,1.0,True,2007-11-02,2026-08-31,1094,1094,100.0,,EQUITY_L
Chalet Hotels Ltd.,CHALET,INE427F01016,2019-06-28,2020-06-26,equity_l_exact,high,auto,Chalet Hotels Limited,EQ,07-FEB-2019,True,1.0,True,2019-02-07,2026-08-31,243,243,100.0,,EQUITY_L
Chambal Fertilizers & Chemicals Ltd.,CHAMBLFERT,INE085A01013,1996-09-18,2014-10-29,equity_l_exact,high,proposed,Chambal Fertilizers & Chemicals Limited,EQ,14-JUN-1995,True,1.0,True,2007-01-02,2026-08-31,3177,3177,100.0,concurrent_alias_collision,EQUITY_L
Cheminor Drugs Ltd.,,,1998-08-01,2000-12-13,unresolved,low,unresolved,,,,False,0.0,False,,,0,0,0.0,no_candidate,
Chemplast Sanmar Ltd.,CHEMPLASTS,INE488A01050,1998-08-01,2012-06-18,equity_l_exact,high,proposed,Chemplast Sanmar Limited,EQ,24-AUG-2021,True,1.0,True,,,1163,0,0.0,listing_after_first_seen,EQUITY_L
Chennai Petroleum Corporation Ltd.,CHENNPETRO,INE178A01016,1998-08-01,2020-06-26,equity_l_exact,high,auto,Chennai Petroleum Corporation Limited,EQ,07-JUN-2000,True,1.0,True,2007-01-02,2026-08-31,3177,3177,100.0,listing_after_first_seen,EQUITY_L
Chettinad Cement Corporation Ltd.,,,1999-02-03,2009-10-22,unresolved,low,unresolved,,,,False,0.0,False,,,0,0,0.0,no_candidate,
Chicago Pneumatic India Ltd.,,,1998-08-01,2001-01-10,unresolved,low,unresolved,,,,False,0.0,False,,,0,0,0.0,no_candidate,
Cholamandalam Investment and Finance Company Ltd.,CHOLAFIN,INE121A01024,1999-02-03,2019-03-29,equity_l_exact,high,auto,Cholamandalam Investment and Finance Company Limited,EQ,15-MAY-1996,True,1.0,True,2007-01-02,2026-08-31,3177,3177,100.0,,EQUITY_L
Chowgule Steamships Ltd.,,,1998-08-01,1999-09-08,unresolved,low,unresolved,,,,False,0.0,False,,,0,0,0.0,no_candidate,
Ciba Speciality Chemicals (India) Ltd.,CHEMCON,INE03YM01018,1999-12-08,2003-04-07,token_match,medium,proposed,Chemcon Speciality Chemicals Limited,BE,01-OCT-2020,True,0.5,False,,,0,0,0.0,first_token_mismatch;name_mismatch;listing_after_first_seen,EQUITY_L_token_match
Cinevista Ltd.,CINEVISTA,INE039B01026,2001-08-31,2007-04-04,equity_l_exact,high,proposed,Cinevista Limited,EQ,02-MAY-2000,True,1.0,True,,,0,0,0.0,first_token_mismatch,EQUITY_L
Cipla Ltd.,CIPLA,INE059A01026,1998-08-01,2019-09-27,equity_l_exact,high,proposed,Cipla Limited,EQ,08-FEB-1995,True,1.0,True,2007-01-02,2026-08-31,3177,3177,100.0,first_token_mismatch,EQUITY_L
City Union Bank Ltd.,CUB,INE491A01021,2002-04-23,2020-06-26,equity_l_exact,high,auto,City Union Bank Limited,EQ,25-AUG-1998,True,1.0,True,2007-01-02,2026-08-31,3177,3177,100.0,,EQUITY_L
Clariant (India) Ltd.,,,1998-08-01,2006-04-13,unresolved,low,unresolved,,,,False,0.0,False,,,0,0,0.0,no_candidate,
Clariant Chemicals (India) Ltd.,,,1998-08-01,2016-09-30,unresolved,low,unresolved,,,,False,0.0,False,,,0,0,0.0,no_candidate,
Coal India Ltd.,COALINDIA,INE522F01014,2011-03-25,2015-03-27,equity_l_exact,high,auto,Coal India Limited,EQ,04-NOV-2010,True,1.0,True,2010-11-04,2026-08-31,2312,2312,100.0,,EQUITY_L
Cochin Shipyard Ltd.,COCHINSHIP,INE704P01025,2018-02-05,2020-01-24,equity_l_exact,high,auto,Cochin Shipyard Limited,EQ,11-AUG-2017,True,1.0,True,2017-08-11,2026-08-31,639,639,100.0,,EQUITY_L
Coffee Day Enterprises Ltd.,COFFEEDAY,INE335K01011,2016-09-30,2019-12-26,equity_l_exact,high,proposed,Coffee Day Enterprises Limited,EQ,02-NOV-2015,True,1.0,True,,,793,0,0.0,,EQUITY_L
Colgate Palmolive (I) Ltd,COLPAL,INE259A01022,2005-09-26,2005-09-26,token_match,medium,proposed,Colgate Palmolive (India) Limited,EQ,17-DEC-2007,True,0.6667,True,2007-01-02,2026-08-31,0,0,0.0,name_mismatch;listing_after_first_seen,EQUITY_L_token_match
Colgate Palmolive (India) Ltd.,COLPAL,INE259A01022,1998-08-01,2019-06-28,equity_l_exact,high,auto,Colgate Palmolive (India) Limited,EQ,17-DEC-2007,True,1.0,True,2007-01-02,2026-08-31,3146,3146,100.0,listing_after_first_seen,EQUITY_L
Compudyne Winfosystems Ltd.,,,2002-09-19,2004-11-18,unresolved,low,unresolved,,,,False,0.0,False,,,0,0,0.0,no_candidate,
Consolidated Finvest & Holdings Ltd.,CONSOFINVT,INE025A01027,2005-09-26,2010-04-08,equity_l_exact,high,proposed,Consolidated Finvest & Holdings Limited,BE,29-MAR-2005,True,1.0,True,,,622,0,0.0,,EQUITY_L
Container Corporation of India Ltd.,CONCOR,INE111A01025,1998-08-01,2018-10-26,equity_l_exact,high,auto,Container Corporation of India Limited,EQ,07-MAY-1997,True,1.0,True,2007-01-02,2026-08-31,3177,3177,100.0,,EQUITY_L
Core Healthcare Ltd.,,,1998-08-01,2000-05-24,unresolved,low,unresolved,,,,False,0.0,False,,,0,0,0.0,no_candidate,
Coromandel International Ltd.,COROMANDEL,INE169A01031,2002-09-19,2020-07-31,equity_l_exact,high,auto,Coromandel International Limited,EQ,31-MAY-1995,True,1.0,True,2007-01-02,2026-08-31,3177,3177,100.0,,EQUITY_L
Corporation Bank,AXISBANK,INE238A01034,1999-02-03,2019-12-27,token_match,medium,proposed,Axis Bank Limited,EQ,16-NOV-1998,True,0.5,False,2007-01-02,2026-08-31,2999,2999,100.0,first_token_mismatch;name_mismatch;concurrent_alias_collision,EQUITY_L_token_match
Cosmo Films Ltd.,,,1998-08-01,2011-10-10,unresolved,low,unresolved,,,,False,0.0,False,,,0,0,0.0,no_candidate,
Cox & Kings Ltd.,,,2011-03-25,2019-12-26,unresolved,low,unresolved,,,,False,0.0,False,,,0,0,0.0,no_candidate,
Creative Eye Ltd.,CREATIVEYE,INE230B01021,2002-03-29,2005-09-26,equity_l_exact,high,proposed,Creative Eye Limited,EQ,20-DEC-2000,True,1.0,True,,,0,0,0.0,,EQUITY_L
CreditAccess Grameen Ltd.,CREDITACC,INE741K01010,2019-01-28,2020-06-26,equity_l_exact,high,auto,CREDITACCESS GRAMEEN LIMITED,EQ,23-AUG-2018,True,1.0,True,2018-08-23,2026-08-31,399,399,100.0,,EQUITY_L
Crest Animation Studios Ltd.,,,2000-05-24,2009-10-22,unresolved,low,unresolved,,,,False,0.0,False,,,0,0,0.0,no_candidate,
Crompton Greaves Consumer Electricals Ltd.,CROMPTON,INE299U01018,2016-11-15,2020-06-26,equity_l_exact,high,auto,Crompton Greaves Consumer Electricals Limited,EQ,13-MAY-2016,True,1.0,True,2016-05-13,2026-08-31,944,944,100.0,,EQUITY_L
Crompton Greaves Ltd.,CROMPTON,INE299U01018,1998-08-01,2016-09-30,token_match,medium,proposed,Crompton Greaves Consumer Electricals Limited,EQ,13-MAY-2016,True,0.5,True,2016-05-13,2026-08-31,1961,0,0.0,name_mismatch;listing_after_first_seen,EQUITY_L_token_match
Cummins India Ltd.,CUMMINSIND,INE298A01020,1998-08-01,2019-06-28,equity_l_exact,high,auto,Cummins India Limited,EQ,29-MAR-1995,True,1.0,True,2007-01-02,2026-08-31,3177,3177,100.0,,EQUITY_L
Cybertech Systems & Software Ltd.,CYBERTECH,INE214A01019,2000-09-03,2005-09-26,equity_l_exact,high,proposed,Cybertech Systems And Software Limited,BE,27-JAN-1999,True,1.0,True,,,0,0,0.0,concurrent_alias_collision,EQUITY_L
Cyient Ltd.,CYIENT,INE136B01020,2013-04-01,2018-12-28,equity_l_exact,high,proposed,Cyient Limited,EQ,30-SEP-1998,True,1.0,True,2007-01-02,2026-08-31,1647,1647,100.0,first_token_mismatch,EQUITY_L
D B Realty Ltd.,DBCORP,INE950I01011,2010-09-24,2018-09-28,token_match,medium,proposed,D.B.Corp Limited,EQ,06-JAN-2010,True,0.6667,True,,,1959,0,0.0,name_mismatch;concurrent_alias_collision,EQUITY_L_token_match
D.B.Corp Ltd.,DBCORP,INE950I01011,2010-10-01,2018-04-02,equity_l_exact,high,proposed,D.B.Corp Limited,EQ,06-JAN-2010,True,1.0,True,,,2432,0,0.0,concurrent_alias_collision,EQUITY_L
D.S. Kulkarni Developers Ltd.,DSKULKARNI,INE891A01022,2006-11-17,2011-10-10,token_match,low,proposed,DS Kulkarni Developers Limited,BE,08-FEB-1995,True,0.4,False,,,998,0,0.0,first_token_mismatch;name_mismatch,EQUITY_L_token_match
DCB Bank Ltd.,DCBBANK,INE503A01015,2014-09-19,2020-06-26,equity_l_exact,high,auto,DCB Bank Limited,EQ,27-OCT-2006,True,1.0,True,2007-01-02,2026-08-31,1407,1407,100.0,,EQUITY_L
DCL Polyesters Ltd.,,,1998-08-01,2002-03-29,unresolved,low,unresolved,,,,False,0.0,False,,,0,0,0.0,no_candidate,
DCM Shriram Consolidated Ltd.,DCMSHRIRAM,INE499A01024,2002-01-17,2002-01-17,token_match,medium,proposed,DCM Shriram Limited,EQ,12-APR-1995,True,0.6667,True,2007-01-02,2026-08-31,3177,3177,100.0,name_mismatch,EQUITY_L_token_match
DCM Shriram Ltd.,DCMSHRIRAM,INE499A01024,2007-09-24,2019-09-27,equity_l_exact,high,auto,DCM Shriram Limited,EQ,12-APR-1995,True,1.0,True,2007-01-02,2026-08-31,303,303,100.0,,EQUITY_L
DCW Ltd.,DCW,INE500A01029,1998-08-01,2015-03-27,equity_l_exact,high,proposed,DCW Limited,EQ,25-MAY-1995,True,1.0,True,,,1837,0,0.0,first_token_mismatch,EQUITY_L
DIC India Ltd.,DICIND,INE303A01010,1998-08-01,2009-03-27,equity_l_exact,high,proposed,DIC India Limited,EQ,30-AUG-1995,True,1.0,True,,,373,0,0.0,,EQUITY_L
DLF Ltd.,DLF,INE271C01023,2007-08-06,2019-09-27,equity_l_exact,high,proposed,DLF Limited,EQ,05-JUL-2007,True,1.0,True,2007-07-05,2026-08-31,3177,3177,100.0,first_token_mismatch,EQUITY_L
DSQ Software Ltd.,,,1999-08-04,2005-09-26,unresolved,low,unresolved,,,,False,0.0,False,,,0,0,0.0,no_candidate,
Dabur India Ltd.,DABUR,INE016A01026,1998-08-01,2019-06-28,equity_l_exact,high,auto,Dabur India Limited,EQ,28-APR-1999,True,1.0,True,2007-01-02,2026-08-31,3177,3177,100.0,listing_after_first_seen,EQUITY_L
Daewoo Motors India Ltd.,,,1998-08-01,2002-09-19,unresolved,low,unresolved,,,,False,0.0,False,,,0,0,0.0,no_candidate,
Dalmia Bharat Ltd.,DALBHARAT,INE00R701025,2016-04-01,2019-09-27,equity_l_exact,high,proposed,Dalmia Bharat Limited,EQ,22-JAN-2019,True,1.0,True,2018-12-21,2026-08-31,674,182,27.0,listing_after_first_seen,EQUITY_L
Dalmia Bharat Sugar and Industries Ltd.,DALMIASUG,INE495A01022,1998-08-01,2010-09-24,equity_l_exact,high,proposed,Dalmia Bharat Sugar and Industries Limited,EQ,17-JAN-1996,True,1.0,True,,,741,0,0.0,,EQUITY_L
Deccan Chronicle Holdings Ltd.,,,2006-05-17,2013-01-23,unresolved,low,unresolved,,,,False,0.0,False,,,0,0,0.0,no_candidate,
Deepak Fertilisers & Petrochemicals Corp. Ltd.,DEEPAKFERT,INE501A01019,1998-08-01,2019-09-27,token_match,medium,proposed,Deepak Fertilizers and Petrochemicals Corporation Limited,EQ,17-JAN-2003,True,0.6,True,2007-01-02,2026-08-31,2940,2940,100.0,first_token_mismatch;name_mismatch;listing_after_first_seen,EQUITY_L_token_match
Deepak Nitrite Ltd.,DEEPAKNTR,INE288B01029,2019-03-29,2020-06-26,equity_l_exact,high,auto,Deepak Nitrite Limited,EQ,29-SEP-2010,True,1.0,True,2010-09-29,2026-08-31,358,358,100.0,,EQUITY_L
Delta Corp Ltd.,DELTACORP,INE124G01033,2011-03-25,2020-06-26,equity_l_exact,high,proposed,Delta Corp Limited,EQ,02-NOV-2007,True,1.0,True,,,2312,0,0.0,,EQUITY_L
Den Networks Ltd.,DEN,INE947J01015,2013-01-14,2019-12-27,equity_l_exact,high,proposed,Den Networks Limited,EQ,24-NOV-2009,True,1.0,True,,,1699,0,0.0,,EQUITY_L
Dena Bank,,,2002-09-19,2019-01-28,unresolved,low,unresolved,,,,False,0.0,False,,,0,0,0.0,no_candidate,
Denso India Ltd.,,,1998-08-01,2002-10-11,unresolved,low,unresolved,,,,False,0.0,False,,,0,0,0.0,no_candidate,
Development Credit Bank Ltd,,,2011-10-10,2011-10-10,unresolved,low,unresolved,,,,False,0.0,False,,,0,0,0.0,no_candidate,
Dewan Housing Finance Corporation Ltd.,AADHARHFC,INE883F01010,2011-10-10,2020-06-26,token_match,medium,proposed,Aadhar Housing Finance Limited,EQ,15-MAY-2024,True,0.5,False,2024-05-15,2026-08-31,2124,0,0.0,first_token_mismatch;name_mismatch;listing_after_first_seen;concurrent_alias_collision,EQUITY_L_token_match
Dewan Rubber Industries Ltd.,,,1998-08-01,1999-09-08,unresolved,low,unresolved,,,,False,0.0,False,,,0,0,0.0,no_candidate,
Dhampur Sugar Mills Ltd.,DHAMPURSUG,INE041A01016,1998-08-01,2012-04-27,equity_l_exact,high,proposed,Dhampur Sugar Mills Limited,EQ,29-MAR-1995,True,1.0,True,,,1129,0,0.0,concurrent_alias_collision,EQUITY_L
Dhanlaxmi Bank Ltd.,DHANBANK,INE680A01011,2011-10-10,2016-04-01,equity_l_exact,high,proposed,Dhanlaxmi Bank Limited,EQ,01-APR-2004,True,1.0,True,,,1087,0,0.0,,EQUITY_L
Dhanuka Agritech Ltd.,DHANUKA,INE435G01025,2016-04-01,2020-06-26,equity_l_exact,high,proposed,Dhanuka Agritech Limited,EQ,29-JUN-2011,True,1.0,True,,,492,0,0.0,,EQUITY_L
Dharamsi Morarji Chemical Co. Ltd.,,,1998-08-01,1999-09-08,unresolved,low,unresolved,,,,False,0.0,False,,,0,0,0.0,no_candidate,
Digital Equipment (India) Ltd. - Computers - Software,,,2000-09-01,2000-09-01,unresolved,low,unresolved,,,,False,0.0,False,,,0,0,0.0,no_candidate,
Digital Equipment (india) Ltd.,,,2000-09-01,2000-09-01,unresolved,low,unresolved,,,,False,0.0,False,,,0,0,0.0,no_candidate,
Digital Globalsoft Ltd.,,,1998-08-01,2004-04-12,unresolved,low,unresolved,,,,False,0.0,False,,,0,0,0.0,no_candidate,
Digjam Ltd.,DIGJAMLMTD,INE731U01028,1998-08-01,2005-09-26,equity_l_exact,high,proposed,Digjam Limited,BE,18-OCT-2021,True,1.0,True,,,0,0,0.0,first_token_mismatch;listing_after_first_seen,EQUITY_L
Dilip Buildcon Ltd.,DBL,INE917M01012,2017-03-31,2019-09-27,equity_l_exact,high,auto,Dilip Buildcon Limited,EQ,11-AUG-2016,True,1.0,True,2016-08-11,2026-08-31,849,849,100.0,,EQUITY_L
Dish TV India Ltd.,DISHTV,INE836F01026,2007-09-24,2020-06-26,equity_l_exact,high,proposed,Dish TV India Limited,EQ,18-APR-2007,True,1.0,True,,,3116,0,0.0,,EQUITY_L
Dishman Carbogen Amcis Ltd.,DCAL,INE385W01011,2018-04-02,2018-04-02,equity_l_exact,high,proposed,Dishman Carbogen Amcis Limited,EQ,21-SEP-2017,True,1.0,True,,,603,0,0.0,,EQUITY_L
Dishman Pharmaceuticals & Chemicals Ltd.,BIOFILCHEM,INE829A01014,2004-12-10,2017-01-23,token_match,medium,proposed,Biofil Chemicals & Pharmaceuticals Limited,EQ,12-JUN-1996,True,0.6,False,,,2283,0,0.0,first_token_mismatch;name_mismatch;concurrent_alias_collision,EQUITY_L_token_match
Divi's Laboratories Ltd.,DIVISLAB,INE361B01024,2003-11-21,2020-06-26,equity_l_exact,high,auto,Divi's Laboratories Limited,EQ,12-MAR-2003,True,1.0,True,2007-01-02,2026-08-31,3177,3177,100.0,,EQUITY_L
Dixon Technologies (India) Ltd.,DIXON,INE935N01020,2018-04-02,2020-06-26,equity_l_exact,high,auto,Dixon Technologies (India) Limited,EQ,18-SEP-2017,True,1.0,True,2017-09-18,2026-08-31,603,603,100.0,,EQUITY_L
Donear Industries Ltd.,DONEAR,INE668D01028,2007-09-24,2010-04-08,equity_l_exact,high,proposed,Donear Industries Limited,EQ,20-DEC-2006,True,1.0,True,,,617,0,0.0,,EQUITY_L
Dr. Datsons Labs Ltd.,LALPATHLAB,INE600L01024,2013-04-01,2014-03-28,token_match,low,proposed,Dr. Lal Path Labs Ltd.,EQ,23-DEC-2015,True,0.4,True,2015-12-23,2026-08-31,245,0,0.0,first_token_mismatch;name_mismatch;listing_after_first_seen,EQUITY_L_token_match
Dr. Lal Path Labs Ltd.,LALPATHLAB,INE600L01024,2016-09-30,2020-06-26,equity_l_exact,high,auto,Dr. Lal Path Labs Ltd.,EQ,23-DEC-2015,True,1.0,True,2015-12-23,2026-08-31,972,972,100.0,,EQUITY_L
Dr. Reddy's Laboratories Ltd.,DRREDDY,INE089A01031,1997-05-14,2020-06-26,equity_l_exact,high,auto,Dr. Reddy's Laboratories Limited,EQ,30-MAY-2003,True,1.0,True,2007-01-02,2026-08-31,3177,3177,100.0,listing_after_first_seen,EQUITY_L
Dredging Corporation of India Ltd.,DREDGECORP,INE506A01018,2004-08-27,2019-03-29,equity_l_exact,high,proposed,Dredging Corporation of India Limited,EQ,15-JAN-2004,True,1.0,True,,,2819,0,0.0,,EQUITY_L
Dwarikesh Sugar Industrial Ltd.,DWARKESH,INE366A01041,2005-09-26,2011-03-25,token_match,medium,proposed,Dwarikesh Sugar Industries Limited,EQ,31-DEC-2004,True,0.5,True,,,866,0,0.0,name_mismatch,EQUITY_L_token_match
Dynamatic Technologies Ltd.,DYNAMATECH,INE221B01012,2009-03-27,2017-03-31,equity_l_exact,high,proposed,Dynamatic Technologies Limited,EQ,14-SEP-2006,True,1.0,True,2015-01-01,2026-08-31,1957,550,28.1,,EQUITY_L
E.I.D. Parry (India) Ltd.,,,1998-08-01,2018-04-02,unresolved,low,unresolved,,,,False,0.0,False,,,0,0,0.0,no_candidate,
E.Merck (India) Ltd.,,,2004-03-01,2004-03-01,unresolved,low,unresolved,,,,False,0.0,False,,,0,0,0.0,no_candidate,
EIH Ltd.,EIHOTEL,INE230A01023,1998-08-01,2013-04-01,equity_l_exact,high,proposed,EIH Limited,EQ,08-FEB-1995,True,1.0,True,2015-01-01,2026-08-31,3177,1398,44.0,first_token_mismatch;concurrent_alias_collision,EQUITY_L
ESAB India Ltd.,ESABINDIA,INE284A01012,1998-08-01,2020-06-26,equity_l_exact,high,proposed,Esab India Limited,EQ,01-NOV-1995,True,1.0,True,,,2084,0,0.0,,EQUITY_L
East India Hotels Ltd,EIHOTEL,INE230A01023,1996-09-18,1996-09-18,agent_memory,low,proposed,EIH Limited,EQ,08-FEB-1995,True,0.5,False,2015-01-01,2026-08-31,3146,1367,43.45,first_token_mismatch;name_mismatch;concurrent_alias_collision;unsourced,agent_memory_unsourced
Edelweiss Capital Ltd.,,,2008-12-26,2009-06-05,unresolved,low,unresolved,,,,False,0.0,False,,,0,0,0.0,no_candidate,
Edelweiss Financial Services Ltd.,EDELWEISS,INE532F01054,2008-05-21,2020-06-26,equity_l_exact,high,proposed,Edelweiss Financial Services Limited,EQ,12-DEC-2007,True,1.0,True,2015-01-01,2026-08-31,3011,1398,46.43,,EQUITY_L
Educomp Solutions Ltd.,,,2007-09-24,2015-03-27,unresolved,low,unresolved,,,,False,0.0,False,,,0,0,0.0,no_candidate,
Eicher Ltd.,EICHERMOT,INE066A01021,1999-02-03,2007-03-06,token_match,medium,proposed,Eicher Motors Limited,EQ,07-SEP-2004,True,0.5,True,2015-01-01,2026-08-31,0,0,0.0,first_token_mismatch;name_mismatch;listing_after_first_seen;concurrent_alias_collision,EQUITY_L_token_match
Eicher Motors Ltd.,EICHERMOT,INE066A01021,2002-04-23,2019-09-27,equity_l_exact,high,proposed,Eicher Motors Limited,EQ,07-SEP-2004,True,1.0,True,2015-01-01,2026-08-31,3177,1398,44.0,listing_after_first_seen;concurrent_alias_collision,EQUITY_L
Elder Pharmaceuticals Ltd.,,,2002-09-19,2015-03-27,unresolved,low,unresolved,,,,False,0.0,False,,,0,0,0.0,no_candidate,
Elecon Engineering Co. Ltd.,ELECON,INE205B01031,1998-08-01,2002-03-29,equity_l_exact,high,proposed,Elecon Engineering Company Limited,EQ,29-SEP-2006,True,1.0,True,2015-01-01,2026-08-31,0,0,0.0,listing_after_first_seen,EQUITY_L
Electrex (India) Ltd.,,,1998-08-01,2000-05-24,unresolved,low,unresolved,,,,False,0.0,False,,,0,0,0.0,no_candidate,
Electrosteel Castings Ltd.,ELECTCAST,INE086A01029,1998-08-01,2016-09-30,equity_l_exact,high,proposed,Electrosteel Castings Limited,EQ,20-JUN-2003,True,1.0,True,2015-01-01,2026-08-31,2206,427,19.36,listing_after_first_seen,EQUITY_L
Elgi Equipments Ltd.,ELGIEQUIP,INE285A01027,1998-08-01,2018-09-28,equity_l_exact,high,proposed,Elgi Equipments Limited,EQ,22-NOV-1995,True,1.0,True,2015-01-01,2026-08-31,2206,427,19.36,,EQUITY_L
Elgi Rubber Company Ltd.,ELGIRUBCO,INE819L01012,1999-09-08,2008-04-23,equity_l_exact,high,proposed,Elgi Rubber Company Limited,EQ,10-AUG-2011,True,1.0,True,,,149,0,0.0,listing_after_first_seen,EQUITY_L
Emami Ltd.,EMAMILTD,INE548C01032,2009-10-22,2020-06-26,equity_l_exact,high,proposed,Emami Limited,EQ,03-AUG-2006,True,1.0,True,2015-01-01,2026-08-31,2599,1398,53.79,first_token_mismatch,EQUITY_L
Endurance Technologies Ltd.,ENDURANCE,INE913H01037,2017-03-31,2018-04-02,equity_l_exact,high,auto,Endurance Technologies Limited,EQ,19-OCT-2016,True,1.0,True,2016-10-19,2026-08-31,849,849,100.0,,EQUITY_L
Engineers India Ltd.,ENGINERSIN,INE510A01028,2000-09-01,2020-06-26,equity_l_exact,high,proposed,Engineers India Limited,EQ,20-AUG-1997,True,1.0,True,2015-01-01,2026-08-31,3177,1398,44.0,,EQUITY_L
Entertainment Network India Ltd.,ENIL,INE265F01028,2007-04-04,2018-09-28,equity_l_exact,high,proposed,Entertainment Network (India) Limited,EQ,15-FEB-2006,True,1.0,True,,,2146,0,0.0,,EQUITY_L
Equitas Holdings Ltd.,,,2016-09-30,2020-06-26,unresolved,low,unresolved,,,,False,0.0,False,,,0,0,0.0,no_candidate,
Era Infra Engineering Ltd.,A2ZINFRA,INE619I01012,2006-11-08,2015-03-27,token_match,medium,proposed,A2Z Infra Engineering Limited,EQ,23-DEC-2010,True,0.5,False,,,1837,0,0.0,first_token_mismatch;name_mismatch;listing_after_first_seen,EQUITY_L_token_match
Eris Lifesciences Ltd.,ERIS,INE406M01024,2018-03-13,2019-03-29,equity_l_exact,high,auto,Eris Lifesciences Limited,EQ,29-JUN-2017,True,1.0,True,2017-06-30,2026-08-31,615,615,100.0,,EQUITY_L
Eros Intl Media Ltd.,,,2012-04-27,2019-09-27,unresolved,low,unresolved,,,,False,0.0,False,,,0,0,0.0,no_candidate,
Escorts Ltd.,ESCORTS,INE042A01014,1998-08-01,2020-06-26,token_match,medium,proposed,Escorts Kubota Limited,EQ,01-MAR-1995,True,0.5,True,2015-01-01,2026-08-31,3177,1398,44.0,first_token_mismatch;name_mismatch,EQUITY_L_token_match
Eskay K'n'IT (India) Ltd.,,,1998-08-01,1999-02-03,unresolved,low,unresolved,,,,False,0.0,False,,,0,0,0.0,no_candidate,
Ess Dee Aluminium Ltd.,,,2013-09-27,2016-09-30,unresolved,low,unresolved,,,,False,0.0,False,,,0,0,0.0,no_candidate,
Essar Gujarat Ltd.,,,1997-12-24,1997-12-24,unresolved,low,unresolved,,,,False,0.0,False,,,0,0,0.0,no_candidate,
Essar Oil Ltd.,OIL,INE274J01014,1998-08-01,2015-09-28,token_match,medium,proposed,Oil India Limited,EQ,30-SEP-2009,True,0.5,False,2015-01-01,2026-08-31,1838,59,3.21,first_token_mismatch;name_mismatch;listing_after_first_seen;concurrent_alias_collision,EQUITY_L_token_match
Essar Ports Ltd.,,,1998-08-01,2014-09-19,unresolved,low,unresolved,,,,False,0.0,False,,,0,0,0.0,no_candidate,
Essar Shipping Ports & Logistics Ltd.,ESSARSHPNG,INE122M01019,2011-05-18,2011-05-18,token_match,low,proposed,Essar Shipping Limited,EQ,15-NOV-2011,True,0.4,True,,,1,0,0.0,name_mismatch;listing_after_first_seen,EQUITY_L_token_match
Essar Steel Ltd.,,,1998-08-01,2007-12-07,unresolved,low,unresolved,,,,False,0.0,False,,,0,0,0.0,no_candidate,
Essel Propack Ltd.,,,1998-08-01,2019-03-29,unresolved,low,unresolved,,,,False,0.0,False,,,0,0,0.0,no_candidate,
Eveready Industries India Ltd.,EVEREADY,INE128A01029,1999-02-03,2019-03-29,equity_l_exact,high,proposed,Eveready Industries India Limited,EQ,27-APR-2005,True,1.0,True,,,2819,0,0.0,listing_after_first_seen,EQUITY_L
Everest Industries Ltd.,EVERESTIND,INE295A01018,1998-08-01,2011-10-10,equity_l_exact,high,proposed,Everest Industries Limited,BE,29-MAR-1995,True,1.0,True,,,998,0,0.0,,EQUITY_L
Everest Kanto Cylinder Ltd.,EKC,INE184H01027,2009-10-22,2012-09-28,equity_l_exact,high,proposed,Everest Kanto Cylinder Limited,EQ,15-DEC-2005,True,1.0,True,,,723,0,0.0,,EQUITY_L
Everonn Education Ltd.,,,2012-09-28,2012-09-28,unresolved,low,unresolved,,,,False,0.0,False,,,0,0,0.0,no_candidate,
Excel Crop Care Ltd.,,,2018-09-28,2019-04-15,unresolved,low,unresolved,,,,False,0.0,False,,,0,0,0.0,no_candidate,
Excel Industries Ltd.- Arrangement,EXCELINDUS,INE369A01029,1998-08-01,2003-09-29,token_match,medium,proposed,Excel Industries Limited,EQ,16-JUN-2004,True,0.6667,True,,,0,0,0.0,name_mismatch;listing_after_first_seen;predecessor_marker,EQUITY_L_token_match
Exide Industries Ltd.,EXIDEIND,INE302A01020,1998-08-01,2020-06-26,equity_l_exact,high,proposed,Exide Industries Limited,EQ,17-JUN-2003,True,1.0,True,2015-01-01,2026-08-31,3177,1398,44.0,listing_after_first_seen,EQUITY_L
FCI OEN Connectors Ltd.,,,2002-04-23,2007-09-10,unresolved,low,unresolved,,,,False,0.0,False,,,0,0,0.0,no_candidate,
FCL Technologies & Products Ltd.,,,2001-08-31,2006-12-15,unresolved,low,unresolved,,,,False,0.0,False,,,0,0,0.0,no_candidate,
FDC Ltd.,FDC,INE258B01022,1998-08-01,2018-09-28,equity_l_exact,high,proposed,FDC Limited,EQ,07-AUG-1997,True,1.0,True,,,2454,0,0.0,first_token_mismatch,EQUITY_L
FGP Ltd.,,,1998-08-01,1999-12-08,unresolved,low,unresolved,,,,False,0.0,False,,,0,0,0.0,no_candidate,
Fag Bearings India Ltd.,,,1998-08-01,2007-09-24,unresolved,low,unresolved,,,,False,0.0,False,,,0,0,0.0,no_candidate,
Federal Bank Ltd.,FEDERALBNK,INE171A01029,1998-08-01,2020-06-26,token_match,medium,proposed,The Federal Bank  Limited,EQ,08-FEB-1995,True,0.6667,True,2015-01-01,2026-08-31,3177,1398,44.0,name_mismatch,EQUITY_L_token_match
Federal-Mogul Goetze (India) Ltd.,FMGOETZE,INE529A01010,1998-08-01,2020-06-26,equity_l_exact,high,proposed,Federal-Mogul Goetze (India) Limited.,EQ,08-FEB-1995,True,1.0,True,,,3121,0,0.0,,EQUITY_L
Fertilisers and Chemicals Travancore Ltd.,FACT,INE188A01015,2003-04-01,2006-09-01,token_match,medium,proposed,Fertilizers and Chemicals Travancore Limited,EQ,12-APR-1995,True,0.6,False,2015-01-01,2026-08-31,0,0,0.0,first_token_mismatch;name_mismatch,EQUITY_L_token_match
Financial Technologies (India) Ltd.,,,2005-12-08,2016-09-30,unresolved,low,unresolved,,,,False,0.0,False,,,0,0,0.0,no_candidate,
Fine Organic Industries Ltd.,FINEORG,INE686Y01026,2019-03-29,2019-03-29,equity_l_exact,high,proposed,Fine Organic Industries Limited,EQ,02-JUL-2018,True,1.0,True,,,358,0,0.0,,EQUITY_L
Finolex Cables Ltd.,FINCABLES,INE235A01022,1998-08-01,2019-09-27,equity_l_exact,high,proposed,Finolex Cables Limited,EQ,15-FEB-1995,True,1.0,True,2015-01-01,2026-08-31,3177,1398,44.0,concurrent_alias_collision,EQUITY_L
Finolex Cables Ltd. - Cables - Telecom,FINCABLES,INE235A01022,2000-09-01,2000-09-01,token_match,medium,proposed,Finolex Cables Limited,EQ,15-FEB-1995,True,0.6667,True,2015-01-01,2026-08-31,3146,1367,43.45,name_mismatch;concurrent_alias_collision,EQUITY_L_token_match
Finolex Industries Ltd.,FINPIPE,INE183A01024,1998-08-01,2013-04-01,equity_l_exact,high,proposed,Finolex Industries Limited,EQ,08-FEB-1995,True,1.0,True,2015-01-01,2026-08-31,3177,1398,44.0,,EQUITY_L
First Leasing Co. of India Ltd.,,,2002-09-19,2012-09-28,unresolved,low,unresolved,,,,False,0.0,False,,,0,0,0.0,no_candidate,
Firstsource Solutions Ltd.,FSL,INE684F01012,2007-09-24,2018-09-28,equity_l_exact,high,proposed,Firstsource Solutions Limited,EQ,22-FEB-2007,True,1.0,True,2015-01-01,2026-08-31,3172,1398,44.07,,EQUITY_L
Flat Products Equipments (India) Ltd.,,,1998-08-01,2001-12-07,unresolved,low,unresolved,,,,False,0.0,False,,,0,0,0.0,no_candidate,
Flexituff International Ltd.,FLEXITUFF,INE060J01017,2012-09-28,2016-04-01,token_match,medium,proposed,Flexituff Ventures International Limited,BE,19-OCT-2011,True,0.6667,True,,,852,0,0.0,first_token_mismatch;name_mismatch,EQUITY_L_token_match
Flextronics Software Systems Ltd.,CYBERTECH,INE214A01019,2000-05-24,2006-02-03,token_match,low,proposed,Cybertech Systems And Software Limited,BE,27-JAN-1999,True,0.4,False,,,0,0,0.0,first_token_mismatch;name_mismatch;concurrent_alias_collision,EQUITY_L_token_match
Forbes Gokak Ltd.,,,1998-08-01,2002-09-19,unresolved,low,unresolved,,,,False,0.0,False,,,0,0,0.0,no_candidate,
Fortis Healthcare Ltd.,FORTIS,INE061F01013,2008-09-10,2019-12-27,equity_l_exact,high,proposed,Fortis Healthcare Limited,EQ,09-MAY-2007,True,1.0,True,2015-01-01,2026-08-31,2477,942,38.03,,EQUITY_L
Foseco India Ltd.,FOSECOIND,INE519A01011,1998-08-01,2009-03-27,equity_l_exact,high,proposed,Foseco India Limited,EQ,05-MAY-2003,True,1.0,True,,,373,0,0.0,listing_after_first_seen,EQUITY_L
Fresenius Kabi Oncology Ltd.,,,2005-04-13,2013-11-18,unresolved,low,unresolved,,,,False,0.0,False,,,0,0,0.0,no_candidate,
Fulford (India) Ltd.,,,1998-08-01,2002-09-19,unresolved,low,unresolved,,,,False,0.0,False,,,0,0,0.0,no_candidate,
Future Consumer Enterprise Ltd.,,,2011-11-22,2016-04-01,unresolved,low,unresolved,,,,False,0.0,False,,,0,0,0.0,no_candidate,
Future Consumer Ltd.,,,2016-09-30,2020-06-26,unresolved,low,unresolved,,,,False,0.0,False,,,0,0,0.0,no_candidate,
Future Enterprises Ltd.,FEL,INE623B01027,2010-04-08,2013-04-01,token_match,low,proposed,Future Enterprises Limited,BZ,05-NOV-2001,True,1.0,True,,,489,0,0.0,"duplicate_name_collision(FEL,FELDVR)",equity_l_duplicate_collision
Future Lifestyle Fashions Ltd.,FLFL,INE452O01016,2015-09-28,2020-06-26,equity_l_exact,high,proposed,Future Lifestyle Fashions Limited,BZ,01-OCT-2013,True,1.0,True,,,1161,0,0.0,,EQUITY_L
Future Retail Ltd.,,,2003-04-01,2018-06-29,unresolved,low,unresolved,,,,False,0.0,False,,,0,0,0.0,no_candidate,
GAIL (India) Ltd.,GAIL,INE129A01019,1998-08-01,2020-06-26,equity_l_exact,high,proposed,GAIL (India) Limited,EQ,02-APR-1997,True,1.0,True,2015-01-01,2026-08-31,3177,1398,44.0,,EQUITY_L
GE Power India Ltd.,GVPIL,INE878A01011,2013-04-01,2018-04-02,equity_l_exact,high,proposed,GE Power India Limited,EQ,19-APR-2000,True,1.0,True,,,2,0,0.0,,EQUITY_L
GE T&D India Ltd.,GVT&D,INE200A01026,2009-03-27,2019-03-29,token_match,high,proposed,GE Vernova T&D India Limited,EQ,30-JUN-2008,True,0.8,True,2015-01-01,2026-08-31,2447,1040,42.5,first_token_mismatch;name_mismatch,EQUITY_L_token_match
GHCL Ltd.,GHCL,INE539A01019,1998-08-01,2017-12-29,equity_l_exact,high,proposed,GHCL Limited,EQ,31-JUL-2003,True,1.0,True,2015-01-01,2026-08-31,2515,736,29.26,first_token_mismatch;listing_after_first_seen,EQUITY_L
GIC Housing Finance Ltd.,GICHSGFIN,INE289B01019,2017-09-29,2018-04-02,equity_l_exact,high,proposed,GIC Housing Finance Limited,EQ,08-MAY-1996,True,1.0,True,,,123,0,0.0,,EQUITY_L
GKN Driveshafts Ltd. -Delisted,,,1998-08-01,2002-09-19,unresolved,low,unresolved,,,,False,0.0,False,,,0,0,0.0,no_candidate,
GMM Pfaudler Ltd.,GMMPFAUDLR,INE541A01023,2020-06-26,2020-06-26,equity_l_exact,high,auto,GMM Pfaudler Limited,EQ,05-MAR-2018,True,1.0,True,2018-03-05,2026-08-31,57,57,100.0,,EQUITY_L
GMR Infrastructure Ltd.,,,2006-11-21,2020-06-26,unresolved,low,unresolved,,,,False,0.0,False,,,0,0,0.0,no_candidate,
GOL Offshore Ltd.,,,2007-04-04,2014-09-19,unresolved,low,unresolved,,,,False,0.0,False,,,0,0,0.0,no_candidate,
GSL Nova Petrochemicals Ltd.,,,2002-04-23,2007-09-24,unresolved,low,unresolved,,,,False,0.0,False,,,0,0,0.0,no_candidate,
GTL Infrastructure Ltd.,GTLINFRA,INE221H01019,2007-09-24,2016-04-01,equity_l_exact,high,proposed,GTL Infrastructure Limited,EQ,09-NOV-2006,True,1.0,True,,,2079,0,0.0,,EQUITY_L
GTL Ltd (Global Telesytems Ltd),,,2002-01-17,2002-01-17,unresolved,low,unresolved,,,,False,0.0,False,,,0,0,0.0,no_candidate,
GTL Ltd.,GTL,INE043A01012,1998-08-01,2013-04-01,equity_l_exact,high,proposed,GTL Limited,EQ,29-MAR-1995,True,1.0,True,,,1354,0,0.0,first_token_mismatch,EQUITY_L
GTN Industries Ltd.,,,1998-08-01,2007-04-04,unresolved,low,unresolved,,,,False,0.0,False,,,0,0,0.0,no_candidate,
GVK Power & Infrastructures Ltd.,GVKPIL,INE251H01024,2008-03-14,2019-03-29,token_match,medium,proposed,GVK Power & Infrastructure Limited,BE,27-FEB-2006,True,0.6,True,,,2695,0,0.0,name_mismatch,EQUITY_L_token_match
Gabriel India Ltd.,GABRIEL,INE524A01029,2013-04-01,2016-04-01,equity_l_exact,high,proposed,Gabriel India Limited,EQ,20-APR-2005,True,1.0,True,2015-01-01,2026-08-31,731,305,41.72,,EQUITY_L
Galaxy Surfactants Ltd.,GALAXYSURF,INE600K01018,2018-09-28,2018-09-28,equity_l_exact,high,proposed,Galaxy Surfactants Limited,EQ,08-FEB-2018,True,1.0,True,,,479,0,0.0,,EQUITY_L
Gammon India Ltd.,,,2002-09-19,2015-09-28,unresolved,low,unresolved,,,,False,0.0,False,,,0,0,0.0,no_candidate,
Gammon Infrastructure Projects Ltd.,,,2010-04-08,2016-04-01,unresolved,low,unresolved,,,,False,0.0,False,,,0,0,0.0,no_candidate,
Ganesh Benzoplast Ltd.,GANESHBE,INE388A01029,1998-08-01,2002-04-23,equity_l_exact,high,proposed,Ganesh Benzoplast Limited,BE,16-SEP-2021,True,1.0,True,,,0,0,0.0,listing_after_first_seen,EQUITY_L
Garden Reach Shipbuilders & Engineers Ltd.,GRSE,INE382Z01011,2020-06-26,2020-06-26,equity_l_exact,high,auto,Garden Reach Shipbuilders & Engineers Limited,EQ,10-OCT-2018,True,1.0,True,2018-10-24,2026-08-31,57,57,100.0,,EQUITY_L
Garden Silk Mills Ltd.,SIYSIL,INE076B01028,1998-08-01,2012-09-28,token_match,medium,proposed,Siyaram Silk Mills Limited,EQ,29-JAN-2007,True,0.5,False,,,1233,0,0.0,first_token_mismatch;name_mismatch;listing_after_first_seen,EQUITY_L_token_match
Garware Polyester Ltd.,,,1998-08-01,2001-12-07,unresolved,low,unresolved,,,,False,0.0,False,,,0,0,0.0,no_candidate,
Garware Technical Fibres Ltd.,GARFIBRES,INE276A01018,2019-09-27,2019-09-27,equity_l_exact,high,proposed,Garware Technical Fibres Limited,EQ,03-APR-2007,True,1.0,True,,,238,0,0.0,,EQUITY_L
Garware-Wall Ropes Ltd.,,,1998-08-01,2002-09-19,unresolved,low,unresolved,,,,False,0.0,False,,,0,0,0.0,no_candidate,
Gas Authority of India Limited,SAIL,INE114A01011,2003-05-02,2003-05-02,token_match,medium,proposed,Steel Authority of India Limited,EQ,06-JUL-1995,True,0.5,False,2015-01-01,2026-08-31,3146,1367,43.45,first_token_mismatch;name_mismatch;concurrent_alias_collision,EQUITY_L_token_match
Gateway Distriparks Ltd.,GATEWAY,INE079J01017,2005-09-26,2019-09-27,equity_l_exact,high,proposed,Gateway Distriparks Limited,EQ,22-MAR-2022,True,1.0,True,,,2940,0,0.0,listing_after_first_seen,EQUITY_L
Gati Ltd.,,,2012-09-28,2018-09-28,unresolved,low,unresolved,,,,False,0.0,False,,,0,0,0.0,no_candidate,
Gayatri Projects Ltd.,GAYAPROJ,INE336H01023,2015-12-14,2020-06-26,equity_l_exact,high,proposed,Gayatri Projects Limited,EQ,22-AUG-2011,True,1.0,True,,,1111,0,0.0,,EQUITY_L
General Insurance Corporation of India,GICRE,INE481Y01014,2018-04-02,2018-09-28,equity_l_exact,high,auto,General Insurance Corporation of India,EQ,25-OCT-2017,True,1.0,True,2017-10-25,2026-08-31,603,603,100.0,,EQUITY_L
Geodesic Ltd.,,,2006-03-02,2013-09-27,unresolved,low,unresolved,,,,False,0.0,False,,,0,0,0.0,no_candidate,
Geojit BNP Paribas Financial Services Ltd.,GEOJITFSL,INE007B01023,2007-04-04,2016-04-01,token_match,medium,proposed,Geojit Financial Services Limited,EQ,01-JUL-2005,True,0.6,True,,,2084,0,0.0,first_token_mismatch;name_mismatch,EQUITY_L_token_match
Geometric Ltd.,,,2002-03-29,2016-04-01,unresolved,low,unresolved,,,,False,0.0,False,,,0,0,0.0,no_candidate,
German Remedies Ltd.,,,1998-08-01,2003-09-05,unresolved,low,unresolved,,,,False,0.0,False,,,0,0,0.0,no_candidate,
Gillette India Ltd.,GILLETTE,INE322A01010,1998-08-01,2014-09-19,equity_l_exact,high,proposed,Gillette India Limited,EQ,30-JUL-2003,True,1.0,True,2015-01-01,2026-08-31,3177,1398,44.0,listing_after_first_seen,EQUITY_L
Gitanjali Gems Ltd.,,,2006-09-28,2016-04-01,unresolved,low,unresolved,,,,False,0.0,False,,,0,0,0.0,no_candidate,
Glaxo (India) Ltd.,GLAXO,INE159A01016,1996-09-18,1996-09-18,agent_memory,low,proposed,GlaxoSmithKline Pharmaceuticals Limited,EQ,15-DEC-2000,True,0.5,False,2015-01-01,2026-08-31,3146,1367,43.45,first_token_mismatch;name_mismatch;listing_after_first_seen;concurrent_alias_collision;unsourced,agent_memory_unsourced
GlaxoSmithkline Consumer Healthcare Ltd.,SANOFICONR,INE0UOS01011,1998-08-01,2019-09-27,token_match,medium,proposed,Sanofi Consumer Healthcare India Limited,EQ,13-SEP-2024,True,0.5,False,2024-09-13,2026-08-31,2940,0,0.0,first_token_mismatch;name_mismatch;listing_after_first_seen;concurrent_alias_collision,EQUITY_L_token_match
Glaxosmithkline Pharmaceuticals Ltd.,GLAXO,INE159A01016,1998-08-01,2020-06-26,equity_l_exact,high,proposed,GlaxoSmithKline Pharmaceuticals Limited,EQ,15-DEC-2000,True,1.0,True,2015-01-01,2026-08-31,3177,1398,44.0,listing_after_first_seen;concurrent_alias_collision,EQUITY_L
Glenmark Pharmaceuticals Ltd.,GLENMARK,INE935A01035,2001-04-25,2020-06-26,equity_l_exact,high,proposed,Glenmark Pharmaceuticals Limited,EQ,07-FEB-2000,True,1.0,True,2015-01-01,2026-08-31,3177,1398,44.0,,EQUITY_L
Global Offshore Services Ltd.,DATAMATICS,INE365B01017,2016-04-01,2016-09-30,token_match,medium,proposed,Datamatics Global Services Limited,EQ,07-MAY-2004,True,0.5,False,2007-01-02,2026-08-31,123,123,100.0,first_token_mismatch;name_mismatch,EQUITY_L_token_match
Global Trust Bank Ltd,,,2003-08-04,2003-08-04,unresolved,low,unresolved,,,,False,0.0,False,,,0,0,0.0,no_candidate,
Global Trust Bank Ltd.,,,1999-05-26,2004-08-27,unresolved,low,unresolved,,,,False,0.0,False,,,0,0,0.0,no_candidate,
Glodyne Technoserve Ltd.,,,2013-04-01,2013-04-01,unresolved,low,unresolved,,,,False,0.0,False,,,0,0,0.0,no_candidate,
Godavari Fertilisers & Chemicals Ltd.,SHREEPUSHK,INE712K01011,1998-08-01,2008-02-15,token_match,medium,proposed,Shree Pushkar Chemicals & Fertilisers Limited,EQ,10-SEP-2015,True,0.5,False,,,106,0,0.0,first_token_mismatch;name_mismatch;listing_after_first_seen,EQUITY_L_token_match
Godfrey Phillips India Ltd.,GODFRYPHLP,INE260B01028,1998-08-01,2017-01-10,equity_l_exact,high,proposed,Godfrey Phillips India Limited,EQ,24-JUL-1996,True,1.0,True,2015-01-01,2026-08-31,3177,1398,44.0,,EQUITY_L
Godrej Agrovet Ltd.,GODREJAGRO,INE850D01014,2018-04-02,2018-04-02,equity_l_exact,high,auto,Godrej Agrovet Limited,EQ,16-OCT-2017,True,1.0,True,2017-10-16,2026-08-31,603,603,100.0,,EQUITY_L
Godrej Consumer Products Ltd.,GODREJCP,INE102D01028,2002-11-11,2019-03-29,equity_l_exact,high,proposed,Godrej Consumer Products Limited,EQ,20-JUN-2001,True,1.0,True,2015-01-01,2026-08-31,3177,1398,44.0,,EQUITY_L
Godrej Industries Ltd.,GODREJIND,INE233A01035,2004-03-15,2020-06-26,equity_l_exact,high,proposed,Godrej Industries Limited,EQ,25-FEB-2003,True,1.0,True,2015-01-01,2026-08-31,3177,1398,44.0,,EQUITY_L
Godrej Industries Ltd.-Old,GODREJIND,INE233A01035,1998-08-01,2002-07-18,token_match,medium,proposed,Godrej Industries Limited,EQ,25-FEB-2003,True,0.6667,True,2015-01-01,2026-08-31,0,0,0.0,name_mismatch;listing_after_first_seen;predecessor_marker,EQUITY_L_token_match
Godrej Properties Ltd.,GODREJPROP,INE484J01027,2010-10-01,2020-06-26,equity_l_exact,high,proposed,Godrej Properties Limited,EQ,05-JAN-2010,True,1.0,True,2015-01-01,2026-08-31,2432,1398,57.48,,EQUITY_L
Gokaldas Exports Ltd.,GOKEX,INE887G01027,2005-09-26,2011-03-25,equity_l_exact,high,proposed,Gokaldas Exports Limited,EQ,27-APR-2005,True,1.0,True,2015-01-01,2026-08-31,866,0,0.0,,EQUITY_L
Golden Tobacco Ltd.,GOLDENTOBC,INE973A01010,1998-08-01,1999-05-26,equity_l_exact,high,proposed,Golden Tobacco Limited,BZ,08-FEB-1995,True,1.0,True,,,0,0,0.0,,EQUITY_L
Good Value Marketing Co. Ltd.,,,1998-08-01,1999-02-03,unresolved,low,unresolved,,,,False,0.0,False,,,0,0,0.0,no_candidate,
Goodricke Group Ltd.,,,1998-08-01,2002-09-19,unresolved,low,unresolved,,,,False,0.0,False,,,0,0,0.0,no_candidate,
Goodyear India Ltd.,GOODYEAR,INE533A01012,1998-08-01,2002-09-19,equity_l_exact,high,proposed,Goodyear India Limited,EQ,20-APR-2026,True,1.0,True,,,0,0,0.0,listing_after_first_seen,EQUITY_L
Granules India Ltd.,GRANULES,INE101D01020,2016-04-01,2020-06-26,equity_l_exact,high,auto,Granules India Limited,EQ,20-JUN-2005,True,1.0,True,2015-01-01,2026-08-31,1094,1094,100.0,,EQUITY_L
Graphite India Ltd.,GRAPHITE,INE371A01025,2002-09-19,2020-06-26,equity_l_exact,high,proposed,Graphite India Limited,EQ,07-FEB-2003,True,1.0,True,2015-01-01,2026-08-31,2667,888,33.3,listing_after_first_seen,EQUITY_L
Grasim Industries Ltd.,GRASIM,INE047A01021,1998-08-01,2019-09-27,equity_l_exact,high,proposed,Grasim Industries Limited,EQ,10-MAY-1995,True,1.0,True,2015-01-01,2026-08-31,2367,588,24.84,,EQUITY_L
Great Eastern Shipping Co. Ltd.,GESHIP,INE017A01032,1998-08-01,2018-04-02,token_match,high,proposed,The Great Eastern Shipping Company Limited,EQ,27-NOV-2006,True,0.75,True,2015-01-01,2026-08-31,2575,796,30.91,name_mismatch;listing_after_first_seen,EQUITY_L_token_match
Great Eastern Shipping Company Limited.,GESHIP,INE017A01032,1999-05-26,1999-05-26,token_match,high,proposed,The Great Eastern Shipping Company Limited,EQ,27-NOV-2006,True,0.75,True,2015-01-01,2026-08-31,0,0,0.0,name_mismatch;listing_after_first_seen,EQUITY_L_token_match
Great Offshore Ltd.,,,2012-09-28,2012-09-28,unresolved,low,unresolved,,,,False,0.0,False,,,0,0,0.0,no_candidate,
Greaves Cotton Ltd.,GREAVESCOT,INE224A01026,1998-08-01,2018-04-02,equity_l_exact,high,auto,Greaves Cotton Limited,EQ,09-SEP-2004,True,1.0,True,2015-01-01,2026-08-31,1,1,100.0,listing_after_first_seen,EQUITY_L
Greenply Industries Ltd.,GREENPLY,INE461C01038,2016-04-01,2019-03-29,equity_l_exact,high,proposed,Greenply Industries Limited,EQ,06-MAR-1996,True,1.0,True,,,736,0,0.0,,EQUITY_L
Grindwell Norton Ltd.,GRINDWELL,INE536A01023,1998-08-01,2018-09-28,equity_l_exact,high,proposed,Grindwell Norton Limited,EQ,11-SEP-2006,True,1.0,True,2015-01-01,2026-08-31,2453,674,27.48,listing_after_first_seen,EQUITY_L
Gruh Finance Ltd.,,,2013-04-01,2019-09-27,unresolved,low,unresolved,,,,False,0.0,False,,,0,0,0.0,no_candidate,
Gujarat Alkalies & Chemicals Ltd.,GUJALKALI,INE186A01019,1998-08-01,2018-04-02,equity_l_exact,high,proposed,Gujarat Alkalies and Chemicals Limited,EQ,07-AUG-1997,True,1.0,True,,,2631,0,0.0,concurrent_alias_collision,EQUITY_L
Gujarat Ambuja Exports Ltd.,GAEL,INE036B01030,2003-05-02,2012-09-28,equity_l_exact,high,proposed,Gujarat Ambuja Exports Limited,EQ,11-OCT-2000,True,1.0,True,2015-01-01,2026-08-31,1233,0,0.0,,EQUITY_L
Gujarat Fluorochemicals Ltd.,FLUOROCHEM,INE09N301011,1998-08-01,2020-06-26,equity_l_exact,high,proposed,Gujarat Fluorochemicals Limited,EQ,16-OCT-2019,True,1.0,True,2019-10-16,2026-08-31,2879,0,0.0,listing_after_first_seen,EQUITY_L
Gujarat Gas Co. Ltd.,,,1998-08-01,2015-02-02,unresolved,low,unresolved,,,,False,0.0,False,,,0,0,0.0,no_candidate,
Gujarat Gas Ltd.,,,2016-04-01,2020-06-26,unresolved,low,unresolved,,,,False,0.0,False,,,0,0,0.0,no_candidate,
Gujarat Industries Power Co. Ltd.,GIPCL,INE162A01010,1998-08-01,2016-04-01,equity_l_exact,high,proposed,Gujarat Industries Power Company Limited,EQ,08-FEB-1995,True,1.0,True,,,2084,0,0.0,,EQUITY_L
Gujarat Lease Financing Ltd.,GLFL,INE540A01017,1998-08-01,2001-04-25,equity_l_exact,high,proposed,Gujarat Lease Financing Limited,EQ,08-FEB-1995,True,1.0,True,,,0,0,0.0,,EQUITY_L
Gujarat Mineral Development Corporation Ltd.,GMDCLTD,INE131A01031,1999-05-26,2019-09-27,equity_l_exact,high,proposed,Gujarat Mineral Development Corporation Limited,EQ,17-DEC-1997,True,1.0,True,2015-01-01,2026-08-31,3177,1398,44.0,,EQUITY_L
Gujarat NRE Coke Ltd.,,,2005-04-08,2015-09-28,unresolved,low,unresolved,,,,False,0.0,False,,,0,0,0.0,no_candidate,
Gujarat Narmada Valley Fertilizers and Chemicals Ltd.,GNFC,INE113A01013,1998-08-01,2020-06-26,equity_l_exact,high,proposed,Gujarat Narmada Valley Fertilizers and Chemicals Limited,EQ,17-MAY-1995,True,1.0,True,2015-01-01,2026-08-31,2932,1153,39.32,,EQUITY_L
Gujarat Pipavav Port Ltd.,GPPL,INE517F01014,2011-10-10,2018-04-02,equity_l_exact,high,proposed,Gujarat Pipavav Port Limited,EQ,09-SEP-2010,True,1.0,True,2015-01-01,2026-08-31,2180,1398,64.13,,EQUITY_L
Gujarat State Fertilizers & Chemicals Ltd.,GSFC,INE026A01025,1998-08-01,2020-06-26,equity_l_exact,high,proposed,Gujarat State Fertilizers & Chemicals Limited,EQ,06-SEP-1995,True,1.0,True,2015-01-01,2026-08-31,3177,1398,44.0,,EQUITY_L
Gujarat State Petronet Ltd.,,,2006-09-01,2012-09-28,unresolved,low,unresolved,,,,False,0.0,False,,,0,0,0.0,no_candidate,
Gulf Oil India Ltd.-Old,GULFOILLUB,INE635Q01029,1999-12-08,2002-09-19,token_match,medium,proposed,Gulf Oil Lubricants India Limited,EQ,31-JUL-2014,True,0.5,True,,,0,0,0.0,name_mismatch;listing_after_first_seen;predecessor_marker,EQUITY_L_token_match
Gulf Oil Lubricants India Ltd.,GULFOILLUB,INE635Q01029,2015-03-27,2016-04-29,equity_l_exact,high,proposed,Gulf Oil Lubricants India Limited,EQ,31-JUL-2014,True,1.0,True,,,248,0,0.0,,EQUITY_L
H.E.G. Ltd.,HGINFRA,INE926X01010,1998-08-01,2020-06-26,token_match,low,proposed,H.G. Infra Engineering Limited,EQ,09-MAR-2018,True,0.4,True,2018-03-09,2026-08-31,2631,547,20.79,first_token_mismatch;name_mismatch;listing_after_first_seen,EQUITY_L_token_match
HAMCO Mining & Smelting Ltd.,,,1998-08-01,2000-12-13,unresolved,low,unresolved,,,,False,0.0,False,,,0,0,0.0,no_candidate,
HCL Infosystems Ltd,HCL-INSYS,INE236A01020,2000-01-12,2000-05-24,equity_l_exact,high,proposed,HCL Infosystems Limited,EQ,01-JAN-1997,True,1.0,True,,,0,0,0.0,,EQUITY_L
HCL Infosystems Ltd.,HCL-INSYS,INE236A01020,1998-08-01,2019-03-29,equity_l_exact,high,proposed,HCL Infosystems Limited,EQ,01-JAN-1997,True,1.0,True,,,2819,0,0.0,,EQUITY_L
HCL Technologies Ltd.,HCLTECH,INE860A01027,2001-01-01,2019-03-29,equity_l_exact,high,proposed,HCL Technologies Limited,EQ,06-JAN-2000,True,1.0,True,2015-01-01,2026-08-31,3177,1398,44.0,,EQUITY_L
HDFC Asset Management Company Ltd.,HDFCAMC,INE127D01025,2019-03-29,2020-06-26,equity_l_exact,high,auto,HDFC Asset Management Company Limited,EQ,06-AUG-2018,True,1.0,True,2018-08-06,2026-08-31,358,358,100.0,,EQUITY_L
HDFC Bank Ltd.,HDFCBANK,INE040A01034,1998-08-01,2019-03-29,equity_l_exact,high,proposed,HDFC Bank Limited,EQ,08-NOV-1995,True,1.0,True,2015-01-01,2026-08-31,3177,1398,44.0,,EQUITY_L
HDFC Life Insurance Company Ltd.,HDFCLIFE,INE795G01014,2019-09-27,2020-07-31,equity_l_exact,high,proposed,HDFC Life Insurance Company Limited,EQ,17-NOV-2017,True,1.0,True,2017-11-17,2026-08-31,183,183,100.0,concurrent_alias_collision,EQUITY_L
HDFC Standard Life Insurance Company Ltd.,HDFCLIFE,INE795G01014,2018-09-28,2018-09-28,token_match,high,proposed,HDFC Life Insurance Company Limited,EQ,17-NOV-2017,True,0.75,True,2017-11-17,2026-08-31,479,479,100.0,first_token_mismatch;name_mismatch;concurrent_alias_collision,EQUITY_L_token_match
HIL Ltd.,,,1998-08-01,2002-04-23,unresolved,low,unresolved,,,,False,0.0,False,,,0,0,0.0,no_candidate,
HMT Ltd.,HMT,INE262A01018,2002-10-11,2016-09-30,equity_l_exact,high,proposed,HMT Limited,BZ,29-AUG-2003,True,1.0,True,,,2206,0,0.0,first_token_mismatch;listing_after_first_seen,EQUITY_L
HSBC InvestDirect (India) Ltd.,,,2006-03-02,2010-07-08,unresolved,low,unresolved,,,,False,0.0,False,,,0,0,0.0,no_candidate,
HSIL Ltd.,,,2005-09-26,2018-12-28,unresolved,low,unresolved,,,,False,0.0,False,,,0,0,0.0,no_candidate,
HT Media Ltd.,HTMEDIA,INE501G01024,2006-03-02,2018-06-29,equity_l_exact,high,proposed,HT Media Limited,EQ,01-SEP-2005,True,1.0,True,,,2638,0,0.0,,EQUITY_L
Harrisons Malayalam Ltd.,HARRMALAYA,INE544A01019,1998-08-01,2010-08-31,equity_l_exact,high,proposed,Harrisons  Malayalam Limited,EQ,08-FEB-1995,True,1.0,True,,,724,0,0.0,,EQUITY_L
Hathway Cable & Datacom Ltd.,HATHWAY,INE982F01036,2011-01-20,2020-06-26,equity_l_exact,high,proposed,Hathway Cable & Datacom Limited,EQ,25-FEB-2010,True,1.0,True,,,2178,0,0.0,,EQUITY_L
Hatsun Agro Product Ltd.,HATSUN,INE473B01035,2018-02-05,2018-02-05,equity_l_exact,high,proposed,Hatsun Agro Product Limited,EQ,20-JUN-2014,True,1.0,True,,,639,0,0.0,,EQUITY_L
Havell's India Ltd.,,,2002-04-23,2013-07-26,unresolved,low,unresolved,,,,False,0.0,False,,,0,0,0.0,no_candidate,
Havells India Ltd.,HAVELLS,INE176B01034,2010-10-01,2019-09-27,equity_l_exact,high,proposed,Havells India Limited,EQ,21-MAR-2001,True,1.0,True,2015-01-01,2026-08-31,2401,1367,56.93,,EQUITY_L
HeidelbergCement India Ltd.,HEIDELBERG,INE578A01017,1998-08-01,2016-04-01,equity_l_exact,high,proposed,HeidelbergCement India Limited,EQ,15-MAR-1995,True,1.0,True,,,0,0,0.0,,EQUITY_L
Henkel SPIC India Ltd.,,,2001-12-07,2003-04-07,unresolved,low,unresolved,,,,False,0.0,False,,,0,0,0.0,no_candidate,
Herbertsons Ltd.,,,1998-08-01,2000-12-13,unresolved,low,unresolved,,,,False,0.0,False,,,0,0,0.0,no_candidate,
Heritage Foods Ltd.,HERITGFOOD,INE978A01027,2002-09-19,2017-09-29,equity_l_exact,high,proposed,Heritage Foods Limited,EQ,27-NOV-1996,True,1.0,True,2015-01-01,2026-08-31,2084,305,14.64,,EQUITY_L
Hero Honda Motors Limited,HEROMOTOCO,INE158A01026,1996-09-18,1998-10-07,agent_memory,low,proposed,Hero MotoCorp Limited,EQ,11-APR-2003,True,0.5,True,2015-01-01,2026-08-31,0,0,0.0,first_token_mismatch;name_mismatch;listing_after_first_seen;unsourced,agent_memory_unsourced
Hero MotoCorp Ltd.,HEROMOTOCO,INE158A01026,1998-08-01,2020-06-26,equity_l_exact,high,proposed,Hero MotoCorp Limited,EQ,11-APR-2003,True,1.0,True,2015-01-01,2026-08-31,3177,1398,44.0,listing_after_first_seen,EQUITY_L
Hexaware Technologies Ltd.,HEXT,INE093A01041,2003-04-01,2020-06-26,equity_l_exact,high,proposed,Hexaware Technologies Limited,EQ,19-FEB-2025,True,1.0,True,2025-02-19,2026-08-31,3177,0,0.0,listing_after_first_seen,EQUITY_L
Hikal Ltd.,HIKAL,INE475B01022,2003-04-01,2011-10-10,equity_l_exact,high,proposed,Hikal Limited,EQ,14-FEB-2001,True,1.0,True,,,998,0,0.0,first_token_mismatch,EQUITY_L
Himachal Fut Com Ltd.,,,2011-10-10,2018-04-02,unresolved,low,unresolved,,,,False,0.0,False,,,0,0,0.0,no_candidate,
Himachal Fut Com Ltd.- Old,,,1998-08-01,2011-02-08,unresolved,low,unresolved,,,,False,0.0,False,,,0,0,0.0,no_candidate,
Himachal Futuristic Communication Ltd.,,,2004-03-01,2004-03-01,unresolved,low,unresolved,,,,False,0.0,False,,,0,0,0.0,no_candidate,
Himachal Futuristic Communications Ltd,,,2000-05-24,2000-05-24,unresolved,low,unresolved,,,,False,0.0,False,,,0,0,0.0,no_candidate,
Himachal Futuristic Communications Ltd.,,,2004-03-01,2004-03-01,unresolved,low,unresolved,,,,False,0.0,False,,,0,0,0.0,no_candidate,
Himadri Speciality Chemical Ltd.,HSCL,INE019C01026,2018-04-02,2018-04-02,equity_l_exact,high,auto,Himadri Speciality Chemical Limited,EQ,02-MAR-2007,True,1.0,True,2015-01-01,2026-08-31,603,603,100.0,,EQUITY_L
Himatsingka Seide Ltd.,HIMATSEIDE,INE049A01027,1998-08-01,2019-03-29,equity_l_exact,high,proposed,Himatsingka Seide Limited,EQ,08-FEB-1995,True,1.0,True,,,3177,0,0.0,,EQUITY_L
Hind Lever Chemicals Ltd.,,,1998-08-01,2004-06-14,unresolved,low,unresolved,,,,False,0.0,False,,,0,0,0.0,no_candidate,
Hind Syntex Ltd.,,,1998-08-01,2002-01-17,unresolved,low,unresolved,,,,False,0.0,False,,,0,0,0.0,no_candidate,
Hindalco Industries Ltd.,HINDALCO,INE038A01020,1998-08-01,2020-07-31,equity_l_exact,high,proposed,Hindalco Industries Limited,EQ,08-JAN-1997,True,1.0,True,2015-01-01,2026-08-31,3177,1398,44.0,,EQUITY_L
Hinduja Ventures Ltd.,,,2001-10-11,2014-03-28,unresolved,low,unresolved,,,,False,0.0,False,,,0,0,0.0,no_candidate,
Hindustan Aeronautics Ltd.,HAL,INE066F01020,2018-09-28,2018-09-28,equity_l_exact,high,auto,Hindustan Aeronautics Limited,EQ,28-MAR-2018,True,1.0,True,2018-04-02,2026-08-31,479,479,100.0,,EQUITY_L
Hindustan Construction Co. Ltd.,HCC,INE549A01026,1998-08-01,2019-03-29,equity_l_exact,high,proposed,Hindustan Construction Company Limited,EQ,01-APR-2003,True,1.0,True,2015-01-01,2026-08-31,2819,1040,36.89,listing_after_first_seen,EQUITY_L
Hindustan Copper Ltd.,HINDCOPPER,INE531E01026,2010-10-01,2018-04-02,equity_l_exact,high,proposed,Hindustan Copper Limited,EQ,15-SEP-2010,True,1.0,True,2015-01-01,2026-08-31,2432,1398,57.48,,EQUITY_L
Hindustan Development Corporation Ltd.,,,1998-08-01,2000-12-13,unresolved,low,unresolved,,,,False,0.0,False,,,0,0,0.0,no_candidate,
Hindustan Media Vent Ltd.,HMVL,INE871K01015,2016-04-01,2017-09-29,token_match,medium,proposed,Hindustan Media Ventures Limited,BE,21-JUL-2010,True,0.5,True,,,370,0,0.0,name_mismatch,EQUITY_L_token_match
Hindustan Motors Ltd.,,,1998-08-01,2011-01-20,unresolved,low,unresolved,,,,False,0.0,False,,,0,0,0.0,no_candidate,
Hindustan Oil Exploration Co. Ltd.,HINDOILEXP,INE345A01011,1998-08-01,2015-09-28,equity_l_exact,high,proposed,Hindustan Oil Exploration Company Limited,EQ,23-SEP-2003,True,1.0,True,,,1961,0,0.0,listing_after_first_seen,EQUITY_L
Hindustan Organic Chemicals Ltd.,,,1998-08-01,2005-09-26,unresolved,low,unresolved,,,,False,0.0,False,,,0,0,0.0,no_candidate,
Hindustan Petroleum Corporation Ltd.,HINDPETRO,INE094A01015,1997-05-14,2019-09-27,equity_l_exact,high,proposed,Hindustan Petroleum Corporation Limited,EQ,17-JUN-1998,True,1.0,True,2015-01-01,2026-08-31,3177,1398,44.0,listing_after_first_seen,EQUITY_L
Hindustan Powerplus Ltd.,,,1998-08-01,2002-09-19,unresolved,low,unresolved,,,,False,0.0,False,,,0,0,0.0,no_candidate,
Hindustan Unilever Ltd.,HINDUNILVR,INE030A01027,1998-08-01,2018-09-28,equity_l_exact,high,proposed,Hindustan Unilever Limited,EQ,06-JUL-1995,True,1.0,True,2015-01-01,2026-08-31,3177,1398,44.0,,EQUITY_L
Hindustan Zinc Ltd.,HINDZINC,INE267A01025,1998-08-01,2020-06-26,equity_l_exact,high,proposed,Hindustan Zinc Limited,EQ,21-NOV-2006,True,1.0,True,2015-01-01,2026-08-31,3141,1367,43.52,listing_after_first_seen,EQUITY_L
Hitachi Home & Life Solutions (India) Ltd.,,,2016-04-01,2016-04-01,unresolved,low,unresolved,,,,False,0.0,False,,,0,0,0.0,no_candidate,
Hitech Drilling Services India Ltd.,,,1998-08-01,2002-04-23,unresolved,low,unresolved,,,,False,0.0,False,,,0,0,0.0,no_candidate,
Hoganas India Ltd.- Sus,,,1998-08-01,2002-05-21,unresolved,low,unresolved,,,,False,0.0,False,,,0,0,0.0,no_candidate,
Honda SIEL Power Products Ltd.,HONDAPOWER,INE634A01018,1998-08-01,2009-10-22,token_match,high,proposed,Honda India Power Products Limited,EQ,01-APR-2003,True,0.75,True,,,511,0,0.0,first_token_mismatch;name_mismatch;listing_after_first_seen,EQUITY_L_token_match
Honeywell Automation India Ltd.,HONAUT,INE671A01010,1998-08-01,2018-09-28,equity_l_exact,high,proposed,Honeywell Automation India Limited,EQ,18-JUL-2003,True,1.0,True,2015-01-01,2026-08-31,2453,674,27.48,listing_after_first_seen,EQUITY_L
Hotel Leela Venture Ltd.,,,1998-08-01,2016-09-30,unresolved,low,unresolved,,,,False,0.0,False,,,0,0,0.0,no_candidate,
Hotel Leelaventure Ltd.,,,2004-01-02,2009-03-27,unresolved,low,unresolved,,,,False,0.0,False,,,0,0,0.0,no_candidate,
Housing & Urban Development Corporation Ltd.,HUDCO,INE031A01017,2017-10-30,2018-04-02,equity_l_exact,high,auto,Housing & Urban Development Corporation Limited,EQ,19-MAY-2017,True,1.0,True,2017-05-19,2026-08-31,706,706,100.0,,EQUITY_L
Housing Development Finance Corporation Ltd.,AADHARHFC,INE883F01010,1998-08-01,2020-06-26,token_match,medium,proposed,Aadhar Housing Finance Limited,EQ,15-MAY-2024,True,0.5,False,2024-05-15,2026-08-31,3177,0,0.0,first_token_mismatch;name_mismatch;listing_after_first_seen;concurrent_alias_collision,EQUITY_L_token_match
Housing Development and Infrastructure Ltd.,HDIL,INE191I01012,2007-08-27,2018-09-28,equity_l_exact,high,proposed,Housing Development and Infrastructure Limited,BZ,24-JUL-2007,True,1.0,True,,,2699,0,0.0,,EQUITY_L
Hubtown Ltd.,HUBTOWN,INE703H01016,2007-09-24,2015-03-27,equity_l_exact,high,proposed,Hubtown Limited,EQ,07-FEB-2007,True,1.0,True,,,1832,0,0.0,first_token_mismatch,EQUITY_L
Hughes Software Ltd.,,,2001-07-18,2001-07-18,unresolved,low,unresolved,,,,False,0.0,False,,,0,0,0.0,no_candidate,
Hughes Tele.com Ltd.,,,2003-05-02,2003-05-02,unresolved,low,unresolved,,,,False,0.0,False,,,0,0,0.0,no_candidate,
I G Petrochemicals Ltd.,,,1998-08-01,2002-03-29,unresolved,low,unresolved,,,,False,0.0,False,,,0,0,0.0,no_candidate,
I T C Bhadrachalam Paper Boards Ltd.,,,1998-08-01,2002-04-23,unresolved,low,unresolved,,,,False,0.0,False,,,0,0,0.0,no_candidate,
I T C Ltd.,ISTLTD,INE684B01029,1998-08-01,2019-03-29,token_match,medium,proposed,I S T Limited,EQ,17-AUG-2026,True,0.5,True,,,3177,0,0.0,first_token_mismatch;name_mismatch;listing_after_first_seen,EQUITY_L_token_match
I-Flex Sloution Ltd.,,,2003-04-01,2003-04-01,unresolved,low,unresolved,,,,False,0.0,False,,,0,0,0.0,no_candidate,
IBP Co. Ltd.,,,1998-08-01,2007-06-04,unresolved,low,unresolved,,,,False,0.0,False,,,0,0,0.0,no_candidate,
ICI India Ltd.,,,2004-03-01,2004-03-01,unresolved,low,unresolved,,,,False,0.0,False,,,0,0,0.0,no_candidate,
ICICI Bank Ltd,ICICIBANK,INE090A01021,2002-01-25,2002-01-25,equity_l_exact,high,proposed,ICICI Bank Limited,EQ,17-SEP-1997,True,1.0,True,2015-01-01,2026-08-31,0,0,0.0,,EQUITY_L
ICICI Bank Ltd.,ICICIBANK,INE090A01021,1999-02-03,2020-06-26,equity_l_exact,high,proposed,ICICI Bank Limited,EQ,17-SEP-1997,True,1.0,True,2015-01-01,2026-08-31,3177,1398,44.0,concurrent_alias_collision,EQUITY_L
ICICI Lombard General Insurance Company Ltd.,ICICIGI,INE765G01017,2018-04-02,2020-06-26,equity_l_exact,high,auto,ICICI Lombard General Insurance Company Limited,EQ,27-SEP-2017,True,1.0,True,2017-09-27,2026-08-31,603,603,100.0,,EQUITY_L
ICICI Ltd.,ICICIBANK,INE090A01021,1998-08-01,2002-05-31,token_match,medium,proposed,ICICI Bank Limited,EQ,17-SEP-1997,True,0.5,True,2015-01-01,2026-08-31,0,0,0.0,first_token_mismatch;name_mismatch;concurrent_alias_collision,EQUITY_L_token_match
ICICI Prudential Life Insurance Company Ltd.,ICICIPRULI,INE726G01019,2017-03-31,2020-06-26,equity_l_exact,high,auto,ICICI Prudential Life Insurance Company Limited,EQ,29-SEP-2016,True,1.0,True,2016-09-29,2026-08-31,849,849,100.0,,EQUITY_L
ICICI Securities Ltd.,,,2018-09-28,2020-06-26,unresolved,low,unresolved,,,,False,0.0,False,,,0,0,0.0,no_candidate,
ICRA Ltd.,ICRA,INE725G01011,2012-04-27,2019-03-29,equity_l_exact,high,proposed,ICRA Limited,EQ,13-APR-2007,True,1.0,True,,,1447,0,0.0,first_token_mismatch,EQUITY_L
ICSA (India) Ltd.,,,2012-04-27,2012-09-28,unresolved,low,unresolved,,,,False,0.0,False,,,0,0,0.0,no_candidate,
IDBI Bank Ltd.,IDBI,INE008A01015,1998-08-01,2019-09-27,equity_l_exact,high,proposed,IDBI Bank Limited,EQ,20-SEP-1995,True,1.0,True,2015-01-01,2026-08-31,3177,1398,44.0,concurrent_alias_collision,EQUITY_L
IDBI Bank Ltd.-OLD,IDBI,INE008A01015,2000-09-03,2005-05-09,token_match,medium,proposed,IDBI Bank Limited,EQ,20-SEP-1995,True,0.6667,True,2015-01-01,2026-08-31,0,0,0.0,name_mismatch;concurrent_alias_collision;predecessor_marker,EQUITY_L_token_match
IDFC Bank Ltd.,IDFCFIRSTB,INE092T01019,2016-09-30,2017-09-29,token_match,medium,proposed,IDFC First Bank Limited,EQ,06-NOV-2015,True,0.6667,True,2015-11-06,2026-08-31,972,972,100.0,first_token_mismatch;name_mismatch,EQUITY_L_token_match
IDFC First Bank Ltd.,IDFCFIRSTB,INE092T01019,2020-07-31,2020-07-31,equity_l_exact,high,auto,IDFC First Bank Limited,EQ,06-NOV-2015,True,1.0,True,2015-11-06,2026-08-31,1,1,100.0,,EQUITY_L
IDFC Ltd,,,2015-05-29,2015-05-29,unresolved,low,unresolved,,,,False,0.0,False,,,0,0,0.0,no_candidate,
IDFC Ltd.,,,2006-02-03,2020-06-26,unresolved,low,unresolved,,,,False,0.0,False,,,0,0,0.0,no_candidate,
IDI Ltd.,,,1998-08-01,2001-04-25,unresolved,low,unresolved,,,,False,0.0,False,,,0,0,0.0,no_candidate,
IFB Industries Ltd.,IFBIND,INE559A01017,1998-08-01,2017-09-29,equity_l_exact,high,proposed,IFB Industries Limited,EQ,29-MAR-1995,True,1.0,True,2015-01-01,2026-08-31,2206,427,19.36,,EQUITY_L
IFCI Ltd.,IFCI,INE039A01010,1998-08-01,2018-09-28,equity_l_exact,high,proposed,IFCI Limited,EQ,26-APR-1995,True,1.0,True,2015-01-01,2026-08-31,2694,920,34.15,first_token_mismatch,EQUITY_L
IIFL Finance Ltd.,IIFL,INE530B01024,2019-09-27,2019-09-27,equity_l_exact,high,auto,IIFL Finance Limited,EQ,17-MAY-2005,True,1.0,True,2015-01-01,2026-08-31,238,238,100.0,,EQUITY_L
IIFL Holdings Ltd.,,,2008-03-14,2018-12-28,unresolved,low,unresolved,,,,False,0.0,False,,,0,0,0.0,no_candidate,
IIFL Wealth Management Ltd.,NUVAMA,INE531F01023,2020-06-26,2020-06-26,token_match,medium,proposed,Nuvama Wealth Management Limited,EQ,26-SEP-2023,True,0.5,False,2023-09-26,2026-08-31,57,0,0.0,first_token_mismatch;name_mismatch;listing_after_first_seen,EQUITY_L_token_match
IL&FS Engineering and Construction Company Ltd.,IL&FSENGG,INE369I01014,2009-03-27,2016-04-01,equity_l_exact,high,proposed,IL&FS Engineering and Construction Company Limited,BZ,25-OCT-2007,True,1.0,True,,,1323,0,0.0,,EQUITY_L
IL&FS Transportation Networks Ltd.,IL&FSTRANS,INE975G01012,2010-10-01,2019-03-29,equity_l_exact,high,proposed,IL&FS Transportation Networks Limited,BZ,30-MAR-2010,True,1.0,True,,,2074,0,0.0,,EQUITY_L
INEOS Styrolution India Ltd.,,,2016-09-30,2016-09-30,unresolved,low,unresolved,,,,False,0.0,False,,,0,0,0.0,no_candidate,
ING Vysya Bank Ltd.,KARURVYSYA,INE036D01028,1999-02-03,2015-02-02,token_match,medium,proposed,Karur Vysya Bank Limited,EQ,26-JUL-2000,True,0.5,False,2015-01-01,2026-08-31,1800,21,1.17,first_token_mismatch;name_mismatch;listing_after_first_seen;concurrent_alias_collision,EQUITY_L_token_match
IP Rings Ltd.,IPRINGLTD,INE558A01019,1998-08-01,2002-04-23,equity_l_exact,high,proposed,IP Rings Limited,EQ,17-AUG-2026,True,1.0,True,,,0,0,0.0,listing_after_first_seen,EQUITY_L
IRB Infrastructure Developers Ltd.,IRB,INE821I01022,2008-09-10,2020-06-26,equity_l_exact,high,proposed,IRB Infrastructure Developers Limited,EQ,25-FEB-2008,True,1.0,True,2015-01-01,2026-08-31,2933,1398,47.66,,EQUITY_L
IRCON International Ltd.,IRCON,INE962Y01021,2019-03-29,2019-03-29,equity_l_exact,high,auto,Ircon International Limited,EQ,28-SEP-2018,True,1.0,True,2018-09-28,2026-08-31,358,358,100.0,,EQUITY_L
ISMT Ltd.,,,1998-08-01,2000-05-24,unresolved,low,unresolved,,,,False,0.0,False,,,0,0,0.0,no_candidate,
ITC Hotel Ltd.,ITC,INE154A01025,2002-01-17,2002-01-17,token_match,medium,proposed,ITC Limited,EQ,23-AUG-1995,True,0.5,True,2015-01-01,2026-08-31,0,0,0.0,first_token_mismatch;name_mismatch,EQUITY_L_token_match
ITC Hotels Ltd.,ITCHOTELS,INE379A01028,1998-08-01,2005-04-08,equity_l_exact,high,proposed,ITC Hotels Limited,EQ,29-JAN-2025,True,1.0,True,2025-01-29,2026-08-31,0,0,0.0,listing_after_first_seen,EQUITY_L
ITC Ltd.,ITC,INE154A01025,2019-09-27,2020-03-19,equity_l_exact,high,proposed,ITC Limited,EQ,23-AUG-1995,True,1.0,True,2015-01-01,2026-08-31,207,207,100.0,first_token_mismatch,EQUITY_L
ITD Cementation India Ltd.,,,1998-08-01,2020-06-26,unresolved,low,unresolved,,,,False,0.0,False,,,0,0,0.0,no_candidate,
ITI Ltd.,ITI,INE248A01017,1998-08-01,2019-03-29,equity_l_exact,high,proposed,ITI Limited,EQ,15-SEP-2003,True,1.0,True,2015-01-01,2026-08-31,547,547,100.0,first_token_mismatch;listing_after_first_seen,EQUITY_L
ITW Signode India Ltd.- Sus,,,1998-08-01,2002-04-23,unresolved,low,unresolved,,,,False,0.0,False,,,0,0,0.0,no_candidate,
IVRCL Infrastructures & Projects Ltd.,,,2004-01-02,2010-04-08,unresolved,low,unresolved,,,,False,0.0,False,,,0,0,0.0,no_candidate,
IVRCL Ltd.,,,2002-09-19,2016-04-01,unresolved,low,unresolved,,,,False,0.0,False,,,0,0,0.0,no_candidate,
Idea Cellular Ltd,,,2011-10-10,2011-10-10,unresolved,low,unresolved,,,,False,0.0,False,,,0,0,0.0,no_candidate,
Idea Cellular Ltd.,,,2007-06-11,2017-03-31,unresolved,low,unresolved,,,,False,0.0,False,,,0,0,0.0,no_candidate,
Igarashi Motors India Ltd.,IGARASHI,INE188B01013,2016-04-01,2018-04-02,equity_l_exact,high,proposed,Igarashi Motors India Limited,EQ,09-OCT-2003,True,1.0,True,,,492,0,0.0,,EQUITY_L
Ind-Swift Laboratories Ltd.,INDSWFTLAB,INE915B01019,2005-04-25,2013-04-01,equity_l_exact,high,proposed,Ind-Swift Laboratories Limited,EQ,02-JUL-1997,True,1.0,True,,,1354,0,0.0,,EQUITY_L
India Cement Ltd.,BURNPUR,INE817H01022,2004-03-01,2004-03-01,token_match,medium,proposed,Burnpur Cement Limited,BE,03-JAN-2008,True,0.5,False,,,0,0,0.0,first_token_mismatch;name_mismatch;listing_after_first_seen,EQUITY_L_token_match
India Cements Ltd.,ACL,INE666E01020,1998-08-01,2019-03-29,token_match,medium,proposed,Andhra Cements Limited,EQ,10-MAY-2023,True,0.5,False,,,3177,0,0.0,first_token_mismatch;name_mismatch;listing_after_first_seen,EQUITY_L_token_match
India Cements Ltd. - Cement & Cement Products,,,2000-09-01,2000-09-01,unresolved,low,unresolved,,,,False,0.0,False,,,0,0,0.0,no_candidate,
India Glycols Ltd.,INDIAGLYCO,INE560A01023,1998-08-01,2014-09-19,equity_l_exact,high,proposed,India Glycols Limited,EQ,01-JUL-2005,True,1.0,True,2015-01-01,2026-08-31,1715,0,0.0,listing_after_first_seen,EQUITY_L
India Gypsum Ltd.,,,1998-08-01,2005-01-05,unresolved,low,unresolved,,,,False,0.0,False,,,0,0,0.0,no_candidate,
India Infoline Ltd.,,,2007-12-26,2013-09-27,unresolved,low,unresolved,,,,False,0.0,False,,,0,0,0.0,no_candidate,
India Nippon Electricals Ltd.,INDNIPPON,INE092B01025,2002-09-19,2008-09-10,equity_l_exact,high,proposed,India Nippon Electricals Limited,EQ,07-MAY-1997,True,1.0,True,,,245,0,0.0,,EQUITY_L
India Securities Ltd.,GANGESSECU,INE335W01016,1998-08-01,1999-05-26,token_match,medium,proposed,Ganges Securities Limited,EQ,28-JUL-2017,True,0.5,False,,,0,0,0.0,first_token_mismatch;name_mismatch;listing_after_first_seen,EQUITY_L_token_match
India Tourism Development Corporation Ltd.,ITDC,INE353K01014,2017-09-29,2019-09-27,equity_l_exact,high,proposed,India Tourism Development Corporation Limited,EQ,30-DEC-2016,True,1.0,True,,,725,0,0.0,,EQUITY_L
Indiabulls Financial Services Ltd.,AFSL,INE00ZE01026,2005-02-18,2013-03-19,token_match,medium,proposed,Abans Financial Services Limited,EQ,23-DEC-2022,True,0.5,False,,,1347,0,0.0,first_token_mismatch;name_mismatch;listing_after_first_seen,EQUITY_L_token_match
Indiabulls Housing Finance Ltd.,AADHARHFC,INE883F01010,2013-11-18,2020-06-26,token_match,medium,proposed,Aadhar Housing Finance Limited,EQ,15-MAY-2024,True,0.5,False,2024-05-15,2026-08-31,1669,0,0.0,first_token_mismatch;name_mismatch;listing_after_first_seen;concurrent_alias_collision,EQUITY_L_token_match
Indiabulls Integrated Services Ltd.,KRYSTAL,INE0QN801017,2019-03-29,2020-06-26,token_match,medium,proposed,Krystal Integrated Services Limited,EQ,21-MAR-2024,True,0.5,False,,,302,0,0.0,first_token_mismatch;name_mismatch;listing_after_first_seen,EQUITY_L_token_match
Indiabulls Power Ltd.,IBULLSLTD,INE126M01010,2011-10-10,2011-10-10,token_match,medium,proposed,Indiabulls Limited,EQ,18-AUG-2011,True,0.5,True,,,2180,0,0.0,first_token_mismatch;name_mismatch;concurrent_alias_collision,EQUITY_L_token_match
Indiabulls Real Estate Ltd.,TREL,INE0O3901029,2007-04-23,2020-06-26,token_match,medium,proposed,Transindia Real Estate Limited,EQ,10-AUG-2023,True,0.5,False,,,3121,0,0.0,first_token_mismatch;name_mismatch;listing_after_first_seen,EQUITY_L_token_match
Indiabulls Securities Ltd.,IBULLSLTD,INE126M01010,2009-08-14,2009-08-14,token_match,medium,proposed,Indiabulls Limited,EQ,18-AUG-2011,True,0.5,True,,,2711,0,0.0,first_token_mismatch;name_mismatch;listing_after_first_seen;concurrent_alias_collision,EQUITY_L_token_match
Indiabulls Ventures Ltd.,IBULLSLTD,INE126M01010,2016-04-01,2020-06-26,token_match,medium,proposed,Indiabulls Limited,EQ,18-AUG-2011,True,0.5,True,,,694,0,0.0,first_token_mismatch;name_mismatch,EQUITY_L_token_match
Indiamart Intermesh Ltd.,INDIAMART,INE933S01016,2019-12-27,2019-12-27,equity_l_exact,high,auto,Indiamart Intermesh Limited,EQ,04-JUL-2019,True,1.0,True,2019-07-04,2026-08-31,179,179,100.0,,EQUITY_L
Indian Aluminium Co. Ltd.,,,1996-09-18,2003-12-11,unresolved,low,unresolved,,,,False,0.0,False,,,0,0,0.0,no_candidate,
Indian Bank,INDIANB,INE562A01011,2007-09-24,2020-06-26,equity_l_exact,high,proposed,Indian Bank,EQ,01-MAR-2007,True,1.0,True,2015-01-01,2026-08-31,3172,1398,44.07,,EQUITY_L
Indian Card Clothing Co. Ltd.,INDIANCARD,INE061A01014,1998-08-01,2008-09-10,equity_l_exact,high,proposed,Indian Card Clothing Company Limited,EQ,08-JAN-1997,True,1.0,True,,,245,0,0.0,,EQUITY_L
Indian Energy Exchange Ltd.,IEX,INE022Q01020,2018-04-02,2018-04-02,equity_l_exact,high,auto,Indian Energy Exchange Limited,EQ,23-OCT-2017,True,1.0,True,2017-10-23,2026-08-31,603,603,100.0,,EQUITY_L
Indian Hotels Co. Ltd.,INDHOTEL,INE053A01032,1998-08-01,2017-01-10,agent_memory,low,proposed,The Indian Hotels Company Limited,EQ,03-JUL-1996,False,0.5,True,2015-01-01,2026-08-31,3177,1398,44.0,name_mismatch;isin_unverified;unsourced,agent_memory_unsourced
Indian Metals & Ferro Alloys Ltd.,IMFA,INE919H01018,2013-04-01,2015-03-27,equity_l_exact,high,proposed,Indian Metals & Ferro Alloys Limited,EQ,23-JUL-2010,True,1.0,True,2015-01-01,2026-08-31,484,58,11.98,,EQUITY_L
Indian Oil Corporation Ltd.,IOC,INE242A01010,1998-08-01,2020-01-24,equity_l_exact,high,proposed,Indian Oil Corporation Limited,EQ,24-JUL-1996,True,1.0,True,2015-01-01,2026-08-31,3177,1398,44.0,,EQUITY_L
Indian Organic Chemicals Ltd.,,,1998-08-01,2001-12-07,unresolved,low,unresolved,,,,False,0.0,False,,,0,0,0.0,no_candidate,
Indian Overseas Bank,IOB,INE565A01014,2002-04-23,2019-12-27,equity_l_exact,high,proposed,Indian Overseas Bank,EQ,07-DEC-2000,True,1.0,True,2015-01-01,2026-08-31,3177,1398,44.0,,EQUITY_L
Indian Petrochemicals Corporation Ltd.,,,1998-08-01,2007-10-05,unresolved,low,unresolved,,,,False,0.0,False,,,0,0,0.0,no_candidate,
Indian Railway Catering And Tourism Corporation Ltd.,IRCTC,INE335Y01020,2020-06-26,2020-06-26,equity_l_exact,high,auto,Indian Railway Catering And Tourism Corporation Limited,EQ,14-OCT-2019,True,1.0,True,2019-10-14,2026-08-31,57,57,100.0,,EQUITY_L
Indian Rayon & Industries Ltd.,RAJRILTD,INE533D01032,1999-09-08,1999-09-08,token_match,low,proposed,Raj Rayon Industries Limited,BE,16-MAR-2022,True,0.4,False,,,0,0,0.0,first_token_mismatch;name_mismatch;listing_after_first_seen,EQUITY_L_token_match
Indo Count Industries Ltd.,ICIL,INE483B01026,2016-04-01,2019-03-29,equity_l_exact,high,auto,Indo Count Industries Limited,EQ,12-SEP-2005,True,1.0,True,2015-01-01,2026-08-31,736,736,100.0,,EQUITY_L
Indo Gulf Corporation Ltd,,,2001-10-30,2001-10-30,unresolved,low,unresolved,,,,False,0.0,False,,,0,0,0.0,no_candidate,
Indo Gulf Corporation Ltd.,,,1998-08-01,2003-03-19,unresolved,low,unresolved,,,,False,0.0,False,,,0,0,0.0,no_candidate,
Indo Gulf Fertilisers Ltd.,,,2003-12-11,2006-04-10,unresolved,low,unresolved,,,,False,0.0,False,,,0,0,0.0,no_candidate,
Indo Rama Synthetics (India) Ltd. - Old,INDORAMA,INE156A01020,1998-08-01,2003-05-23,token_match,high,proposed,Indo Rama Synthetics (India) Limited,EQ,20-JUN-2003,True,0.75,True,,,0,0,0.0,name_mismatch;listing_after_first_seen;predecessor_marker,EQUITY_L_token_match
Indo Rama Synthetics Ltd.,INDORAMA,INE156A01020,2004-03-15,2013-04-01,token_match,high,proposed,Indo Rama Synthetics (India) Limited,EQ,20-JUN-2003,True,1.0,True,,,1354,0,0.0,name_mismatch,EQUITY_L_token_match
IndoStar Capital Finance Ltd.,INDOSTAR,INE896L01010,2019-03-29,2019-03-29,equity_l_exact,high,proposed,IndoStar Capital Finance Limited,EQ,21-MAY-2018,True,1.0,True,,,358,0,0.0,,EQUITY_L
Indoco Remedies Ltd.,INDOCO,INE873D01024,2016-04-01,2020-06-26,equity_l_exact,high,proposed,Indoco Remedies Limited,EQ,14-JAN-2005,True,1.0,True,,,857,0,0.0,,EQUITY_L
Indraprastha Gas Ltd.,IGL,INE203G01027,2004-12-10,2020-06-26,equity_l_exact,high,proposed,Indraprastha Gas Limited,EQ,26-DEC-2003,True,1.0,True,2015-01-01,2026-08-31,3177,1398,44.0,,EQUITY_L
Indraprastha Medical Corporation Ltd.,INDRAMEDCO,INE681B01017,2002-04-23,2014-09-19,equity_l_exact,high,proposed,Indraprastha Medical Corporation Limited,EQ,17-APR-1997,True,1.0,True,,,1715,0,0.0,,EQUITY_L
IndusInd Bank Ltd.,INDUSINDBK,INE095A01012,1999-12-08,2020-06-26,equity_l_exact,high,proposed,IndusInd Bank Limited,EQ,28-JAN-1998,True,1.0,True,2015-01-01,2026-08-31,3177,1398,44.0,,EQUITY_L
Industrial Development Bank,,,2003-04-01,2003-04-01,unresolved,low,unresolved,,,,False,0.0,False,,,0,0,0.0,no_candidate,
Industrial Development Bank of India Limited,BANKINDIA,INE084A01016,2000-05-24,2000-05-24,token_match,medium,proposed,Bank of India,EQ,30-APR-1997,True,0.5,False,2007-01-02,2026-08-31,0,0,0.0,first_token_mismatch;name_mismatch;concurrent_alias_collision,EQUITY_L_token_match
Industrial Finance Corporation Of India Ltd.,TFCILTD,INE305A01023,1999-09-08,1999-09-08,token_match,medium,proposed,Tourism Finance Corporation of India Limited,EQ,26-JUL-2000,True,0.5,False,,,0,0,0.0,first_token_mismatch;name_mismatch;listing_after_first_seen,EQUITY_L_token_match
Industrial Oxygen Co. Ltd. -Sus,,,1998-08-01,1999-12-08,unresolved,low,unresolved,,,,False,0.0,False,,,0,0,0.0,no_candidate,
Infar (India) Ltd.,,,2002-03-29,2002-10-11,unresolved,low,unresolved,,,,False,0.0,False,,,0,0,0.0,no_candidate,
Infibeam Avenues Ltd.,,,2016-09-30,2019-09-27,unresolved,low,unresolved,,,,False,0.0,False,,,0,0,0.0,no_candidate,
Infibeam Incorporation Ltd.,,,2016-09-30,2018-06-29,unresolved,low,unresolved,,,,False,0.0,False,,,0,0,0.0,no_candidate,
Infinite Computer Solutions (India) Ltd,,,2013-07-17,2014-09-19,unresolved,low,unresolved,,,,False,0.0,False,,,0,0,0.0,no_candidate,
Info Edge (India) Ltd.,NAUKRI,INE663F01032,2008-01-28,2020-06-26,equity_l_exact,high,proposed,Info Edge (India) Limited,EQ,21-NOV-2006,True,1.0,True,2015-01-01,2026-08-31,3086,1398,45.3,,EQUITY_L
Infomedia Press Ltd.,INFOMEDIA,INE669A01022,1998-08-01,2006-08-10,equity_l_exact,high,proposed,Infomedia Press Limited,EQ,12-OCT-2006,True,1.0,True,,,0,0,0.0,listing_after_first_seen,EQUITY_L
Information Technologies India Ltd.,,,2002-03-29,2002-07-09,unresolved,low,unresolved,,,,False,0.0,False,,,0,0,0.0,no_candidate,
Infosys Ltd.,INFY,INE009A01021,1998-08-01,2019-12-27,equity_l_exact,high,proposed,Infosys Limited,EQ,08-FEB-1995,True,1.0,True,2015-01-01,2026-08-31,3177,1398,44.0,first_token_mismatch,EQUITY_L
Infosys Technologies Limited,INFY,INE009A01021,1998-10-07,1998-10-07,agent_memory,low,proposed,Infosys Limited,EQ,08-FEB-1995,True,0.5,True,2015-01-01,2026-08-31,3146,1367,43.45,first_token_mismatch;name_mismatch;unsourced,agent_memory_unsourced
Infotech Enterprises Ltd.,,,2002-01-29,2014-03-28,unresolved,low,unresolved,,,,False,0.0,False,,,0,0,0.0,no_candidate,
Infrastructure Development Finance Co. Ltd.,KAUSHALYA,INE234I01028,2006-06-27,2011-03-25,token_match,medium,proposed,Kaushalya Infrastructure Development Corporation Limited,BE,14-DEC-2007,True,0.5,False,,,3146,0,0.0,first_token_mismatch;name_mismatch;listing_after_first_seen,EQUITY_L_token_match
Infrastructure Development Finance Company Limited,KAUSHALYA,INE234I01028,2009-10-22,2009-10-22,token_match,medium,proposed,Kaushalya Infrastructure Development Corporation Limited,BE,14-DEC-2007,True,0.5,False,,,2636,0,0.0,first_token_mismatch;name_mismatch,EQUITY_L_token_match
Ingersoll Rand (India) Ltd.,INGERRAND,INE177A01018,1998-08-01,2020-06-26,equity_l_exact,high,proposed,Ingersoll Rand (India) Limited,EQ,15-APR-1999,True,1.0,True,,,2575,0,0.0,listing_after_first_seen,EQUITY_L
Innoventive Industries Ltd.,,,2012-09-28,2014-03-28,unresolved,low,unresolved,,,,False,0.0,False,,,0,0,0.0,no_candidate,
Inox Leisure Ltd.,INOXINDIA,INE616N01034,2006-09-21,2020-06-26,token_match,medium,proposed,INOX India Limited,EQ,21-DEC-2023,True,0.5,True,2023-12-21,2026-08-31,2414,0,0.0,first_token_mismatch;name_mismatch;listing_after_first_seen,EQUITY_L_token_match
Inox Wind Ltd.,INOXWIND,INE066P01011,2015-09-28,2019-09-27,equity_l_exact,high,auto,Inox Wind Limited,EQ,09-APR-2015,True,1.0,True,2015-04-09,2026-08-31,980,980,100.0,,EQUITY_L
Insilco Ltd. - Sus,,,1999-02-03,2002-09-19,unresolved,low,unresolved,,,,False,0.0,False,,,0,0,0.0,no_candidate,
Intellect Design Arena Ltd.,INTELLECT,INE306R01017,2016-04-01,2018-04-02,equity_l_exact,high,auto,Intellect Design Arena Limited,EQ,18-DEC-2014,True,1.0,True,2015-01-01,2026-08-31,1094,1094,100.0,,EQUITY_L
InterGlobe Aviation Ltd.,INDIGO,INE646L01027,2016-09-30,2020-06-26,equity_l_exact,high,auto,InterGlobe Aviation Limited,EQ,10-NOV-2015,True,1.0,True,2015-11-10,2026-08-31,972,972,100.0,,EQUITY_L
International Paper APPM Ltd.,,,2016-04-01,2017-03-31,unresolved,low,unresolved,,,,False,0.0,False,,,0,0,0.0,no_candidate,
International Travel House Ltd.,,,1998-08-01,2002-09-19,unresolved,low,unresolved,,,,False,0.0,False,,,0,0,0.0,no_candidate,
Ion Exchange (India) Ltd.,IONEXCHANG,INE570A01022,1998-08-01,2002-09-19,equity_l_exact,high,proposed,ION Exchange (India) Limited,EQ,22-FEB-2022,True,1.0,True,2022-02-22,2026-08-31,0,0,0.0,listing_after_first_seen,EQUITY_L
Ipca Laboratories Ltd.,IPCALAB,INE571A01038,1998-08-01,2019-09-27,equity_l_exact,high,proposed,IPCA Laboratories Limited,EQ,08-FEB-1995,True,1.0,True,2015-01-01,2026-08-31,3177,1398,44.0,,EQUITY_L
Ispat Alloys Ltd.,,,1998-08-01,2000-05-24,unresolved,low,unresolved,,,,False,0.0,False,,,0,0,0.0,no_candidate,
Ispat Industries Ltd.,NIRAJISPAT,INE326T01011,2005-12-08,2005-12-08,token_match,medium,proposed,Niraj Ispat Industries Limited,BE,27-OCT-2016,True,0.6667,False,,,0,0,0.0,first_token_mismatch;name_mismatch;listing_after_first_seen,EQUITY_L_token_match
J.B. Chemicals & Pharmaceuticals Ltd.,BIOFILCHEM,INE829A01014,1998-08-01,2006-03-02,token_match,medium,proposed,Biofil Chemicals & Pharmaceuticals Limited,EQ,12-JUN-1996,True,0.5,False,,,3177,0,0.0,first_token_mismatch;name_mismatch;concurrent_alias_collision,EQUITY_L_token_match
J.K. Cement Ltd.,,,2015-03-27,2020-06-26,unresolved,low,unresolved,,,,False,0.0,False,,,0,0,0.0,no_candidate,
J.Kumar Infraprojects Ltd.,JKIL,INE576I01022,2012-04-12,2019-03-29,equity_l_exact,high,proposed,J.Kumar Infraprojects Limited,EQ,12-FEB-2008,True,1.0,True,,,1702,0,0.0,,EQUITY_L
JBF Industries Ltd.,,,1998-08-01,2018-09-28,unresolved,low,unresolved,,,,False,0.0,False,,,0,0,0.0,no_candidate,
JCT Electronics Ltd.,,,1998-08-01,2001-10-11,unresolved,low,unresolved,,,,False,0.0,False,,,0,0,0.0,no_candidate,
JCT Ltd.,,,1998-08-01,2001-12-07,unresolved,low,unresolved,,,,False,0.0,False,,,0,0,0.0,no_candidate,
JD Orgochem Ltd.,,,1998-08-01,2000-09-03,unresolved,low,unresolved,,,,False,0.0,False,,,0,0,0.0,no_candidate,
JK Lakshmi Cement Ltd.,JKLAKSHMI,INE786A01032,1998-08-01,2018-04-02,equity_l_exact,high,auto,JK Lakshmi Cement Limited,EQ,19-JUN-2006,True,1.0,True,2015-01-01,2026-08-31,904,853,94.36,listing_after_first_seen,EQUITY_L
JK Paper Ltd.,JKPAPER,INE789E01012,2019-03-29,2019-03-29,equity_l_exact,high,auto,JK Paper Limited,EQ,16-JUN-2005,True,1.0,True,2015-01-01,2026-08-31,358,358,100.0,,EQUITY_L
JK Tyre & Industries Ltd.,JKTYRE,INE573A01042,2015-03-27,2019-03-29,equity_l_exact,high,auto,JK Tyre & Industries Limited,EQ,19-MAR-2007,True,1.0,True,2015-01-01,2026-08-31,983,983,100.0,,EQUITY_L
JK Tyre & Industries Ltd..,JKTYRE,INE573A01042,1998-08-01,2011-03-25,equity_l_exact,high,proposed,JK Tyre & Industries Limited,EQ,19-MAR-2007,True,1.0,True,2015-01-01,2026-08-31,0,0,0.0,listing_after_first_seen,EQUITY_L
JM Financial Ltd.,JMFINANCIL,INE780C01023,2007-04-04,2020-06-26,equity_l_exact,high,proposed,JM Financial Limited,EQ,10-OCT-2006,True,1.0,True,2015-01-01,2026-08-31,3177,1398,44.0,,EQUITY_L
JMT Auto Ltd.,,,2016-04-01,2017-09-29,unresolved,low,unresolved,,,,False,0.0,False,,,0,0,0.0,no_candidate,
JSW Energy Ltd.,JSWENERGY,INE121E01018,2010-05-26,2018-09-28,equity_l_exact,high,proposed,JSW Energy Limited,EQ,04-JAN-2010,True,1.0,True,2015-01-01,2026-08-31,2523,1398,55.41,,EQUITY_L
JSW Holdings Ltd.,JSWHL,INE824G01012,2010-04-08,2017-03-31,equity_l_exact,high,proposed,JSW Holdings Limited,EQ,21-JUN-2005,True,1.0,True,,,1708,0,0.0,,EQUITY_L
JSW ISPAT Steel Limited,JSWSTEEL,INE019A01038,2013-06-11,2013-06-11,token_match,medium,proposed,JSW Steel Limited,EQ,23-MAR-2005,True,0.6667,True,2015-01-01,2026-08-31,1,0,0.0,first_token_mismatch;name_mismatch;concurrent_alias_collision,EQUITY_L_token_match
JSW ISPAT Steel Ltd.,JSWSTEEL,INE019A01038,1998-08-01,2013-06-11,token_match,medium,proposed,JSW Steel Limited,EQ,23-MAR-2005,True,0.6667,True,2015-01-01,2026-08-31,3146,1367,43.45,first_token_mismatch;name_mismatch;listing_after_first_seen;concurrent_alias_collision,EQUITY_L_token_match
JSW Steel Ltd.,JSWSTEEL,INE019A01038,2004-01-28,2020-06-26,equity_l_exact,high,proposed,JSW Steel Limited,EQ,23-MAR-2005,True,1.0,True,2015-01-01,2026-08-31,3146,1367,43.45,listing_after_first_seen;concurrent_alias_collision,EQUITY_L
JTEKT India Ltd.,JTEKTINDIA,INE643A01035,2020-09-14,2020-09-14,equity_l_exact,high,proposed,Jtekt India Limited,EQ,12-JAN-2004,True,1.0,True,,,1,0,0.0,,EQUITY_L
Jagatjit Industries Ltd. -Sus,,,1998-08-01,2001-08-31,unresolved,low,unresolved,,,,False,0.0,False,,,0,0,0.0,no_candidate,
Jagran Prakashan Ltd.,JAGRAN,INE199G01027,2007-04-04,2017-09-29,equity_l_exact,high,proposed,Jagran Prakashan Limited,EQ,22-FEB-2006,True,1.0,True,,,3177,0,0.0,,EQUITY_L
Jagsonpal Pharmaceuticals Ltd.,JAGSNPHARM,INE048B01035,2002-04-23,2007-09-24,equity_l_exact,high,proposed,Jagsonpal Pharmaceuticals Limited,EQ,01-MAR-2000,True,1.0,True,,,6,0,0.0,,EQUITY_L
Jai Balaji Industries Ltd.,JAIBALAJI,INE091G01026,2011-12-07,2013-04-01,equity_l_exact,high,proposed,Jai Balaji Industries Limited,EQ,09-DEC-2003,True,1.0,True,2015-01-01,2026-08-31,321,0,0.0,,EQUITY_L
Jai Corp Ltd.,JAICORPLTD,INE070D01027,2007-10-05,2012-04-27,equity_l_exact,high,proposed,Jai Corp Limited,EQ,26-NOV-1997,True,1.0,True,,,3164,0,0.0,,EQUITY_L
Jain Irrigation Systems Ltd.,JISLDVREQS,IN9175A01010,2003-04-07,2020-06-26,token_match,low,proposed,Jain Irrigation Systems Limited,EQ,30-NOV-2011,True,1.0,True,,,3121,0,0.0,"listing_after_first_seen;duplicate_name_collision(JISLDVREQS,JISLJALEQS)",equity_l_duplicate_collision
Jain Irrigation Systems Ltd. (Old),JISLDVREQS,IN9175A01010,1998-08-01,2000-12-20,token_match,high,proposed,Jain Irrigation Systems Limited,EQ,30-NOV-2011,True,0.75,True,,,0,0,0.0,name_mismatch;listing_after_first_seen;predecessor_marker,EQUITY_L_token_match
Jain Studios Ltd.,,,2000-09-20,2007-04-04,unresolved,low,unresolved,,,,False,0.0,False,,,0,0,0.0,no_candidate,
Jaiprakash Associates Ltd.,JPASSOCIAT,INE451D01028,2004-09-15,2019-09-27,agent_memory,low,proposed,,,,False,0.5,False,,,2940,0,0.0,first_token_mismatch;name_mismatch;isin_unverified;unsourced,agent_memory_unsourced
Jaiprakash Industries Ltd.- Suspended,,,1998-08-01,2004-03-22,unresolved,low,unresolved,,,,False,0.0,False,,,0,0,0.0,no_candidate,
Jaiprakash Power Ventures Ltd.,JPPOWER,INE351F01018,2005-09-26,2019-03-29,equity_l_exact,high,proposed,Jaiprakash Power Ventures Limited,EQ,18-APR-2005,True,1.0,True,2015-01-01,2026-08-31,2819,1040,36.89,,EQUITY_L
Jammu & Kashmir Bank Ltd.,J&KBANK,INE168A01041,2000-05-02,2019-03-29,token_match,high,proposed,The Jammu & Kashmir Bank Limited,EQ,22-JUL-1998,True,0.8,True,2015-01-01,2026-08-31,3177,1398,44.0,name_mismatch,EQUITY_L_token_match
Jamna Auto Industries Ltd.,JAMNAAUTO,INE039C01032,2019-03-29,2019-03-29,equity_l_exact,high,auto,Jamna Auto Industries Limited,EQ,10-DEC-2010,True,1.0,True,2015-01-01,2026-08-31,358,358,100.0,,EQUITY_L
Jay Shree Tea & Industries Ltd.,DTIL,INE341R01014,1998-08-01,2012-09-28,token_match,medium,proposed,Dhunseri Tea & Industries Limited,BE,20-JAN-2015,True,0.5,False,,,1233,0,0.0,first_token_mismatch;name_mismatch;listing_after_first_seen,EQUITY_L_token_match
Jaypee Infratech Ltd.,,,2010-09-17,2017-03-31,unresolved,low,unresolved,,,,False,0.0,False,,,0,0,0.0,no_candidate,
Jet Airways (India) Ltd.,,,2005-06-14,2019-09-24,unresolved,low,unresolved,,,,False,0.0,False,,,0,0,0.0,no_candidate,
Jindal Iron & Steel Co. Ltd.,SUNFLAG,INE947A01014,1998-08-01,2005-02-18,token_match,medium,proposed,Sunflag Iron And Steel Company Limited,EQ,29-SEP-2005,True,0.6,False,,,0,0,0.0,first_token_mismatch;name_mismatch;listing_after_first_seen,EQUITY_L_token_match
Jindal Photo Ltd.,JINDALPHOT,INE796G01012,1998-08-01,2004-12-22,equity_l_exact,high,proposed,Jindal Photo Limited,EQ,07-APR-2005,True,1.0,True,,,0,0,0.0,listing_after_first_seen,EQUITY_L
Jindal Poly Films Ltd.,JINDALPOLY,INE197D01010,2003-08-04,2018-09-28,equity_l_exact,high,proposed,Jindal Poly Films Limited,EQ,21-JAN-2002,True,1.0,True,,,2699,0,0.0,,EQUITY_L
Jindal Saw Ltd.,JINDALSAW,INE324A01032,1998-08-01,2019-03-29,equity_l_exact,high,proposed,Jindal Saw Limited,EQ,29-APR-2003,True,1.0,True,2015-01-01,2026-08-31,2819,1040,36.89,listing_after_first_seen,EQUITY_L
Jindal SouthWest Hold Ltd.,,,2013-04-01,2013-04-01,unresolved,low,unresolved,,,,False,0.0,False,,,0,0,0.0,no_candidate,
Jindal Stainless (Hisar) Ltd.,JSL,INE220G01021,2017-09-29,2019-09-27,token_match,medium,proposed,Jindal Stainless Limited,EQ,17-NOV-2003,True,0.6667,True,2015-01-01,2026-08-31,725,725,100.0,name_mismatch,EQUITY_L_token_match
Jindal Stainless Ltd.,JSL,INE220G01021,2005-02-21,2017-09-29,equity_l_exact,high,proposed,Jindal Stainless Limited,EQ,17-NOV-2003,True,1.0,True,2015-01-01,2026-08-31,1888,109,5.77,,EQUITY_L
Jindal Steel & Power Ltd.,MSPL,INE752G01015,2001-04-25,2018-12-28,token_match,medium,proposed,MSP Steel & Power Limited,EQ,18-JUL-2005,True,0.6,False,,,3177,0,0.0,first_token_mismatch;name_mismatch;listing_after_first_seen,EQUITY_L_token_match
Jindal Strips Ltd.- Merged,,,1998-08-01,2003-09-09,unresolved,low,unresolved,,,,False,0.0,False,,,0,0,0.0,no_candidate,
Jindal Vijayanagar Steel Ltd.,JINDALSTEL,INE749A01030,2005-02-21,2005-02-21,token_match,medium,proposed,JINDAL STEEL LIMITED,EQ,29-DEC-1999,True,0.6667,True,2015-01-01,2026-08-31,0,0,0.0,first_token_mismatch;name_mismatch;concurrent_alias_collision,EQUITY_L_token_match
Jindal Vijaynagar Steel Ltd.,JINDALSTEL,INE749A01030,2004-03-01,2004-03-01,token_match,medium,proposed,JINDAL STEEL LIMITED,EQ,29-DEC-1999,True,0.6667,True,2015-01-01,2026-08-31,3146,1367,43.45,first_token_mismatch;name_mismatch;concurrent_alias_collision,EQUITY_L_token_match
Johnson Controls - Hitachi Air Conditioning India Ltd.,,,2019-03-29,2019-09-27,unresolved,low,unresolved,,,,False,0.0,False,,,0,0,0.0,no_candidate,
Jubilant Foodworks Ltd.,JUBLFOOD,INE797F01020,2010-10-07,2020-06-26,equity_l_exact,high,proposed,Jubilant Foodworks Limited,EQ,08-FEB-2010,True,1.0,True,2015-01-01,2026-08-31,2428,1398,57.58,,EQUITY_L
Jubilant Life Sciences Ltd.,ALIVUS,INE03Q201024,2002-04-23,2019-03-29,token_match,medium,proposed,Alivus Life Sciences Limited,EQ,06-AUG-2021,True,0.5,False,2021-08-06,2026-08-31,2688,0,0.0,first_token_mismatch;name_mismatch;listing_after_first_seen,EQUITY_L_token_match
Jump Networks Ltd.,,,2019-12-27,2020-06-26,unresolved,low,unresolved,,,,False,0.0,False,,,0,0,0.0,no_candidate,
Justdial Ltd.,,,2014-02-28,2020-06-26,unresolved,low,unresolved,,,,False,0.0,False,,,0,0,0.0,no_candidate,
Jyothy Laboratories Ltd.,,,2009-12-22,2018-04-02,unresolved,low,unresolved,,,,False,0.0,False,,,0,0,0.0,no_candidate,
Jyoti Structures Ltd.,JYOTISTRUC,INE197A01024,1998-08-01,2016-04-01,equity_l_exact,high,proposed,Jyoti Structures Limited,EQ,19-JUL-1995,True,1.0,True,,,2084,0,0.0,,EQUITY_L
K.P.R. Mill Ltd.,KPRMILL,INE930H01031,2015-03-27,2015-03-27,equity_l_exact,high,auto,K.P.R. Mill Limited,EQ,28-AUG-2007,True,1.0,True,2015-01-01,2026-08-31,1341,1341,100.0,,EQUITY_L
K.S. Oils Ltd.,,,2009-03-27,2013-06-21,unresolved,low,unresolved,,,,False,0.0,False,,,0,0,0.0,no_candidate,
KCP Ltd.,KCP,INE805C01028,2002-11-11,2016-04-01,equity_l_exact,high,proposed,KCP Limited,EQ,09-APR-1997,True,1.0,True,,,2084,0,0.0,first_token_mismatch,EQUITY_L
KDL Biotech Ltd.,,,2002-09-19,2006-03-02,unresolved,low,unresolved,,,,False,0.0,False,,,0,0,0.0,no_candidate,
KEI Industries Ltd.,KEI,INE878B01027,2019-03-29,2019-09-27,equity_l_exact,high,auto,KEI Industries Limited,EQ,23-MAR-2006,True,1.0,True,2015-01-01,2026-08-31,358,358,100.0,,EQUITY_L
KIOCL Ltd.,KIOCL,INE880L01014,2018-06-29,2019-09-27,equity_l_exact,high,proposed,KIOCL Limited,EQ,29-NOV-2016,True,1.0,True,,,303,0,0.0,first_token_mismatch,EQUITY_L
KNR Constructions Ltd.,KNRCON,INE634I01029,2015-03-27,2018-04-02,equity_l_exact,high,auto,KNR Constructions Limited,EQ,18-FEB-2008,True,1.0,True,2015-01-01,2026-08-31,617,617,100.0,,EQUITY_L
KPIT Technologies Ltd.,KPITTECH,INE04I401011,2002-09-19,2019-09-27,equity_l_exact,high,proposed,KPIT Technologies Limited,EQ,22-APR-2019,True,1.0,True,2019-04-22,2026-08-31,2699,0,0.0,listing_after_first_seen,EQUITY_L
KRBL Ltd.,KRBL,INE001B01026,2015-09-28,2020-06-26,equity_l_exact,high,proposed,KRBL Limited,EQ,21-JAN-2002,True,1.0,True,2015-01-01,2026-08-31,1217,1217,100.0,first_token_mismatch,EQUITY_L
KRONE Communications Ltd.,,,2000-09-01,2003-04-01,unresolved,low,unresolved,,,,False,0.0,False,,,0,0,0.0,no_candidate,
KSB Ltd.,KSB,INE999A01023,2020-06-26,2020-06-26,equity_l_exact,high,proposed,Ksb Limited,EQ,08-FEB-1995,True,1.0,True,2015-01-01,2026-08-31,57,57,100.0,first_token_mismatch,EQUITY_L
KSB Pumps Ltd.,KSB,INE999A01023,1998-08-01,2017-03-31,token_match,medium,proposed,Ksb Limited,EQ,08-FEB-1995,True,0.5,True,2015-01-01,2026-08-31,2329,550,23.62,first_token_mismatch;name_mismatch,EQUITY_L_token_match
KSK Energy Ventures Ltd,,,2008-12-29,2016-09-30,unresolved,low,unresolved,,,,False,0.0,False,,,0,0,0.0,no_candidate,
KSK Energy Ventures Ltd.,,,2011-10-10,2011-10-10,unresolved,low,unresolved,,,,False,0.0,False,,,0,0,0.0,no_candidate,
KSS Ltd.,,,2014-03-28,2014-09-26,unresolved,low,unresolved,,,,False,0.0,False,,,0,0,0.0,no_candidate,
Kajaria Ceramics Ltd.,KAJARIACER,INE217B01036,1998-08-01,2019-03-29,equity_l_exact,high,proposed,Kajaria Ceramics Limited,EQ,01-JUN-2004,True,1.0,True,2015-01-01,2026-08-31,3177,1398,44.0,listing_after_first_seen,EQUITY_L
Kakatiya Cement Sugar & Industries Ltd.,KAKATCEM,INE437B01014,2002-10-11,2007-09-24,equity_l_exact,high,proposed,Kakatiya Cement Sugar & Industries Limited,EQ,13-DEC-1995,True,1.0,True,,,6,0,0.0,,EQUITY_L
Kalpataru Power Transmission Ltd.,OMPOWER,INE25E901019,2006-09-01,2018-04-02,token_match,medium,proposed,Om Power Transmission Limited,EQ,17-APR-2026,True,0.5,False,,,3177,0,0.0,first_token_mismatch;name_mismatch;listing_after_first_seen,EQUITY_L_token_match
Kalyani Steels Ltd.,KSL,INE907A01026,1998-08-01,2001-12-07,equity_l_exact,high,proposed,Kalyani Steels Limited,EQ,19-MAY-2010,True,1.0,True,,,0,0,0.0,listing_after_first_seen,EQUITY_L
Kansai Nerolac Paints Ltd.,KANSAINER,INE531A01024,1998-08-01,2018-09-28,equity_l_exact,high,proposed,Kansai Nerolac Paints Limited,EQ,15-SEP-2003,True,1.0,True,2015-01-01,2026-08-31,3177,1398,44.0,listing_after_first_seen,EQUITY_L
Karnataka Bank Ltd.,KTKBANK,INE614B01018,2002-03-29,2020-06-26,token_match,medium,proposed,The Karnataka Bank Limited,EQ,10-MAY-2000,True,0.6667,True,2015-01-01,2026-08-31,3177,1398,44.0,name_mismatch,EQUITY_L_token_match
Karur Vysya Bank Ltd.,KARURVYSYA,INE036D01028,2001-08-31,2019-03-29,equity_l_exact,high,proposed,Karur Vysya Bank Limited,EQ,26-JUL-2000,True,1.0,True,2015-01-01,2026-08-31,3177,1398,44.0,concurrent_alias_collision,EQUITY_L
Karuturi Global Ltd.,,,2010-04-08,2014-03-28,unresolved,low,unresolved,,,,False,0.0,False,,,0,0,0.0,no_candidate,
Kaveri Seed Company Ltd.,KSCL,INE455I01029,2013-09-27,2018-04-02,equity_l_exact,high,proposed,Kaveri Seed Company Limited,EQ,04-OCT-2007,True,1.0,True,2015-01-01,2026-08-31,1701,1398,82.19,,EQUITY_L
Kec International Ltd.,KEC,INE389H01022,2009-10-22,2018-09-28,equity_l_exact,high,proposed,KEC International Limited,EQ,10-MAR-2006,True,1.0,True,2015-01-01,2026-08-31,2667,1398,52.42,,EQUITY_L
Kemrock Industries and Exports Ltd.,EUROTEXIND,INE022C01012,2011-03-25,2013-09-27,token_match,medium,proposed,Eurotex Industries and Exports Limited,BE,31-JAN-1996,True,0.6,False,,,612,0,0.0,first_token_mismatch;name_mismatch,EQUITY_L_token_match
Kennametal India Ltd.,KENNAMET,INE717A01029,2019-12-27,2020-06-26,equity_l_exact,high,proposed,Kennametal India Limited,EQ,20-APR-2026,True,1.0,True,,,123,0,0.0,listing_after_first_seen,EQUITY_L
Kerala Chemicals & Proteins Ltd.,DIAMINESQ,INE591D01014,1998-08-01,2002-03-29,token_match,low,proposed,Diamines & Chemicals Limited,EQ,25-SEP-2023,True,0.4,False,,,0,0,0.0,first_token_mismatch;name_mismatch;listing_after_first_seen;concurrent_alias_collision,EQUITY_L_token_match
Kesoram Industries Ltd.,KESORAMIND,INE087A01019,1998-08-01,2018-09-28,equity_l_exact,high,proposed,Kesoram Industries Limited,BE,06-SEP-1995,True,1.0,True,,,2699,0,0.0,,EQUITY_L
Kewal Kiran Clothing Ltd.,KKCL,INE401H01017,2013-09-27,2016-04-01,equity_l_exact,high,proposed,Kewal Kiran Clothing Limited,EQ,13-APR-2006,True,1.0,True,,,608,0,0.0,,EQUITY_L
Kinetic Engineering Ltd.,,,1998-08-01,2002-09-19,unresolved,low,unresolved,,,,False,0.0,False,,,0,0,0.0,no_candidate,
Kinetic Motor Co. Ltd.,,,1998-08-01,2003-02-25,unresolved,low,unresolved,,,,False,0.0,False,,,0,0,0.0,no_candidate,
Kirloskar Brothers Ltd.,KIRLOSBROS,INE732A01036,2006-09-01,2010-03-09,equity_l_exact,high,proposed,Kirloskar Brothers Limited,EQ,20-APR-2010,True,1.0,True,2015-01-01,2026-08-31,602,0,0.0,listing_after_first_seen,EQUITY_L
Kirloskar Industries Ltd.,KIRLOSIND,INE250A01039,1998-08-01,2010-04-15,equity_l_exact,high,proposed,Kirloskar Industries Limited,EQ,24-JUN-2010,True,1.0,True,,,626,0,0.0,listing_after_first_seen,EQUITY_L
Kirloskar Oil Eng Ltd.,KIRLOSENG,INE146L01010,2016-04-01,2020-06-26,token_match,medium,proposed,Kirloskar Oil Engines Limited,EQ,24-DEC-2010,True,0.5,True,2015-01-01,2026-08-31,1038,1038,100.0,name_mismatch,EQUITY_L_token_match
Kitex Garments Ltd.,KITEX,INE602G01020,2014-09-19,2018-09-28,equity_l_exact,high,auto,Kitex Garments Limited,EQ,25-SEP-2012,True,1.0,True,2015-01-01,2026-08-31,985,920,93.4,,EQUITY_L
Kitply Industries Ltd.,,,1998-08-01,2006-09-13,unresolved,low,unresolved,,,,False,0.0,False,,,0,0,0.0,no_candidate,
Kochi Refineries Ltd.,,,1998-08-01,2006-09-22,unresolved,low,unresolved,,,,False,0.0,False,,,0,0,0.0,no_candidate,
Kodak India Ltd. - Delisted,,,1998-08-01,2003-04-07,unresolved,low,unresolved,,,,False,0.0,False,,,0,0,0.0,no_candidate,
Kohinoor Foods Ltd.,KOHINOOR,INE080B01012,1999-02-03,2011-03-25,equity_l_exact,high,proposed,Kohinoor Foods Limited,EQ,20-OCT-1999,True,1.0,True,,,866,0,0.0,listing_after_first_seen,EQUITY_L
Kolte-Patil Developers Ltd.,KOLTEPATIL,INE094I01018,2013-09-27,2013-09-27,equity_l_exact,high,proposed,Kolte - Patil Developers Limited,EQ,13-DEC-2007,True,1.0,True,,,1701,0,0.0,,EQUITY_L
Kopran Ltd.,KOPRAN,INE082A01010,1998-08-01,2008-09-10,equity_l_exact,high,proposed,Kopran Limited,EQ,09-JUN-1999,True,1.0,True,,,245,0,0.0,first_token_mismatch;listing_after_first_seen,EQUITY_L
Kotak Mahindra Bank Ltd.,KOTAKBANK,INE237A01036,1998-08-01,2020-06-26,equity_l_exact,high,proposed,Kotak Mahindra Bank Limited,EQ,20-DEC-1995,True,1.0,True,2015-01-01,2026-08-31,3177,1398,44.0,concurrent_alias_collision,EQUITY_L
Kotak Mahindra Finance Ltd.,KOTAKBANK,INE237A01036,2002-10-28,2002-10-28,token_match,medium,proposed,Kotak Mahindra Bank Limited,EQ,20-DEC-1995,True,0.5,True,2015-01-01,2026-08-31,3146,1367,43.45,name_mismatch;concurrent_alias_collision,EQUITY_L_token_match
Kothari Products Ltd.,KOTHARIPRO,INE823A01017,2002-03-29,2008-12-03,equity_l_exact,high,proposed,Kothari Products Limited,EQ,03-JUN-1998,True,1.0,True,,,299,0,0.0,,EQUITY_L
Koutons Retail India Ltd.,,,2009-03-27,2011-10-10,unresolved,low,unresolved,,,,False,0.0,False,,,0,0,0.0,no_candidate,
Krebs Biochemicals Ltd.,KREBSBIO,INE268B01013,2000-02-16,2002-07-09,token_match,medium,proposed,Krebs Biochemicals and Industries Limited,EQ,03-JAN-1996,True,0.5,True,,,0,0,0.0,name_mismatch,EQUITY_L_token_match
Krishna Filaments Ltd.,,,1998-08-01,2001-08-31,unresolved,low,unresolved,,,,False,0.0,False,,,0,0,0.0,no_candidate,
Krishna Lifestyle Technologies Ltd.,,,1998-08-01,1999-02-03,unresolved,low,unresolved,,,,False,0.0,False,,,0,0,0.0,no_candidate,
Kwality Dairy (India) Ltd.,,,2011-08-29,2012-09-28,unresolved,low,unresolved,,,,False,0.0,False,,,0,0,0.0,no_candidate,
Kwality Ltd.,KPL,INE552U01010,2012-04-27,2018-09-28,token_match,medium,proposed,Kwality Pharmaceuticals Limited,EQ,20-APR-2026,True,0.5,True,,,1571,0,0.0,first_token_mismatch;name_mismatch;listing_after_first_seen,EQUITY_L_token_match
L&T Finance Holdings Ltd.,LTF,INE498L01015,2012-03-09,2020-06-26,token_match,high,proposed,L&T Finance Limited,EQ,12-AUG-2011,True,0.8,True,2015-01-01,2026-08-31,2082,1398,67.15,name_mismatch,EQUITY_L_token_match
L&T Technology Services Ltd.,LTTS,INE010V01017,2017-03-31,2019-09-27,equity_l_exact,high,auto,L&T Technology Services Limited,EQ,23-SEP-2016,True,1.0,True,2016-09-23,2026-08-31,849,849,100.0,,EQUITY_L
LG Balakrishnan & Bros Ltd.,LGBBROSLTD,INE337A01034,2004-12-10,2016-04-01,equity_l_exact,high,proposed,LG Balakrishnan & Bros Limited,EQ,30-MAR-2010,True,1.0,True,,,2084,0,0.0,listing_after_first_seen,EQUITY_L
LIC Housing Finance Ltd.,LICHSGFIN,INE115A01026,1998-08-01,2020-06-26,equity_l_exact,high,proposed,LIC Housing Finance Limited,EQ,29-JUL-1998,True,1.0,True,2015-01-01,2026-08-31,3177,1398,44.0,,EQUITY_L
LML Ltd.,,,1998-08-01,2004-12-10,unresolved,low,unresolved,,,,False,0.0,False,,,0,0,0.0,no_candidate,
La Opala RG Ltd.,LAOPALA,INE059D01020,2015-02-02,2020-06-26,equity_l_exact,high,proposed,La Opala RG Limited,EQ,16-MAR-2007,True,1.0,True,,,530,0,0.0,,EQUITY_L
Lakshmi Auto Components Ltd.- Delisted,NDRAUTO,INE07OG01012,2002-04-23,2004-04-16,token_match,low,proposed,Ndr Auto Components Limited,EQ,30-JUL-2020,True,0.4,False,,,0,0,0.0,first_token_mismatch;name_mismatch;listing_after_first_seen;predecessor_marker,EQUITY_L_token_match
Lakshmi Energy & Foods Ltd.,FOODSIN,INE976E01023,2007-09-24,2012-04-27,token_match,low,proposed,Foods & Inns Limited,EQ,16-NOV-2021,True,0.4,False,,,1124,0,0.0,first_token_mismatch;name_mismatch;listing_after_first_seen,EQUITY_L_token_match
Lakshmi Machine Works Ltd.,,,1998-08-01,2018-04-02,unresolved,low,unresolved,,,,False,0.0,False,,,0,0,0.0,no_candidate,
Lakshmi Vilas Bank Ltd.,,,2002-04-23,2020-06-26,unresolved,low,unresolved,,,,False,0.0,False,,,0,0,0.0,no_candidate,
Lanco Infratech Ltd.,,,2007-03-02,2017-03-31,unresolved,low,unresolved,,,,False,0.0,False,,,0,0,0.0,no_candidate,
Larsen & Toubro Infotech Ltd.,LT,INE018A01030,2017-03-31,2020-06-26,token_match,high,proposed,Larsen & Toubro Limited,EQ,23-JUN-2004,True,0.75,True,2015-01-01,2026-08-31,849,849,100.0,name_mismatch;concurrent_alias_collision,EQUITY_L_token_match
Larsen & Toubro Ltd.,LT,INE018A01030,2004-05-24,2017-09-29,equity_l_exact,high,proposed,Larsen & Toubro Limited,EQ,23-JUN-2004,True,1.0,True,2015-01-01,2026-08-31,3177,1398,44.0,concurrent_alias_collision,EQUITY_L
Larsen & Toubro Ltd.-Sus,LT,INE018A01030,1998-08-01,2004-05-24,token_match,high,proposed,Larsen & Toubro Limited,EQ,23-JUN-2004,True,0.75,True,2015-01-01,2026-08-31,0,0,0.0,name_mismatch;listing_after_first_seen;predecessor_marker,EQUITY_L_token_match
Laurus Labs Ltd.,LAURUSLABS,INE947Q01028,2017-05-26,2020-06-26,equity_l_exact,high,auto,Laurus Labs Limited,EQ,19-DEC-2016,True,1.0,True,2016-12-19,2026-08-31,812,812,100.0,,EQUITY_L
Lemon Tree Hotels Ltd.,LEMONTREE,INE970X01018,2018-09-28,2018-09-28,equity_l_exact,high,auto,Lemon Tree Hotels Limited,EQ,09-APR-2018,True,1.0,True,2018-04-09,2026-08-31,479,479,100.0,,EQUITY_L
Linde India Ltd.,LINDEINDIA,INE473A01011,1998-08-01,2019-03-29,equity_l_exact,high,proposed,Linde India Limited,EQ,16-JUN-1999,True,1.0,True,2015-01-01,2026-08-31,2877,1098,38.16,listing_after_first_seen,EQUITY_L
Lloyds Finance Ltd.,,,1998-08-01,2002-03-29,unresolved,low,unresolved,,,,False,0.0,False,,,0,0,0.0,no_candidate,
Lloyds Metals & Engineers Ltd.,LLOYDSME,INE281B01032,1998-08-01,1999-09-08,token_match,medium,proposed,Lloyds Metals And Energy Limited,EQ,17-JUL-2023,True,0.6,True,2023-07-17,2026-08-31,0,0,0.0,name_mismatch;listing_after_first_seen,EQUITY_L_token_match
Lok Housing & Constructions Ltd.,,,1998-08-01,1999-02-03,unresolved,low,unresolved,,,,False,0.0,False,,,0,0,0.0,no_candidate,
Lovable Lingerie Ltd.,LOVABLE,INE597L01014,2012-04-27,2015-03-27,equity_l_exact,high,proposed,Lovable Lingerie Limited,EQ,24-MAR-2011,True,1.0,True,,,709,0,0.0,,EQUITY_L
Lumax Industries Ltd.,LUMAXIND,INE162B01018,1998-08-01,2009-10-22,equity_l_exact,high,proposed,Lumax Industries Limited,EQ,06-SEP-1995,True,1.0,True,,,511,0,0.0,,EQUITY_L
Lupin Chemicals Ltd.  (Erstwhile),,,1998-08-01,2001-04-25,unresolved,low,unresolved,,,,False,0.0,False,,,0,0,0.0,no_candidate,
Lupin Laboratories Ltd,LUPIN,INE326A01037,2001-07-18,2001-07-18,token_match,medium,proposed,Lupin Limited,EQ,10-SEP-2001,True,0.5,True,2015-01-01,2026-08-31,0,0,0.0,first_token_mismatch;name_mismatch;listing_after_first_seen,EQUITY_L_token_match
Lupin Laboratories Ltd.  (Erstwhile),,,1998-08-01,2001-08-31,unresolved,low,unresolved,,,,False,0.0,False,,,0,0,0.0,no_candidate,
Lupin Ltd.,LUPIN,INE326A01037,2002-09-19,2020-06-26,equity_l_exact,high,proposed,Lupin Limited,EQ,10-SEP-2001,True,1.0,True,2015-01-01,2026-08-31,3177,1398,44.0,first_token_mismatch,EQUITY_L
Lux Industries Ltd.,LUXIND,INE150G01020,2018-09-28,2018-09-28,equity_l_exact,high,proposed,Lux Industries Limited,EQ,30-NOV-2015,True,1.0,True,,,479,0,0.0,,EQUITY_L
MAS Financial Services Ltd.,MASFIN,INE348L01012,2018-04-02,2018-04-02,equity_l_exact,high,proposed,MAS Financial Services Limited,EQ,18-OCT-2017,True,1.0,True,,,603,0,0.0,,EQUITY_L
MBL Infrastructures Ltd.,,,2015-02-02,2016-04-01,unresolved,low,unresolved,,,,False,0.0,False,,,0,0,0.0,no_candidate,
MMTC Ltd.,MMTC,INE123F01029,2010-10-01,2020-06-26,equity_l_exact,high,proposed,MMTC Limited,EQ,09-APR-2012,True,1.0,True,2015-01-01,2026-08-31,2432,1398,57.48,first_token_mismatch;listing_after_first_seen,EQUITY_L
MOIL Ltd.,MOIL,INE490G01020,2011-05-03,2017-03-31,equity_l_exact,high,proposed,MOIL Limited,EQ,15-DEC-2010,True,1.0,True,2015-01-01,2026-08-31,2288,1398,61.1,first_token_mismatch,EQUITY_L
MPS Ltd.,MPSLTD,INE943D01017,2003-02-25,2008-11-05,equity_l_exact,high,proposed,MPS Limited,EQ,21-JAN-2002,True,1.0,True,,,281,0,0.0,first_token_mismatch,EQUITY_L
MRF Ltd.,MRF,INE883A01011,1998-08-01,2019-09-27,equity_l_exact,high,proposed,MRF Limited,EQ,18-SEP-1996,True,1.0,True,2015-01-01,2026-08-31,3177,1398,44.0,first_token_mismatch,EQUITY_L
MRO-TEK Ltd.,,,2002-09-19,2009-10-22,unresolved,low,unresolved,,,,False,0.0,False,,,0,0,0.0,no_candidate,
MT Educare Ltd.,MTEDUCARE,INE472M01018,2013-09-27,2016-04-01,equity_l_exact,high,proposed,MT Educare Limited,BE,12-APR-2012,True,1.0,True,,,608,0,0.0,,EQUITY_L
MVL Ltd.,,,2011-12-14,2013-04-01,unresolved,low,unresolved,,,,False,0.0,False,,,0,0,0.0,no_candidate,
Maars Software International Ltd.,,,2000-09-03,2007-04-04,unresolved,low,unresolved,,,,False,0.0,False,,,0,0,0.0,no_candidate,
Madras Cement Ltd,,,2003-05-02,2003-05-02,unresolved,low,unresolved,,,,False,0.0,False,,,0,0,0.0,no_candidate,
Madras Cements Ltd.,,,2003-05-02,2013-09-27,unresolved,low,unresolved,,,,False,0.0,False,,,0,0,0.0,no_candidate,
Madras Fertilizers Ltd.,MADRASFERT,INE414A01015,2002-09-19,2004-12-10,equity_l_exact,high,proposed,Madras Fertilizers Limited,EQ,25-JUL-1997,True,1.0,True,,,0,0,0.0,,EQUITY_L
Madras Refineries Ltd.,CHENNPETRO,INE178A01016,1996-09-18,1996-09-18,agent_memory,low,proposed,Chennai Petroleum Corporation Limited,EQ,07-JUN-2000,True,0.5,False,2007-01-02,2026-08-31,0,0,0.0,first_token_mismatch;name_mismatch;listing_after_first_seen;unsourced,agent_memory_unsourced
Madura Coats Ltd.,,,1998-08-01,2003-04-25,unresolved,low,unresolved,,,,False,0.0,False,,,0,0,0.0,no_candidate,
Mafatlal Industries Ltd.,MAFATIND,INE270B01035,1998-08-01,2000-12-13,equity_l_exact,high,proposed,Mafatlal Industries Limited,EQ,20-APR-2026,True,1.0,True,,,0,0,0.0,listing_after_first_seen,EQUITY_L
Magma Fincorp Ltd.,,,2013-09-27,2020-06-26,unresolved,low,unresolved,,,,False,0.0,False,,,0,0,0.0,no_candidate,
Mahanagar Gas Ltd.,MGL,INE002S01010,2017-03-16,2019-09-27,equity_l_exact,high,auto,Mahanagar Gas Limited,EQ,01-JUL-2016,True,1.0,True,2016-07-01,2026-08-31,860,860,100.0,,EQUITY_L
Mahanagar Telephone Nigam Ltd.,MTNL,INE153A01019,1997-05-07,2018-09-28,equity_l_exact,high,proposed,Mahanagar Telephone Nigam Limited,EQ,17-FEB-1999,True,1.0,True,,,2699,0,0.0,listing_after_first_seen,EQUITY_L
Maharashtra Scooters Ltd.,MAHSCOOTER,INE288A01013,1998-08-01,2019-03-29,equity_l_exact,high,proposed,Maharashtra Scooters Limited,EQ,08-FEB-1995,True,1.0,True,2015-01-01,2026-08-31,2084,305,14.64,,EQUITY_L
Maharashtra Seamless Ltd.,MAHSEAMLES,INE271B01025,1998-08-01,2019-03-29,equity_l_exact,high,proposed,Maharashtra Seamless Limited,EQ,25-AUG-2004,True,1.0,True,2015-01-01,2026-08-31,2084,305,14.64,listing_after_first_seen,EQUITY_L
Mahindra & Mahindra Financial Services Ltd.,M&MFIN,INE774D01024,2006-09-01,2020-06-26,equity_l_exact,high,proposed,Mahindra & Mahindra Financial Services Limited,EQ,17-MAR-2006,True,1.0,True,2015-01-01,2026-08-31,3177,1398,44.0,,EQUITY_L
Mahindra & Mahindra Ltd.,M&M,INE101A01026,1996-09-18,2020-06-26,equity_l_exact,high,proposed,Mahindra & Mahindra Limited,EQ,03-JAN-1996,True,1.0,True,2015-01-01,2026-08-31,3177,1398,44.0,,EQUITY_L
Mahindra CIE Automotive Ltd.,CIEINDIA,INE536H01010,2015-09-28,2020-06-26,token_match,medium,proposed,CIE Automotive India Limited,EQ,30-AUG-2007,True,0.6667,False,2007-08-30,2026-08-31,1217,1217,100.0,first_token_mismatch;name_mismatch,EQUITY_L_token_match
Mahindra Holidays & Resorts India Ltd.,MHRIL,INE998I01010,2010-04-08,2013-09-27,equity_l_exact,high,proposed,Mahindra Holidays & Resorts India Limited,EQ,16-JUL-2009,True,1.0,True,,,2313,0,0.0,,EQUITY_L
Mahindra Lifespace Developers Ltd.,MAHLIFE,INE813A01018,2001-12-07,2020-06-26,equity_l_exact,high,proposed,Mahindra Lifespace Developers Limited,EQ,10-MAY-2000,True,1.0,True,,,2652,0,0.0,,EQUITY_L
Mahindra Logistics Ltd.,MAHLOG,INE766P01016,2018-09-28,2018-09-28,equity_l_exact,high,proposed,Mahindra Logistics Limited,EQ,10-NOV-2017,True,1.0,True,,,479,0,0.0,,EQUITY_L
Mahindra Ugine Steel Co. Ltd.,,,1998-08-01,2014-06-30,unresolved,low,unresolved,,,,False,0.0,False,,,0,0,0.0,no_candidate,
Malwa Cotton Spinning Mills Ltd.,AMARJOTHI,INE484D01012,1999-02-03,2002-04-23,token_match,low,proposed,Amarjothi Spinning Mills Limited,EQ,17-AUG-2026,True,0.4,False,,,0,0,0.0,first_token_mismatch;name_mismatch;listing_after_first_seen,EQUITY_L_token_match
Man Industries (India) Ltd.,MANINDS,INE993A01026,2013-09-27,2014-07-28,equity_l_exact,high,proposed,Man Industries (India) Limited,EQ,24-JUN-2005,True,1.0,True,,,203,0,0.0,,EQUITY_L
Man Infraconstruction Ltd.,MANINFRA,INE949H01023,2012-06-18,2014-09-19,equity_l_exact,high,proposed,Man Infraconstruction Limited,EQ,11-MAR-2010,True,1.0,True,,,553,0,0.0,,EQUITY_L
Manali Petrochemicals Ltd.,MANALIPETC,INE201A01024,2002-09-19,2006-09-28,equity_l_exact,high,proposed,Manali Petrochemicals Limited,EQ,06-DEC-2006,True,1.0,True,,,0,0,0.0,listing_after_first_seen,EQUITY_L
Manappuram Finance Ltd.,MANAPPURAM,INE522D01027,2011-03-25,2019-09-27,equity_l_exact,high,proposed,Manappuram Finance Limited,EQ,01-DEC-2014,True,1.0,True,2015-01-01,2026-08-31,1956,1344,68.71,listing_after_first_seen,EQUITY_L
Mandhana Industries Ltd.,,,2012-09-28,2015-12-14,unresolved,low,unresolved,,,,False,0.0,False,,,0,0,0.0,no_candidate,
Mangalam Cement Ltd.,MANGLMCEM,INE347A01017,1998-08-01,2001-10-11,equity_l_exact,high,proposed,Mangalam Cement Limited,EQ,03-JAN-1996,True,1.0,True,,,0,0,0.0,,EQUITY_L
Mangalore Chemicals & Fertilizers Ltd.,CHAMBLFERT,INE085A01013,2012-09-28,2015-09-28,token_match,medium,proposed,Chambal Fertilizers & Chemicals Limited,EQ,14-JUN-1995,True,0.6,False,2007-01-02,2026-08-31,729,729,100.0,first_token_mismatch;name_mismatch;concurrent_alias_collision,EQUITY_L_token_match
Mangalore Refinery & Petrochemicals Ltd.,MRPL,INE103A01014,1998-10-07,2019-06-28,equity_l_exact,high,proposed,Mangalore Refinery and Petrochemicals Limited,EQ,07-JAN-2005,True,1.0,True,2015-01-01,2026-08-31,3177,1398,44.0,listing_after_first_seen;concurrent_alias_collision,EQUITY_L
Manpasand Beverages Ltd.,,,2016-04-01,2019-03-29,unresolved,low,unresolved,,,,False,0.0,False,,,0,0,0.0,no_candidate,
Maral Overseas Ltd.,MARALOVER,INE882A01013,1998-08-01,2007-09-24,equity_l_exact,high,proposed,Maral Overseas Limited,EQ,08-FEB-1995,True,1.0,True,,,6,0,0.0,,EQUITY_L
Mardia Chemicals Ltd.,,,1998-08-01,1999-12-08,unresolved,low,unresolved,,,,False,0.0,False,,,0,0,0.0,no_candidate,
Marico Ltd.,MARICO,INE196A01026,1998-08-01,2019-03-29,equity_l_exact,high,proposed,Marico Limited,EQ,01-MAY-1996,True,1.0,True,2015-01-01,2026-08-31,2810,1310,46.62,first_token_mismatch,EQUITY_L
Marksans Pharma Ltd.,MARKSANS,INE750C01026,2015-03-27,2018-09-28,equity_l_exact,high,auto,Marksans Pharma Limited,EQ,21-JAN-2002,True,1.0,True,2015-01-01,2026-08-31,863,863,100.0,,EQUITY_L
Maruti Suzuki India Ltd.,MARUTI,INE585B01010,2004-03-01,2019-12-27,equity_l_exact,high,proposed,Maruti Suzuki India Limited,EQ,09-JUL-2003,True,1.0,True,2015-01-01,2026-08-31,3177,1398,44.0,,EQUITY_L
Maruti Udyog Limited,,,2004-03-01,2004-03-01,unresolved,low,unresolved,,,,False,0.0,False,,,0,0,0.0,no_candidate,
Mastek Ltd.,MASTEK,INE759A01021,1998-08-01,2015-03-27,equity_l_exact,high,proposed,Mastek Limited,EQ,10-MAY-1995,True,1.0,True,2015-01-01,2026-08-31,1837,58,3.16,first_token_mismatch,EQUITY_L
Matrix Laboratories Ltd.,,,2004-10-01,2009-08-14,unresolved,low,unresolved,,,,False,0.0,False,,,0,0,0.0,no_candidate,
Max Financial Services Ltd.,MFSL,INE180A01020,2015-09-28,2020-06-26,equity_l_exact,high,auto,Max Financial Services Limited,EQ,17-MAY-2000,True,1.0,True,2015-01-01,2026-08-31,650,650,100.0,,EQUITY_L
Max India Ltd.,MAXIND,INE0CG601016,1998-08-01,2019-12-27,equity_l_exact,high,proposed,Max India Limited,EQ,28-AUG-2020,True,1.0,True,,,2999,0,0.0,listing_after_first_seen,EQUITY_L
Mayur Uniquoters Ltd.,MAYURUNIQ,INE040D01038,2015-03-27,2017-03-31,equity_l_exact,high,proposed,Mayur Uniquoters Ltd,EQ,25-SEP-2012,True,1.0,True,,,493,0,0.0,,EQUITY_L
McDowell & Co. Ltd. (Old),,,1998-08-01,2001-06-20,unresolved,low,unresolved,,,,False,0.0,False,,,0,0,0.0,no_candidate,
McLeod Russel India Ltd.,MCLEODRUSS,INE942G01012,2007-04-04,2019-03-29,equity_l_exact,high,proposed,Mcleod Russel India Limited,EQ,29-JUL-2005,True,1.0,True,,,2819,0,0.0,,EQUITY_L
Melstar Information Technologies Ltd.,,,2002-09-19,2007-04-04,unresolved,low,unresolved,,,,False,0.0,False,,,0,0,0.0,no_candidate,
Mercator Ltd.,,,2006-03-02,2016-04-01,unresolved,low,unresolved,,,,False,0.0,False,,,0,0,0.0,no_candidate,
Merck Ltd.,,,1998-08-01,2019-03-29,unresolved,low,unresolved,,,,False,0.0,False,,,0,0,0.0,no_candidate,
Merind Ltd.-Merged,,,1998-08-01,1999-05-26,unresolved,low,unresolved,,,,False,0.0,False,,,0,0,0.0,no_candidate,
Metalyst Forgings Ltd.,,,2015-09-28,2016-04-01,unresolved,low,unresolved,,,,False,0.0,False,,,0,0,0.0,no_candidate,
Metropolis Healthcare Ltd.,METROPOLIS,INE112L01020,2019-09-27,2020-06-26,equity_l_exact,high,auto,Metropolis Healthcare Limited,EQ,15-APR-2019,True,1.0,True,2019-04-15,2026-08-31,238,238,100.0,,EQUITY_L
Micro Inks Ltd.,,,1998-08-01,2010-04-06,unresolved,low,unresolved,,,,False,0.0,False,,,0,0,0.0,no_candidate,
MindTree Ltd.,,,2007-09-24,2020-06-26,unresolved,low,unresolved,,,,False,0.0,False,,,0,0,0.0,no_candidate,
Minda Corporation Ltd.,MINDACORP,INE842C01021,2016-04-01,2017-03-31,equity_l_exact,high,auto,Minda Corporation Limited,EQ,16-OCT-2014,True,1.0,True,2015-01-01,2026-08-31,123,123,100.0,,EQUITY_L
Minda Industries Ltd.,MINDACORP,INE842C01021,2017-03-31,2020-06-26,token_match,medium,proposed,Minda Corporation Limited,EQ,16-OCT-2014,True,0.5,True,2015-01-01,2026-08-31,849,849,100.0,first_token_mismatch;name_mismatch,EQUITY_L_token_match
Mirc Electronics Ltd.,,,1998-08-01,2012-09-28,unresolved,low,unresolved,,,,False,0.0,False,,,0,0,0.0,no_candidate,
Mirza International Ltd.,MIRZAINT,INE771A01026,1999-09-08,2011-03-25,equity_l_exact,high,proposed,Mirza International Limited,EQ,28-APR-1999,True,1.0,True,,,866,0,0.0,,EQUITY_L
Mishra Dhatu Nigam Ltd.,MIDHANI,INE099Z01011,2019-12-26,2020-07-31,equity_l_exact,high,auto,Mishra Dhatu Nigam Limited,EQ,04-APR-2018,True,1.0,True,2018-04-04,2026-08-31,180,180,100.0,,EQUITY_L
Modern Denim Ltd.,,,1998-08-01,1999-02-03,unresolved,low,unresolved,,,,False,0.0,False,,,0,0,0.0,no_candidate,
Modern Syntex (India) Ltd.,,,1998-08-01,1999-02-03,unresolved,low,unresolved,,,,False,0.0,False,,,0,0,0.0,no_candidate,
Modern Terry Towels Ltd.,,,1998-08-01,1999-02-03,unresolved,low,unresolved,,,,False,0.0,False,,,0,0,0.0,no_candidate,
Modern Threads (India) Ltd.,MODTHREAD,INE794W01014,1998-08-01,1999-02-03,equity_l_exact,high,proposed,Modern Threads (India) Limited,EQ,22-NOV-1995,True,1.0,True,,,0,0,0.0,,EQUITY_L
Modi Rubber Ltd.,MODIRUBBER,INE832A01018,1998-08-01,2002-11-11,equity_l_exact,high,proposed,Modi Rubber Limited,EQ,07-FEB-1996,True,1.0,True,,,0,0,0.0,,EQUITY_L
Modi Xerox Ltd.- Sus,,,1998-08-01,2000-05-24,unresolved,low,unresolved,,,,False,0.0,False,,,0,0,0.0,no_candidate,
Modiluft Ltd.,,,1998-08-01,1999-09-08,unresolved,low,unresolved,,,,False,0.0,False,,,0,0,0.0,no_candidate,
Monnet Ispat and Energy Ltd.,,,2004-12-10,2015-09-28,unresolved,low,unresolved,,,,False,0.0,False,,,0,0,0.0,no_candidate,
Monsanto India Ltd.,,,2001-04-25,2019-06-28,unresolved,low,unresolved,,,,False,0.0,False,,,0,0,0.0,no_candidate,
Morepen Laboratories Ltd.,MOREPENLAB,INE083A01026,1998-08-01,2005-06-29,equity_l_exact,high,proposed,Morepen Laboratories Limited,EQ,24-NOV-1999,True,1.0,True,,,0,0,0.0,listing_after_first_seen,EQUITY_L
Moser Baer India Ltd.,,,1999-03-17,2012-09-28,unresolved,low,unresolved,,,,False,0.0,False,,,0,0,0.0,no_candidate,
Motherson Sumi Systems Ltd.,MSUMI,INE0FS801015,2001-12-07,2019-12-27,token_match,medium,proposed,Motherson Sumi Wiring India Limited,EQ,28-MAR-2022,True,0.5,True,2022-03-28,2026-08-31,3177,0,0.0,name_mismatch;listing_after_first_seen,EQUITY_L_token_match
Motilal Oswal Financial Services Ltd.,MOTILALOFS,INE338I01027,2009-04-17,2018-04-02,equity_l_exact,high,proposed,Motilal Oswal Financial Services Limited,EQ,11-SEP-2007,True,1.0,True,2015-01-01,2026-08-31,2794,1398,50.04,,EQUITY_L
Motor Industries Co. Ltd.,SHARDAMOTR,INE597I01028,2004-12-10,2004-12-10,token_match,medium,proposed,Sharda Motor Industries Limited,EQ,03-SEP-2015,True,0.6667,False,,,0,0,0.0,first_token_mismatch;name_mismatch;listing_after_first_seen;concurrent_alias_collision,EQUITY_L_token_match
Motor Industries Ltd.,SHARDAMOTR,INE597I01028,2004-03-01,2004-03-01,token_match,medium,proposed,Sharda Motor Industries Limited,EQ,03-SEP-2015,True,0.6667,False,,,3146,0,0.0,first_token_mismatch;name_mismatch;listing_after_first_seen;concurrent_alias_collision,EQUITY_L_token_match
MphasiS Ltd.,MPHASIS,INE356A01018,1999-08-04,2020-06-26,equity_l_exact,high,proposed,MphasiS Limited,EQ,04-JUN-2004,True,1.0,True,2015-01-01,2026-08-31,3177,1398,44.0,first_token_mismatch;listing_after_first_seen;concurrent_alias_collision,EQUITY_L
Mphasis BFL Ltd.,MPHASIS,INE356A01018,2003-05-02,2003-05-02,token_match,medium,proposed,MphasiS Limited,EQ,04-JUN-2004,True,0.5,True,2015-01-01,2026-08-31,3146,1367,43.45,first_token_mismatch;name_mismatch;listing_after_first_seen;concurrent_alias_collision,EQUITY_L_token_match
Mukand Ltd.- Old,MUKANDLTD,INE304A01026,1998-08-01,2004-01-02,token_match,medium,proposed,Mukand Limited,EQ,23-FEB-2004,True,0.5,True,,,0,0,0.0,first_token_mismatch;name_mismatch;listing_after_first_seen;predecessor_marker,EQUITY_L_token_match
Mukta Arts Ltd,MUKTAARTS,INE374B01019,2001-12-07,2010-04-08,equity_l_exact,high,proposed,Mukta Arts Limited,BE,12-SEP-2000,True,1.0,True,,,622,0,0.0,,EQUITY_L
Multi Commodity Exchange of India Ltd.,MCX,INE745G01043,2019-09-27,2020-06-26,equity_l_exact,high,auto,Multi Commodity Exchange of India Limited,EQ,09-MAR-2012,True,1.0,True,2015-01-01,2026-08-31,238,238,100.0,,EQUITY_L
Mundra Port and Special Economic Zone Ltd.,ADANIPORTS,INE742F01042,2008-09-10,2010-10-01,token_match,medium,proposed,Adani Ports and Special Economic Zone Limited,EQ,27-NOV-2007,True,0.5,False,2007-11-27,2026-08-31,2902,2902,100.0,first_token_mismatch;name_mismatch;concurrent_alias_collision,EQUITY_L_token_match
Munjal Auto Industries Ltd.,MUNJALAU,INE672B01032,2004-04-12,2006-05-17,equity_l_exact,high,proposed,Munjal Auto Industries Limited,EQ,19-JUL-2006,True,1.0,True,,,0,0,0.0,listing_after_first_seen,EQUITY_L
Munjal Showa Ltd.,MUNJALSHOW,INE577A01027,1998-08-01,2016-04-01,equity_l_exact,high,proposed,Munjal Showa Limited,EQ,12-MAY-2003,True,1.0,True,,,2084,0,0.0,listing_after_first_seen,EQUITY_L
Music Broadcast Ltd.,RADIOCITY,INE919I01024,2019-09-27,2019-12-27,equity_l_exact,high,proposed,Music Broadcast Limited,EQ,17-MAR-2017,True,1.0,True,,,60,0,0.0,,EQUITY_L
Muthoot Finance Ltd.,MUTHOOTFIN,INE414G01012,2011-10-10,2020-06-26,equity_l_exact,high,proposed,Muthoot Finance Limited,EQ,06-MAY-2011,True,1.0,True,2015-01-01,2026-08-31,2180,1398,64.13,,EQUITY_L
NATCO Pharma Ltd.,NATCOPHARM,INE987B01026,2014-01-13,2019-09-27,equity_l_exact,high,proposed,Natco Pharma Limited,EQ,27-DEC-1995,True,1.0,True,2015-01-01,2026-08-31,1631,1398,85.71,,EQUITY_L
NBCC (India) Ltd.,NBCC,INE095N01031,2015-03-27,2020-06-26,equity_l_exact,high,auto,NBCC (India) Limited,EQ,12-APR-2012,True,1.0,True,2015-01-01,2026-08-31,1285,1285,100.0,,EQUITY_L
NCC Ltd.,NCC,INE868B01028,2004-12-10,2020-06-26,equity_l_exact,high,proposed,NCC Limited,EQ,14-OCT-2003,True,1.0,True,2015-01-01,2026-08-31,3177,1398,44.0,first_token_mismatch,EQUITY_L
NDTV Ltd.,,,2004-12-10,2016-04-01,unresolved,low,unresolved,,,,False,0.0,False,,,0,0,0.0,no_candidate,
NELCO Ltd.,NELCO,INE045B01015,2002-08-13,2012-04-27,equity_l_exact,high,proposed,NELCO Limited,EQ,28-MAY-2003,True,1.0,True,,,1129,0,0.0,first_token_mismatch;listing_after_first_seen,EQUITY_L
NEPC Agro Foods Ltd.,,,1998-08-01,1999-09-08,unresolved,low,unresolved,,,,False,0.0,False,,,0,0,0.0,no_candidate,
NEPC India Ltd,,,1998-08-01,2009-03-27,unresolved,low,unresolved,,,,False,0.0,False,,,0,0,0.0,no_candidate,
NESCO Ltd.,NESCO,INE317F01035,2018-04-02,2018-04-02,equity_l_exact,high,proposed,Nesco Limited,EQ,08-APR-2008,True,1.0,True,2015-01-01,2026-08-31,603,603,100.0,first_token_mismatch,EQUITY_L
NHPC Ltd.,NHPC,INE848E01016,2010-04-06,2020-01-24,equity_l_exact,high,proposed,NHPC Limited,EQ,01-SEP-2009,True,1.0,True,2015-01-01,2026-08-31,2558,1398,54.65,first_token_mismatch,EQUITY_L
NIIT Ltd.,NIITLTD,INE161A01038,1998-10-07,2018-04-02,equity_l_exact,high,proposed,NIIT Limited,EQ,16-AUG-2004,True,1.0,True,,,2470,0,0.0,first_token_mismatch;listing_after_first_seen;concurrent_alias_collision,EQUITY_L
NIIT Ltd.-Sus,NIITLTD,INE161A01038,1998-08-01,2004-07-09,token_match,medium,proposed,NIIT Limited,EQ,16-AUG-2004,True,0.5,True,,,0,0,0.0,first_token_mismatch;name_mismatch;listing_after_first_seen;predecessor_marker,EQUITY_L_token_match
NIIT Technologies Ltd.,NIITLTD,INE161A01038,2005-09-26,2020-06-26,token_match,medium,proposed,NIIT Limited,EQ,16-AUG-2004,True,0.5,True,,,1945,0,0.0,first_token_mismatch;name_mismatch;concurrent_alias_collision,EQUITY_L_token_match
NLC India Ltd.,NLCINDIA,INE589A01014,2018-10-26,2018-10-26,equity_l_exact,high,auto,NLC India Limited,EQ,23-AUG-2000,True,1.0,True,2015-01-01,2026-08-31,303,303,100.0,,EQUITY_L
NMDC Ltd.,NMDC,INE584A01023,2008-09-10,2020-03-19,equity_l_exact,high,proposed,NMDC Limited,EQ,03-MAR-2008,True,1.0,True,2015-01-01,2026-08-31,2933,1398,47.66,first_token_mismatch,EQUITY_L
NOCIL Ltd.,NOCIL,INE163A01018,1998-08-01,2016-04-01,equity_l_exact,high,proposed,NOCIL Limited,EQ,17-JAN-1996,True,1.0,True,,,2084,0,0.0,first_token_mismatch,EQUITY_L
NRB Bearings Ltd.,NIBL,INE047O01014,2002-09-19,2011-10-10,token_match,medium,proposed,NRB Industrial Bearings Limited,EQ,09-APR-2013,True,0.6667,True,,,998,0,0.0,first_token_mismatch;name_mismatch;listing_after_first_seen,EQUITY_L_token_match
NTPC Ltd.,NTPC,INE733E01010,2005-02-07,2018-10-26,equity_l_exact,high,proposed,NTPC Limited,EQ,05-NOV-2004,True,1.0,True,2015-01-01,2026-08-31,3177,1398,44.0,first_token_mismatch,EQUITY_L
Nagarjuna Construction Co. Ltd.,,,2004-01-02,2004-01-02,unresolved,low,unresolved,,,,False,0.0,False,,,0,0,0.0,no_candidate,
Nagarjuna Fertilisers & Chemicals Ltd.,SHREEPUSHK,INE712K01011,2002-10-28,2002-10-28,token_match,medium,proposed,Shree Pushkar Chemicals & Fertilisers Limited,EQ,10-SEP-2015,True,0.5,False,,,0,0,0.0,first_token_mismatch;name_mismatch;listing_after_first_seen,EQUITY_L_token_match
Nagarjuna Fertilizers & Chemicals Ltd.,CHAMBLFERT,INE085A01013,1996-09-18,2011-08-29,token_match,medium,proposed,Chambal Fertilizers & Chemicals Limited,EQ,14-JUN-1995,True,0.6,False,2007-01-02,2026-08-31,971,971,100.0,first_token_mismatch;name_mismatch;concurrent_alias_collision,EQUITY_L_token_match
Nahar Industrial Enterprises Ltd.,NAHARINDUS,INE289A01011,1998-08-01,2001-04-25,equity_l_exact,high,proposed,Nahar Industrial Enterprises Limited,EQ,15-DEC-2005,True,1.0,True,,,0,0,0.0,listing_after_first_seen,EQUITY_L
Nahar Poly Films Ltd.,NAHARPOLY,INE308A01027,1998-08-01,2007-01-24,equity_l_exact,high,proposed,Nahar Poly Films Limited,EQ,23-MAR-2007,True,1.0,True,,,0,0,0.0,listing_after_first_seen,EQUITY_L
Nahar Spinning Mills Ltd.,NAHARSPING,INE290A01027,1998-08-01,2007-01-24,equity_l_exact,high,proposed,Nahar Spinning Mills Limited,EQ,23-MAR-2007,True,1.0,True,,,0,0,0.0,listing_after_first_seen,EQUITY_L
Nalco Chemicals India Ltd. - Sus,,,1998-08-01,1998-10-07,unresolved,low,unresolved,,,,False,0.0,False,,,0,0,0.0,no_candidate,
Narayana Hrudayalaya Ltd.,NH,INE410P01011,2016-09-30,2018-04-02,equity_l_exact,high,auto,Narayana Hrudayalaya Ltd.,EQ,06-JAN-2016,True,1.0,True,2016-01-06,2026-08-31,972,972,100.0,,EQUITY_L
Narmada Chematur Petrochemicals Ltd.,,,2005-09-26,2007-03-15,unresolved,low,unresolved,,,,False,0.0,False,,,0,0,0.0,no_candidate,
National Aluminium Co. Ltd.,NATIONALUM,INE139A01034,1999-04-29,2020-06-26,equity_l_exact,high,proposed,National Aluminium Company Limited,EQ,28-APR-1999,True,1.0,True,2015-01-01,2026-08-31,3177,1398,44.0,concurrent_alias_collision,EQUITY_L
National Aluminium Co. Ltd. (Old),NATIONALUM,INE139A01034,1998-08-01,1999-04-29,token_match,medium,proposed,National Aluminium Company Limited,EQ,28-APR-1999,True,0.6667,True,2015-01-01,2026-08-31,0,0,0.0,name_mismatch;listing_after_first_seen;concurrent_alias_collision;predecessor_marker,EQUITY_L_token_match
National Aluminium Company Limited,NATIONALUM,INE139A01034,2013-06-11,2013-06-11,equity_l_exact,high,proposed,National Aluminium Company Limited,EQ,28-APR-1999,True,1.0,True,2015-01-01,2026-08-31,1745,1367,78.34,,EQUITY_L
National Buildings Construction Corp. Ltd.,,,2015-12-14,2015-12-14,unresolved,low,unresolved,,,,False,0.0,False,,,0,0,0.0,no_candidate,
National Buildings Construction Corporation Ltd.,,,2014-03-28,2016-04-01,unresolved,low,unresolved,,,,False,0.0,False,,,0,0,0.0,no_candidate,
National Fertilizers Ltd.,NFL,INE870D01012,2009-03-27,2018-09-28,equity_l_exact,high,proposed,National Fertilizers Limited,EQ,28-DEC-2006,True,1.0,True,2015-01-01,2026-08-31,1230,125,10.16,,EQUITY_L
National Peroxide Ltd.,,,1998-08-01,1999-05-26,unresolved,low,unresolved,,,,False,0.0,False,,,0,0,0.0,no_candidate,
Nava Bharat Ventures Ltd.,,,2004-03-15,2017-03-31,unresolved,low,unresolved,,,,False,0.0,False,,,0,0,0.0,no_candidate,
Navin Fluorine International Ltd.,NAVINFLUOR,INE048G01026,2016-09-30,2020-06-26,equity_l_exact,high,auto,Navin Fluorine International Limited,EQ,01-JUN-2007,True,1.0,True,2015-01-01,2026-08-31,972,972,100.0,,EQUITY_L
Navkar Corporation Ltd.,NAVKARCORP,INE278M01019,2016-04-01,2019-03-29,equity_l_exact,high,proposed,Navkar Corporation Limited,EQ,09-SEP-2015,True,1.0,True,,,736,0,0.0,,EQUITY_L
Navneet Education Ltd.,NAVNETEDUL,INE060A01024,1998-08-01,2019-09-27,equity_l_exact,high,proposed,Navneet Education Limited,EQ,08-FEB-1995,True,1.0,True,,,2940,0,0.0,,EQUITY_L
Navneet Publications (India) Ltd.,,,2012-09-28,2012-09-28,unresolved,low,unresolved,,,,False,0.0,False,,,0,0,0.0,no_candidate,
Nestle India Limited,NESTLEIND,INE239A01024,1996-09-18,2003-08-04,equity_l_exact,high,proposed,Nestle India Limited,EQ,01-AUG-2023,True,1.0,True,2015-01-01,2026-08-31,0,0,0.0,listing_after_first_seen,EQUITY_L
Nestle India Ltd.,NESTLEIND,INE239A01024,1998-08-01,2020-06-26,equity_l_exact,high,auto,Nestle India Limited,EQ,01-AUG-2023,True,1.0,True,2015-01-01,2026-08-31,207,207,100.0,listing_after_first_seen,EQUITY_L
Network18 Media & Investments Ltd.,NETWORK18,INE870H01013,2011-10-10,2020-06-26,equity_l_exact,high,proposed,Network18 Media & Investments Limited,EQ,02-FEB-2007,True,1.0,True,2015-01-01,2026-08-31,2124,1342,63.18,,EQUITY_L
Next Mediaworks Ltd.,NEXTMEDIA,INE747B01016,2002-04-23,2011-01-20,equity_l_exact,high,proposed,Next Mediaworks Limited,EQ,04-APR-2001,True,1.0,True,,,822,0,0.0,,EQUITY_L
Neyveli Lignite Corporation Ltd.,,,2001-12-07,2011-03-25,unresolved,low,unresolved,,,,False,0.0,False,,,0,0,0.0,no_candidate,
Nilkamal Ltd.,NILKAMAL,INE310A01015,1999-09-08,2016-09-30,equity_l_exact,high,proposed,Nilkamal Limited,EQ,01-NOV-1995,True,1.0,True,,,1354,0,0.0,first_token_mismatch,EQUITY_L
Nippo Batteries Co. Ltd.,,,2004-04-12,2004-12-10,unresolved,low,unresolved,,,,False,0.0,False,,,0,0,0.0,no_candidate,
Nippon Life India Asset Management Ltd.,NAM-INDIA,INE298J01013,2020-07-31,2020-07-31,equity_l_exact,high,auto,Nippon Life India Asset Management Limited,EQ,06-NOV-2017,True,1.0,True,2017-11-06,2026-08-31,1,1,100.0,,EQUITY_L
Nirma Ltd.,,,1998-08-01,2011-03-24,unresolved,low,unresolved,,,,False,0.0,False,,,0,0,0.0,no_candidate,
Nitin Fire Protection Industries Ltd.,,,2014-09-19,2017-09-29,unresolved,low,unresolved,,,,False,0.0,False,,,0,0,0.0,no_candidate,
Noida-Toll Bridge Co. Ltd.,NOIDATOLL,INE781B01015,2007-04-04,2016-04-01,equity_l_exact,high,proposed,Noida Toll Bridge Company Limited,EQ,06-DEC-2002,True,1.0,True,,,2084,0,0.0,,EQUITY_L
Novartis India Ltd,NOVARTIND,INE234A01025,1999-05-26,1999-05-26,equity_l_exact,high,proposed,Novartis India Limited,EQ,20-APR-2026,True,1.0,True,,,3146,0,0.0,listing_after_first_seen;concurrent_alias_collision,EQUITY_L
Novartis India Ltd.,NOVARTIND,INE234A01025,1998-08-01,2003-05-02,equity_l_exact,high,proposed,Novartis India Limited,EQ,20-APR-2026,True,1.0,True,,,0,0,0.0,listing_after_first_seen;concurrent_alias_collision,EQUITY_L
OCL India Ltd.,,,2016-09-30,2017-01-23,unresolved,low,unresolved,,,,False,0.0,False,,,0,0,0.0,no_candidate,
OTIS Elevator Company (India) Ltd.,,,1998-08-01,2003-05-02,unresolved,low,unresolved,,,,False,0.0,False,,,0,0,0.0,no_candidate,
Oberoi Realty Ltd.,OBEROIRLTY,INE093I01010,2011-03-25,2020-06-26,equity_l_exact,high,proposed,Oberoi Realty Limited,EQ,20-OCT-2010,True,1.0,True,2015-01-01,2026-08-31,2312,1398,60.47,,EQUITY_L
Oil & Natural Gas Corporation Ltd.,ONGC,INE213A01029,1998-08-01,2019-09-27,equity_l_exact,high,proposed,Oil & Natural Gas Corporation Limited,EQ,19-JUL-1995,True,1.0,True,2015-01-01,2026-08-31,3177,1398,44.0,,EQUITY_L
Oil Country Tubular Ltd.,OILCOUNTUB,INE591A01010,1998-08-01,1999-05-26,equity_l_exact,high,proposed,Oil Country Tubular Limited,BE,30-AUG-1995,True,1.0,True,,,0,0,0.0,,EQUITY_L
Oil India Ltd.,OIL,INE274J01014,2010-04-08,2020-06-26,equity_l_exact,high,proposed,Oil India Limited,EQ,30-SEP-2009,True,1.0,True,2015-01-01,2026-08-31,2556,1398,54.69,concurrent_alias_collision,EQUITY_L
Omax Autos Ltd.,OMAXAUTO,INE090B01011,2003-12-05,2011-03-25,equity_l_exact,high,proposed,Omax Autos Limited,EQ,20-FEB-2003,True,1.0,True,,,866,0,0.0,,EQUITY_L
Omaxe Ltd.,OMAXE,INE800H01010,2008-03-14,2020-06-26,equity_l_exact,high,proposed,Omaxe Limited,EQ,09-AUG-2007,True,1.0,True,,,3053,0,0.0,first_token_mismatch,EQUITY_L
OnMobile Global Ltd.,ONMOBILE,INE809I01019,2009-10-22,2013-04-01,equity_l_exact,high,proposed,OnMobile Global Limited,BE,19-FEB-2008,True,1.0,True,,,605,0,0.0,,EQUITY_L
Onelife Capital Advisors Ltd.,ONELIFECAP,INE912L01015,2013-04-01,2013-09-27,equity_l_exact,high,proposed,Onelife Capital Advisors Limited,BE,17-OCT-2011,True,1.0,True,,,124,0,0.0,,EQUITY_L
Onward Technologies Ltd.,ONWARDTEC,INE229A01017,2002-05-21,2007-09-24,equity_l_exact,high,proposed,Onward Technologies Limited,EQ,07-MAR-2001,True,1.0,True,,,6,0,0.0,,EQUITY_L
Opto Circuits (I) Ltd.,,,2009-10-22,2016-04-01,unresolved,low,unresolved,,,,False,0.0,False,,,0,0,0.0,no_candidate,
Oracle Financial Services Software Ltd.,OFSS,INE881D01027,2003-03-17,2020-06-26,equity_l_exact,high,proposed,Oracle Financial Services Software Limited,EQ,28-JUN-2002,True,1.0,True,2015-01-01,2026-08-31,3177,1398,44.0,,EQUITY_L
Orbit Corporation Ltd.,ORBTEXP,INE231G01010,2008-09-10,2014-09-19,token_match,medium,proposed,Orbit Exports Limited,BE,05-NOV-2013,True,0.5,True,,,1471,0,0.0,first_token_mismatch;name_mismatch;listing_after_first_seen,EQUITY_L_token_match
Orchid Chemicals & Pharmaceuticals Ltd.,BIOFILCHEM,INE829A01014,1998-08-01,2015-09-28,token_match,medium,proposed,Biofil Chemicals & Pharmaceuticals Limited,EQ,12-JUN-1996,True,0.6,False,,,1961,0,0.0,first_token_mismatch;name_mismatch;concurrent_alias_collision,EQUITY_L_token_match
Orchid Pharma Ltd.,ORCHPHARMA,INE191A01027,2009-03-27,2009-03-27,equity_l_exact,high,proposed,Orchid Pharma Limited,EQ,02-NOV-2020,True,1.0,True,,,1,0,0.0,listing_after_first_seen,EQUITY_L
Orient Cement Ltd.,ORIENTCEM,INE876N01018,2015-09-28,2015-09-28,equity_l_exact,high,auto,Orient Cement Limited,EQ,12-JUL-2013,True,1.0,True,2015-01-01,2026-08-31,1217,1217,100.0,,EQUITY_L
Orient Electric Ltd.,ORIENTELEC,INE142Z01019,2019-03-29,2019-03-29,equity_l_exact,high,proposed,Orient Electric Limited,EQ,14-MAY-2018,True,1.0,True,,,358,0,0.0,,EQUITY_L
Orient Information Technologies Ltd.,ORIENTTECH,INE0PPK01015,2000-12-13,2007-04-04,token_match,medium,proposed,Orient Technologies Limited,EQ,28-AUG-2024,True,0.6667,True,,,0,0,0.0,first_token_mismatch;name_mismatch;listing_after_first_seen,EQUITY_L_token_match
Orient Paper & Industries Ltd.,ORIENTPPR,INE592A01026,1998-08-01,2013-03-07,equity_l_exact,high,proposed,Orient Paper & Industries Limited,EQ,29-MAR-1995,True,1.0,True,,,1339,0,0.0,,EQUITY_L
Orient Refractories Ltd.,,,2019-09-27,2019-09-27,unresolved,low,unresolved,,,,False,0.0,False,,,0,0,0.0,no_candidate,
Oriental Bank of Commerce,BANKINDIA,INE084A01016,1998-08-01,2019-12-27,token_match,medium,proposed,Bank of India,EQ,30-APR-1997,True,0.5,False,2007-01-02,2026-08-31,2999,2999,100.0,first_token_mismatch;name_mismatch;concurrent_alias_collision,EQUITY_L_token_match
Oriental Hotels Ltd.,ORIENTHOT,INE750A01020,1998-08-01,2013-04-01,equity_l_exact,high,proposed,Oriental Hotels Limited,EQ,27-AUG-1998,True,1.0,True,,,1354,0,0.0,,EQUITY_L
Origin Agrostar Ltd.,,,2000-11-29,2001-12-07,unresolved,low,unresolved,,,,False,0.0,False,,,0,0,0.0,no_candidate,
Orissa Min Dev Co Ltd.,,,2011-03-25,2018-04-02,unresolved,low,unresolved,,,,False,0.0,False,,,0,0,0.0,no_candidate,
Orkay Industries Ltd.,,,1998-08-01,1999-02-03,unresolved,low,unresolved,,,,False,0.0,False,,,0,0,0.0,no_candidate,
Oswal Agro Mills Ltd.,OSWALAGRO,INE142A01012,1998-08-01,2002-03-29,equity_l_exact,high,proposed,Oswal Agro Mills Limited,EQ,29-MAR-1995,True,1.0,True,,,0,0,0.0,,EQUITY_L
Oswal Chemicals & Fertilizers Ltd.,CHAMBLFERT,INE085A01013,1998-08-01,2016-04-01,token_match,medium,proposed,Chambal Fertilizers & Chemicals Limited,EQ,14-JUN-1995,True,0.6,False,2007-01-02,2026-08-31,2084,2084,100.0,first_token_mismatch;name_mismatch;concurrent_alias_collision,EQUITY_L_token_match
Oudh Sugar Mills Ltd.,DHAMPURSUG,INE041A01016,1998-08-01,2002-04-23,token_match,medium,proposed,Dhampur Sugar Mills Limited,EQ,29-MAR-1995,True,0.5,False,,,0,0,0.0,first_token_mismatch;name_mismatch;concurrent_alias_collision,EQUITY_L_token_match
PC Jeweller Ltd.,PCJEWELLER,INE785M01021,2015-04-20,2020-06-26,equity_l_exact,high,auto,PC Jeweller Limited,EQ,27-DEC-2012,True,1.0,True,2015-01-01,2026-08-31,1273,1273,100.0,,EQUITY_L
PHIL Corporation Ltd.,,,1998-08-01,2002-04-23,unresolved,low,unresolved,,,,False,0.0,False,,,0,0,0.0,no_candidate,
PI Industries Ltd.,PIIND,INE603J01030,2014-03-28,2019-06-28,equity_l_exact,high,proposed,PI Industries Limited,EQ,15-JUN-2011,True,1.0,True,2015-01-01,2026-08-31,1580,1398,88.48,,EQUITY_L
PNB Gilts Ltd.,PNBGILTS,INE859A01011,2002-03-29,2011-10-10,equity_l_exact,high,proposed,PNB Gilts Limited,EQ,18-SEP-2000,True,1.0,True,,,998,0,0.0,,EQUITY_L
PNB Housing Finance Ltd.,PNBHOUSING,INE572E01012,2017-05-26,2017-05-26,equity_l_exact,high,auto,PNB Housing Finance Limited,EQ,07-NOV-2016,True,1.0,True,2016-11-07,2026-08-31,812,812,100.0,,EQUITY_L
PNC Infratech Ltd.,PNCINFRA,INE195J01029,2015-10-19,2017-09-29,equity_l_exact,high,auto,PNC Infratech Limited,EQ,26-MAY-2015,True,1.0,True,2015-05-26,2026-08-31,1203,1203,100.0,,EQUITY_L
PSI Data Systems Ltd.,,,1999-12-08,2004-03-15,unresolved,low,unresolved,,,,False,0.0,False,,,0,0,0.0,no_candidate,
PSL Ltd.,,,2002-09-19,2014-03-28,unresolved,low,unresolved,,,,False,0.0,False,,,0,0,0.0,no_candidate,
PTC India Fin Serv Ltd.,,,2014-03-28,2019-03-29,unresolved,low,unresolved,,,,False,0.0,False,,,0,0,0.0,no_candidate,
PTC India Ltd.,PTC,INE877F01012,2006-03-02,2019-03-29,equity_l_exact,high,proposed,PTC India Limited,EQ,07-APR-2004,True,1.0,True,2015-01-01,2026-08-31,2667,1398,52.42,,EQUITY_L
PVP Ventures Ltd.,PVP,INE362A01016,1999-05-26,2011-03-25,equity_l_exact,high,proposed,PVP Ventures Limited,EQ,03-APR-1996,True,1.0,True,,,866,0,0.0,,EQUITY_L
PVR Ltd.,PVRINOX,INE191H01014,2013-03-19,2020-06-26,token_match,medium,proposed,PVR INOX Limited,EQ,04-JAN-2006,True,0.5,True,2015-01-01,2026-08-31,1831,1398,76.35,first_token_mismatch;name_mismatch,EQUITY_L_token_match
Padmini Technologies Ltd.,,,2001-06-20,2003-01-21,unresolved,low,unresolved,,,,False,0.0,False,,,0,0,0.0,no_candidate,
Page Industries Ltd.,PAGEIND,INE761H01022,2011-10-10,2019-03-29,equity_l_exact,high,proposed,Page Industries Limited,EQ,16-MAR-2007,True,1.0,True,2015-01-01,2026-08-31,2180,1398,64.13,,EQUITY_L
Panacea Biotec Ltd.,PANACEABIO,INE922B01023,2000-12-20,2012-04-27,equity_l_exact,high,proposed,Panacea Biotec Limited,EQ,17-APR-1996,True,1.0,True,,,1129,0,0.0,,EQUITY_L
Panasonic AVC Networks India Co. Ltd.,,,2002-09-19,2002-11-11,unresolved,low,unresolved,,,,False,0.0,False,,,0,0,0.0,no_candidate,
Pantaloon Retail (India) Ltd.,,,2004-12-10,2013-04-01,unresolved,low,unresolved,,,,False,0.0,False,,,0,0,0.0,no_candidate,
Paper Products Ltd.,PDMJEPAPER,INE865T01018,1999-09-08,2012-04-27,token_match,medium,proposed,Pudumjee Paper Products Limited,EQ,30-MAR-2016,True,0.6667,False,,,1129,0,0.0,first_token_mismatch;name_mismatch;listing_after_first_seen,EQUITY_L_token_match
Parag Milk Foods Ltd.,PARAGMILK,INE883N01014,2017-03-31,2020-06-26,equity_l_exact,high,proposed,Parag Milk Foods Limited,EQ,19-MAY-2016,True,1.0,True,,,793,0,0.0,,EQUITY_L
Parekh Platinum Ltd.,,,1998-08-01,2004-12-10,unresolved,low,unresolved,,,,False,0.0,False,,,0,0,0.0,no_candidate,
Parke-Davis (India) Ltd.,,,1998-08-01,2003-03-06,unresolved,low,unresolved,,,,False,0.0,False,,,0,0,0.0,no_candidate,
Parsvnath Developer Ltd.,,,2007-03-01,2016-09-30,unresolved,low,unresolved,,,,False,0.0,False,,,0,0,0.0,no_candidate,
Patel Engineering Ltd.,PATELENG,INE244B01030,2005-06-01,2016-04-01,equity_l_exact,high,proposed,Patel Engineering Limited,EQ,24-FEB-2005,True,1.0,True,,,2084,0,0.0,,EQUITY_L
Patheja Forgings & Auto Parts Manufacturers Ltd.,,,1998-08-01,1999-09-08,unresolved,low,unresolved,,,,False,0.0,False,,,0,0,0.0,no_candidate,
Patni Computer Systems Ltd,,,2011-10-10,2011-10-10,unresolved,low,unresolved,,,,False,0.0,False,,,0,0,0.0,no_candidate,
Patni Computer Systems Ltd.,,,2004-10-08,2012-05-21,unresolved,low,unresolved,,,,False,0.0,False,,,0,0,0.0,no_candidate,
Patspin India Ltd.,,,2002-11-11,2007-09-24,unresolved,low,unresolved,,,,False,0.0,False,,,0,0,0.0,no_candidate,
Peacock Industries Ltd.-old,,,1998-08-01,1999-05-26,unresolved,low,unresolved,,,,False,0.0,False,,,0,0,0.0,no_candidate,
Pearl Global Industries Ltd.,PGIL,INE940H01022,2008-02-15,2011-03-25,equity_l_exact,high,proposed,Pearl Global Industries Limited,EQ,15-FEB-2007,True,1.0,True,2015-01-01,2026-08-31,761,0,0.0,,EQUITY_L
Peninsula Land Ltd.,PENINLAND,INE138A01028,1998-08-01,2016-04-01,equity_l_exact,high,proposed,Peninsula Land Limited,EQ,08-FEB-1995,True,1.0,True,,,2084,0,0.0,,EQUITY_L
Pennar Industries Ltd.,PENIND,INE932A01024,2015-03-27,2016-04-01,equity_l_exact,high,proposed,Pennar Industries Limited,EQ,25-NOV-2010,True,1.0,True,,,248,0,0.0,,EQUITY_L
Pentafour Products Ltd.,,,1999-09-08,2001-04-25,unresolved,low,unresolved,,,,False,0.0,False,,,0,0,0.0,no_candidate,
Pentamedia Graphic Ltd,,,2003-08-04,2003-08-04,unresolved,low,unresolved,,,,False,0.0,False,,,0,0,0.0,no_candidate,
Pentamedia Graphics Ltd.,,,1998-08-01,2006-09-13,unresolved,low,unresolved,,,,False,0.0,False,,,0,0,0.0,no_candidate,
Pentasoft Technologies Ltd.,,,2000-12-13,2006-09-13,unresolved,low,unresolved,,,,False,0.0,False,,,0,0,0.0,no_candidate,
Persistent Systems Ltd.,PERSISTENT,INE262H01021,2011-10-10,2019-03-29,equity_l_exact,high,proposed,Persistent Systems Limited,EQ,06-APR-2010,True,1.0,True,2015-01-01,2026-08-31,2180,1398,64.13,,EQUITY_L
Petronet LNG Ltd.,PETRONET,INE347G01014,2004-07-01,2019-09-27,equity_l_exact,high,proposed,Petronet LNG Limited,EQ,26-MAR-2004,True,1.0,True,2015-01-01,2026-08-31,3177,1398,44.0,,EQUITY_L
Pfizer Ltd.,PFIZER,INE182A01018,1998-08-01,2020-06-26,equity_l_exact,high,proposed,Pfizer Limited,EQ,28-APR-1999,True,1.0,True,2015-01-01,2026-08-31,3177,1398,44.0,first_token_mismatch;listing_after_first_seen,EQUITY_L
Pharmacia Healthcare Ltd.,,,1999-12-08,2005-03-04,unresolved,low,unresolved,,,,False,0.0,False,,,0,0,0.0,no_candidate,
Philips India Ltd.,,,1998-08-01,2002-10-28,unresolved,low,unresolved,,,,False,0.0,False,,,0,0,0.0,no_candidate,
Phillips Carbon Black Ltd.,,,1998-08-01,2019-09-27,unresolved,low,unresolved,,,,False,0.0,False,,,0,0,0.0,no_candidate,
Phoenix International Ltd.,PHOENXINTL,INE245B01011,1998-08-01,2002-03-29,equity_l_exact,high,proposed,Phoenix International Limited,EQ,17-AUG-2026,True,1.0,True,,,0,0,0.0,listing_after_first_seen,EQUITY_L
Phoenix Mills Ltd.,PHOENIXLTD,INE211B01039,2007-05-23,2013-04-01,token_match,medium,proposed,The Phoenix Mills Limited,EQ,23-APR-2007,True,0.6667,True,2015-01-01,2026-08-31,3177,1398,44.0,name_mismatch,EQUITY_L_token_match
Pidilite Industries Ltd.,PIDILITIND,INE318A01026,1998-08-01,2018-12-28,equity_l_exact,high,proposed,Pidilite Industries Limited,EQ,29-MAR-1995,True,1.0,True,2015-01-01,2026-08-31,3177,1398,44.0,,EQUITY_L
Pipavav Defence and Offshore Engineering Company Ltd.,,,2011-03-25,2016-01-18,unresolved,low,unresolved,,,,False,0.0,False,,,0,0,0.0,no_candidate,
Piramal Enterprises Ltd.,,,1998-08-01,2020-06-26,unresolved,low,unresolved,,,,False,0.0,False,,,0,0,0.0,no_candidate,
Piramal Healthcare Ltd.,,,2004-01-02,2009-06-05,unresolved,low,unresolved,,,,False,0.0,False,,,0,0,0.0,no_candidate,
Piramal Holdings Ltd.-Delisted,,,1998-08-01,1999-02-03,unresolved,low,unresolved,,,,False,0.0,False,,,0,0,0.0,no_candidate,
Polaris Consulting & Services Ltd.,,,2000-05-24,2018-02-05,unresolved,low,unresolved,,,,False,0.0,False,,,0,0,0.0,no_candidate,
Polaris Financial Technology Ltd.,,,2000-05-24,2014-09-26,unresolved,low,unresolved,,,,False,0.0,False,,,0,0,0.0,no_candidate,
Polaris Software Lab Ltd.,,,2001-10-11,2007-12-12,unresolved,low,unresolved,,,,False,0.0,False,,,0,0,0.0,no_candidate,
Poly Medicure Ltd.,POLYMED,INE205C01021,2020-06-26,2020-06-26,equity_l_exact,high,auto,Poly Medicure Limited,EQ,07-DEC-2011,True,1.0,True,2015-01-01,2026-08-31,57,57,100.0,,EQUITY_L
Polycab India Ltd.,POLYCAB,INE455K01017,2019-09-27,2020-06-26,equity_l_exact,high,auto,Polycab India Limited,EQ,16-APR-2019,True,1.0,True,2019-04-16,2026-08-31,238,238,100.0,,EQUITY_L
Ponds (India) Ltd.,,,1998-08-01,1998-10-07,unresolved,low,unresolved,,,,False,0.0,False,,,0,0,0.0,no_candidate,
Power Finance Corporation Ltd.,PFC,INE134E01011,2007-09-24,2020-06-26,equity_l_exact,high,proposed,Power Finance Corporation Limited,EQ,23-FEB-2007,True,1.0,True,2015-01-01,2026-08-31,3172,1398,44.07,,EQUITY_L
Power Grid Corporation of India Ltd.,POWERGRID,INE752E01010,2008-03-14,2020-06-26,equity_l_exact,high,proposed,Power Grid Corporation of India Limited,EQ,05-OCT-2007,True,1.0,True,2015-01-01,2026-08-31,3053,1398,45.79,,EQUITY_L
Praj Industries Ltd.,PRAJIND,INE074A01025,2003-05-02,2018-04-02,equity_l_exact,high,proposed,Praj Industries Limited,EQ,11-OCT-1995,True,1.0,True,2015-01-01,2026-08-31,3177,1398,44.0,,EQUITY_L
Prakash Industries Ltd.,PRAKASH,INE603A01013,1998-08-01,2016-04-01,equity_l_exact,high,proposed,Prakash Industries Limited,EQ,10-MAY-1995,True,1.0,True,,,2084,0,0.0,,EQUITY_L
Precision Fasteners Ltd.,,,1998-08-01,1999-03-17,unresolved,low,unresolved,,,,False,0.0,False,,,0,0,0.0,no_candidate,
Premier Ltd.,PREMIER,INE342A01018,1998-08-01,2000-05-24,equity_l_exact,high,proposed,Premier Limited,BE,03-APR-1996,True,1.0,True,,,0,0,0.0,first_token_mismatch,EQUITY_L
Prestige Estates Projects Ltd.,PRESTIGE,INE811K01011,2011-03-25,2020-06-26,equity_l_exact,high,proposed,Prestige Estates Projects Limited,EQ,27-OCT-2010,True,1.0,True,2015-01-01,2026-08-31,2312,1398,60.47,,EQUITY_L
Pricol Ltd.,PRICOLLTD,INE726V01018,2002-09-19,2011-10-10,equity_l_exact,high,proposed,Pricol Limited,EQ,10-FEB-2017,True,1.0,True,2015-01-01,2026-08-31,998,0,0.0,first_token_mismatch;listing_after_first_seen,EQUITY_L
Prime Focus Ltd,PFOCUS,INE367G01038,2012-09-28,2015-03-27,equity_l_exact,high,proposed,Prime Focus Limited,EQ,20-JUN-2006,True,1.0,True,2015-01-01,2026-08-31,605,58,9.59,,EQUITY_L
Prime Securities Ltd.,PRIMESECU,INE032B01021,1998-08-01,1999-12-08,equity_l_exact,high,proposed,Prime Securities Limited,EQ,17-JUN-2005,True,1.0,True,,,0,0,0.0,listing_after_first_seen,EQUITY_L
Prism Cement Ltd.,,,2002-03-29,2018-04-02,unresolved,low,unresolved,,,,False,0.0,False,,,0,0,0.0,no_candidate,
Pritish Nandy Communications Ltd.,,,2002-05-14,2007-04-04,unresolved,low,unresolved,,,,False,0.0,False,,,0,0,0.0,no_candidate,
Procter & Gamble Health Ltd.,PGHL,INE199A01012,2019-06-28,2020-06-26,equity_l_exact,high,proposed,Procter & Gamble Health Limited,EQ,24-APR-1996,True,1.0,True,,,243,0,0.0,,EQUITY_L
Procter & Gamble Hygiene & Health Care Ltd.,PGHH,INE179A01014,1998-08-01,2018-09-28,equity_l_exact,high,proposed,Procter & Gamble Hygiene and Health Care Limited,EQ,07-JUL-2004,True,1.0,True,,,2540,0,0.0,listing_after_first_seen,EQUITY_L
Procter & Gamble India Ltd.,PGHL,INE199A01012,1998-10-07,2002-10-28,token_match,high,proposed,Procter & Gamble Health Limited,EQ,24-APR-1996,True,0.75,True,,,0,0,0.0,name_mismatch,EQUITY_L_token_match
Provogue (India) Ltd.,,,2007-09-24,2012-03-07,unresolved,low,unresolved,,,,False,0.0,False,,,0,0,0.0,no_candidate,
Pudumjee Pulp & Paper Mills Ltd.,SAPPL,INE185C01017,1998-08-01,2007-09-24,token_match,low,proposed,Shree Ajit Pulp & Paper Limited,EQ,20-APR-2026,True,0.4286,False,,,6,0,0.0,first_token_mismatch;name_mismatch;listing_after_first_seen,EQUITY_L_token_match
Punj Lloyd Ltd.,,,2006-04-03,2017-09-29,unresolved,low,unresolved,,,,False,0.0,False,,,0,0,0.0,no_candidate,
Punjab & National Bank,PNB,INE160A01022,2004-05-28,2004-05-28,token_match,high,proposed,Punjab National Bank,EQ,24-APR-2002,True,0.75,True,2015-01-01,2026-08-31,0,0,0.0,name_mismatch;concurrent_alias_collision,EQUITY_L_token_match
Punjab & Sind Bank,PSB,INE608A01012,2019-12-27,2020-06-26,equity_l_exact,high,proposed,Punjab & Sind Bank,EQ,30-DEC-2010,True,1.0,True,,,123,0,0.0,,EQUITY_L
Punjab Alkalies & Chemicals Ltd.,GUJALKALI,INE186A01019,1998-08-01,2000-09-03,token_match,medium,proposed,Gujarat Alkalies and Chemicals Limited,EQ,07-AUG-1997,True,0.6,False,,,0,0,0.0,first_token_mismatch;name_mismatch;concurrent_alias_collision,EQUITY_L_token_match
Punjab Anand Lamp Industries Ltd.,,,1999-09-08,2002-07-09,unresolved,low,unresolved,,,,False,0.0,False,,,0,0,0.0,no_candidate,
Punjab Chemicals & Crop Protection Ltd.,PUNJABCHEM,INE277B01014,1998-08-01,2002-03-29,equity_l_exact,high,proposed,Punjab Chemicals & Crop Protection Limited,EQ,08-MAR-2007,True,1.0,True,,,0,0,0.0,listing_after_first_seen,EQUITY_L
Punjab Communications Ltd.,,,1999-02-03,2003-04-01,unresolved,low,unresolved,,,,False,0.0,False,,,0,0,0.0,no_candidate,
Punjab National Bank,PNB,INE160A01022,2002-11-01,2020-06-26,equity_l_exact,high,proposed,Punjab National Bank,EQ,24-APR-2002,True,1.0,True,2015-01-01,2026-08-31,3177,1398,44.0,concurrent_alias_collision,EQUITY_L
Punjab National Bank Ltd.,PNB,INE160A01022,2003-04-01,2003-04-01,token_match,high,proposed,Punjab National Bank,EQ,24-APR-2002,True,1.0,True,2015-01-01,2026-08-31,3146,1367,43.45,name_mismatch;concurrent_alias_collision,EQUITY_L_token_match
Punjab Tractors Ltd.,,,1998-08-01,2009-02-25,unresolved,low,unresolved,,,,False,0.0,False,,,0,0,0.0,no_candidate,
Punjab Wireless Systems Ltd.,,,1998-08-01,2000-01-12,unresolved,low,unresolved,,,,False,0.0,False,,,0,0,0.0,no_candidate,
Puravankara Ltd.,PURVA,INE323I01011,2008-03-14,2010-10-01,equity_l_exact,high,proposed,Puravankara Limited,EQ,30-AUG-2007,True,1.0,True,2015-01-01,2026-08-31,622,0,0.0,first_token_mismatch,EQUITY_L
Puravankara Projects Ltd.,PURVA,INE323I01011,2009-03-27,2016-09-30,token_match,medium,proposed,Puravankara Limited,EQ,30-AUG-2007,True,0.5,True,2015-01-01,2026-08-31,1834,427,23.28,first_token_mismatch;name_mismatch,EQUITY_L_token_match
Quess Corp Ltd.,QUESS,INE615P01015,2017-03-31,2018-09-28,equity_l_exact,high,auto,Quess Corp Limited,EQ,12-JUL-2016,True,1.0,True,2016-07-12,2026-08-31,849,849,100.0,,EQUITY_L
R. S. Software (India) Ltd.,RSSOFTWARE,INE165B01029,2001-01-10,2004-12-10,equity_l_exact,high,proposed,R. S. Software (India) Limited,EQ,19-MAY-1999,True,1.0,True,,,0,0,0.0,,EQUITY_L
RBL Bank Ltd.,RBLBANK,INE976G01028,2017-01-23,2020-06-26,equity_l_exact,high,auto,RBL Bank Limited,EQ,31-AUG-2016,True,1.0,True,2016-08-31,2026-08-31,895,895,100.0,,EQUITY_L
REC Ltd.,RECLTD,INE020B01018,2014-02-07,2020-06-26,equity_l_exact,high,proposed,REC Limited,EQ,12-MAR-2008,True,1.0,True,2015-01-01,2026-08-31,1507,1293,85.8,first_token_mismatch,EQUITY_L
REI Six Ten Retail Ltd.,,,2009-10-22,2010-04-08,unresolved,low,unresolved,,,,False,0.0,False,,,0,0,0.0,no_candidate,
RITES Ltd.,RITES,INE320J01015,2018-12-28,2020-06-26,equity_l_exact,high,proposed,RITES Limited,EQ,02-JUL-2018,True,1.0,True,2018-07-03,2026-08-31,419,419,100.0,first_token_mismatch,EQUITY_L
RPG Cables Ltd.,,,1998-08-01,2004-12-10,unresolved,low,unresolved,,,,False,0.0,False,,,0,0,0.0,no_candidate,
RPG Transmission Ltd.,,,1998-08-01,2002-04-23,unresolved,low,unresolved,,,,False,0.0,False,,,0,0,0.0,no_candidate,
RSWM Ltd.,RSWM,INE611A01016,1998-08-01,2009-04-17,equity_l_exact,high,proposed,RSWM Limited,EQ,15-FEB-1995,True,1.0,True,,,384,0,0.0,first_token_mismatch,EQUITY_L
Raasi Cement Ltd.- Sus,,,1998-08-01,2000-02-16,unresolved,low,unresolved,,,,False,0.0,False,,,0,0,0.0,no_candidate,
Radico Khaitan Ltd,RADICO,INE944F01028,2004-12-10,2019-06-28,equity_l_exact,high,proposed,Radico Khaitan Limited,EQ,18-JUN-2003,True,1.0,True,2015-01-01,2026-08-31,3177,1398,44.0,,EQUITY_L
Rail Vikas Nigam Ltd.,RVNL,INE415G01027,2019-09-27,2019-09-27,equity_l_exact,high,auto,Rail Vikas Nigam Limited,EQ,11-APR-2019,True,1.0,True,2019-04-11,2026-08-31,238,238,100.0,,EQUITY_L
Rain Calcining Ltd.,,,1999-12-08,2007-12-26,unresolved,low,unresolved,,,,False,0.0,False,,,0,0,0.0,no_candidate,
Rain Industries Ltd,RAIN,INE855B01025,2002-07-09,2019-09-27,equity_l_exact,high,auto,Rain Industries Limited,EQ,03-MAR-2008,True,1.0,True,2015-01-01,2026-08-31,669,669,100.0,listing_after_first_seen,EQUITY_L
Raj Television Network Ltd.,RAJTV,INE952H01027,2013-11-18,2015-03-27,equity_l_exact,high,proposed,Raj Television Network Limited,EQ,16-MAR-2007,True,1.0,True,,,329,0,0.0,,EQUITY_L
Rajesh Exports Ltd.,RAJESHEXPO,INE343B01030,2005-09-26,2018-06-29,equity_l_exact,high,proposed,Rajesh Exports Limited,BZ,09-FEB-2000,True,1.0,True,,,3177,0,0.0,,EQUITY_L
Rajinder Steels Ltd.,,,1998-08-01,1999-09-08,unresolved,low,unresolved,,,,False,0.0,False,,,0,0,0.0,no_candidate,
Rallis India Ltd.,RALLIS,INE613A01020,1999-09-08,2020-06-26,equity_l_exact,high,proposed,Rallis India Limited,EQ,01-APR-1999,True,1.0,True,2015-01-01,2026-08-31,3177,1398,44.0,,EQUITY_L
Ramco Industries Ltd.,RAMCOIND,INE614A01028,2000-09-03,2015-09-28,equity_l_exact,high,proposed,Ramco Industries Limited,EQ,06-NOV-1996,True,1.0,True,,,1961,0,0.0,,EQUITY_L
Ramco Systems Ltd.,RAMCOSYS,INE246B01019,2001-04-25,2018-09-28,equity_l_exact,high,proposed,Ramco Systems Limited,EQ,12-APR-2000,True,1.0,True,,,2699,0,0.0,,EQUITY_L
Ramkrishna Forgings Ltd.,RKFORGE,INE399G01023,2016-04-01,2019-09-27,equity_l_exact,high,auto,Ramkrishna Forgings Limited,EQ,05-MAY-2004,True,1.0,True,2015-01-01,2026-08-31,857,857,100.0,,EQUITY_L
Ramky Infra Ltd.,,,2012-04-27,2013-09-27,unresolved,low,unresolved,,,,False,0.0,False,,,0,0,0.0,no_candidate,
Ranbaxy Laboratories Ltd.,SUNPHARMA,INE044A01036,1998-08-01,2014-11-28,agent_memory,low,proposed,Sun Pharmaceutical Industries Limited,EQ,08-FEB-1995,True,0.5,False,2015-01-01,2026-08-31,1757,0,0.0,first_token_mismatch;name_mismatch;concurrent_alias_collision;unsourced,agent_memory_unsourced
Rane Brake Linings Ltd. -old,SUNDRMBRAK,INE073D01013,2004-04-16,2008-02-15,token_match,low,proposed,Sundaram Brake Linings Limited,BE,17-JUL-1996,True,0.4,False,,,106,0,0.0,first_token_mismatch;name_mismatch;concurrent_alias_collision;predecessor_marker,EQUITY_L_token_match
Rane Engine Valves Ltd. -old,,,2004-03-22,2008-02-15,unresolved,low,unresolved,,,,False,0.0,False,,,0,0,0.0,no_candidate,
Rashtriya Chemicals & Fertilizers Ltd.,RCF,INE027A01015,1998-08-01,2019-09-27,equity_l_exact,high,proposed,Rashtriya Chemicals and Fertilizers Limited,EQ,07-JAN-1998,True,1.0,True,2015-01-01,2026-08-31,3177,1398,44.0,,EQUITY_L
Rasoya Proteins Ltd.,,,2013-09-27,2015-09-28,unresolved,low,unresolved,,,,False,0.0,False,,,0,0,0.0,no_candidate,
Ratnamani Metals & Tubes Ltd.,RATNAMANI,INE703B01027,2014-09-19,2019-09-27,equity_l_exact,high,auto,Ratnamani Metals & Tubes Limited,EQ,09-MAY-2006,True,1.0,True,2015-01-01,2026-08-31,739,674,91.2,,EQUITY_L
RattanIndia Power Ltd.,RTNPOWER,INE399K01017,2010-04-08,2018-09-28,equity_l_exact,high,proposed,RattanIndia Power Limited,EQ,30-OCT-2009,True,1.0,True,2015-01-01,2026-08-31,1473,617,41.89,,EQUITY_L
Ravalgaon Sugar Farm Ltd.,,,1998-08-01,1999-02-03,unresolved,low,unresolved,,,,False,0.0,False,,,0,0,0.0,no_candidate,
Rayban Sun Optics India Ltd.,,,1999-02-03,2003-04-01,unresolved,low,unresolved,,,,False,0.0,False,,,0,0,0.0,no_candidate,
Raymond Ltd.,RAYMOND,INE301A01014,1998-08-01,2019-12-27,equity_l_exact,high,proposed,Raymond Limited,EQ,18-OCT-1995,True,1.0,True,,,3177,0,0.0,first_token_mismatch,EQUITY_L
Reckitt & Colman India Ltd.,,,1999-05-26,1999-05-26,unresolved,low,unresolved,,,,False,0.0,False,,,0,0,0.0,no_candidate,
Reckitt Benckiser (India) Ltd,,,1998-08-01,2003-03-27,unresolved,low,unresolved,,,,False,0.0,False,,,0,0,0.0,no_candidate,
Recron Synthetics Ltd.,,,1998-08-01,2001-04-25,unresolved,low,unresolved,,,,False,0.0,False,,,0,0,0.0,no_candidate,
Redington (India) Ltd.,REDINGTON,INE891D01026,2009-10-22,2016-09-30,token_match,high,proposed,Redington Limited,EQ,15-FEB-2007,True,1.0,True,2015-01-01,2026-08-31,2667,1398,52.42,first_token_mismatch;name_mismatch,EQUITY_L_token_match
Regency Ceramics Ltd.,REGENCERAM,INE277C01012,2003-09-11,2006-03-02,equity_l_exact,high,proposed,Regency Ceramics Limited,EQ,05-JUN-1996,True,1.0,True,,,0,0,0.0,,EQUITY_L
Rei Agro Ltd.,,,2008-09-10,2015-03-27,unresolved,low,unresolved,,,,False,0.0,False,,,0,0,0.0,no_candidate,
Relaxo Footwears Ltd.,RELAXO,INE131B01039,2016-04-01,2020-06-26,equity_l_exact,high,auto,Relaxo Footwears Limited,EQ,17-JUN-2011,True,1.0,True,2015-01-01,2026-08-31,431,431,100.0,,EQUITY_L
Reliance Capital Ltd.,RELCAPITAL,INE013A01015,1998-08-01,2020-06-26,agent_memory,low,proposed,,,,False,0.5,False,,,3121,0,0.0,first_token_mismatch;name_mismatch;isin_unverified;unsourced,agent_memory_unsourced
Reliance Communications Ltd.,RCOM,INE330H01018,2006-06-06,2019-09-27,equity_l_exact,high,proposed,Reliance Communications Limited,BE,06-MAR-2006,True,1.0,True,,,2940,0,0.0,,EQUITY_L
Reliance Defence and Engineering Ltd.,,,2016-04-01,2016-09-30,unresolved,low,unresolved,,,,False,0.0,False,,,0,0,0.0,no_candidate,
Reliance Home Finance Ltd.,RHFL,INE217K01011,2018-04-02,2019-09-27,equity_l_exact,high,proposed,Reliance Home Finance Limited,BZ,22-SEP-2017,True,1.0,True,,,366,0,0.0,,EQUITY_L
Reliance Industrial Infrastructure Ltd.,RIIL,INE046A01015,1998-08-01,2017-09-29,equity_l_exact,high,proposed,Reliance Industrial Infrastructure Limited,EQ,29-NOV-1995,True,1.0,True,,,2453,0,0.0,,EQUITY_L
Reliance Industries Ltd.,RELIANCE,INE002A01018,1998-08-01,2020-06-26,equity_l_exact,high,proposed,Reliance Industries Limited,EQ,29-NOV-1995,True,1.0,True,2015-01-01,2026-08-31,3177,1398,44.0,,EQUITY_L
Reliance Infrastructure Ltd.,RELINFRA,INE036A01016,1998-08-01,2020-06-26,equity_l_exact,high,proposed,Reliance Infrastructure Limited,BE,08-FEB-1995,True,1.0,True,,,3121,0,0.0,,EQUITY_L
Reliance MediaWorks Ltd.,,,2002-03-29,2012-09-28,unresolved,low,unresolved,,,,False,0.0,False,,,0,0,0.0,no_candidate,
Reliance Natural Resources Ltd.,GNRL,INE207H01018,2006-06-01,2010-11-10,token_match,medium,proposed,Gujarat Natural Resources Limited,EQ,20-APR-2026,True,0.5,False,,,773,0,0.0,first_token_mismatch;name_mismatch;listing_after_first_seen,EQUITY_L_token_match
Reliance Naval and Engineering Ltd.,,,2010-04-08,2019-03-29,unresolved,low,unresolved,,,,False,0.0,False,,,0,0,0.0,no_candidate,
Reliance Nippon Life Asset Management Ltd.,NAM-INDIA,INE298J01013,2018-09-28,2019-12-27,token_match,high,proposed,Nippon Life India Asset Management Limited,EQ,06-NOV-2017,True,0.8,False,2017-11-06,2026-08-31,479,479,100.0,first_token_mismatch;name_mismatch,EQUITY_L_token_match
Reliance Petroleum Ltd.,,,2002-10-10,2009-06-17,unresolved,low,unresolved,,,,False,0.0,False,,,0,0,0.0,no_candidate,
Reliance Petroleum Ltd.- Merge,,,2000-05-24,2002-09-19,unresolved,low,unresolved,,,,False,0.0,False,,,0,0,0.0,no_candidate,
Reliance Power Ltd.,RPOWER,INE614G01033,2008-09-10,2020-06-26,equity_l_exact,high,proposed,Reliance Power Limited,EQ,11-FEB-2008,True,1.0,True,2015-01-01,2026-08-31,2877,1342,46.65,,EQUITY_L
Religare Enterprises Ltd.,RELIGARE,INE621H01010,2008-12-03,2018-09-28,equity_l_exact,high,proposed,Religare Enterprises Limited,EQ,21-NOV-2007,True,1.0,True,2015-01-01,2026-08-31,2401,920,38.32,,EQUITY_L
Repco Home Finance Ltd.,REPCOHOME,INE612J01015,2014-09-19,2019-03-29,equity_l_exact,high,proposed,Repco Home Finance Limited,EQ,01-APR-2013,True,1.0,True,,,1463,0,0.0,,EQUITY_L
Responsive Industries Ltd.,RESPONIND,INE688D01026,2019-12-26,2020-06-26,equity_l_exact,high,proposed,Responsive Industries Limited,EQ,29-OCT-2010,True,1.0,True,,,124,0,0.0,,EQUITY_L
Rhone-Poulenc (India) Ltd.,,,1998-08-01,2002-01-17,unresolved,low,unresolved,,,,False,0.0,False,,,0,0,0.0,no_candidate,
Rico Auto Industries Ltd.,RICOAUTO,INE209B01025,1998-08-01,2016-04-01,equity_l_exact,high,proposed,Rico Auto Industries Limited,EQ,12-MAY-2003,True,1.0,True,,,2084,0,0.0,listing_after_first_seen,EQUITY_L
Rolta India Ltd.,,,1998-08-01,2017-09-29,unresolved,low,unresolved,,,,False,0.0,False,,,0,0,0.0,no_candidate,
Roofit Industries Ltd.,,,2000-11-29,2003-03-17,unresolved,low,unresolved,,,,False,0.0,False,,,0,0,0.0,no_candidate,
Royal Cushion Vinyl Products Ltd.,,,1998-08-01,2000-02-16,unresolved,low,unresolved,,,,False,0.0,False,,,0,0,0.0,no_candidate,
Ruchi Soya Industries Ltd.,,,1998-08-01,2017-09-29,unresolved,low,unresolved,,,,False,0.0,False,,,0,0,0.0,no_candidate,
Rupa & Company Ltd.,RUPA,INE895B01021,2017-09-29,2019-09-27,equity_l_exact,high,proposed,Rupa & Company Limited,EQ,07-DEC-2011,True,1.0,True,,,488,0,0.0,,EQUITY_L
Rural Electrification Corporation Ltd.,,,2008-09-10,2018-09-28,unresolved,low,unresolved,,,,False,0.0,False,,,0,0,0.0,no_candidate,
S H Kelkar and Company Ltd.,SHK,INE500L01026,2016-04-29,2020-06-26,equity_l_exact,high,proposed,S H Kelkar and Company Limited,EQ,16-NOV-2015,True,1.0,True,,,1021,0,0.0,,EQUITY_L
S. Kumars Nationwide Ltd.,,,2002-09-19,2014-09-19,unresolved,low,unresolved,,,,False,0.0,False,,,0,0,0.0,no_candidate,
S.B.& T. International Ltd.,,,2002-09-19,2007-09-24,unresolved,low,unresolved,,,,False,0.0,False,,,0,0,0.0,no_candidate,
S.E. Investments Ltd.,,,2011-10-04,2016-04-01,unresolved,low,unresolved,,,,False,0.0,False,,,0,0,0.0,no_candidate,
SBI Cards and Payment Services Ltd.,SBICARD,INE018E01016,2020-07-31,2020-07-31,equity_l_exact,high,auto,SBI Cards and Payment Services Limited,EQ,16-MAR-2020,True,1.0,True,2020-03-16,2026-08-31,32,32,100.0,,EQUITY_L
SBI Life Insurance Company Ltd.,SBILIFE,INE123W01016,2018-04-02,2019-09-27,equity_l_exact,high,auto,SBI Life Insurance Company Limited,EQ,03-OCT-2017,True,1.0,True,2017-10-03,2026-08-31,603,603,100.0,,EQUITY_L
SCICI Ltd.,,,1997-05-14,1997-05-14,unresolved,low,unresolved,,,,False,0.0,False,,,0,0,0.0,no_candidate,
SEAMEC Ltd.,SEAMECLTD,INE497B01018,2000-12-13,2011-10-10,equity_l_exact,high,proposed,Seamec Limited,EQ,28-JUN-1995,True,1.0,True,,,998,0,0.0,first_token_mismatch,EQUITY_L
SIV Industries Ltd.,,,1998-08-01,2002-04-23,unresolved,low,unresolved,,,,False,0.0,False,,,0,0,0.0,no_candidate,
SJVN Ltd.,SJVN,INE002L01015,2010-10-01,2018-10-26,equity_l_exact,high,proposed,SJVN Limited,EQ,20-MAY-2010,True,1.0,True,2015-01-01,2026-08-31,2432,1398,57.48,first_token_mismatch,EQUITY_L
SKF India Ltd.,SKFINDIA,INE640A01023,1998-08-01,2018-09-28,equity_l_exact,high,proposed,SKF India Limited,EQ,27-JAN-1999,True,1.0,True,2015-01-01,2026-08-31,3177,1398,44.0,listing_after_first_seen,EQUITY_L
SKS Microfinance Ltd.,,,2011-10-10,2016-04-01,unresolved,low,unresolved,,,,False,0.0,False,,,0,0,0.0,no_candidate,
SML Isuzu Ltd.,,,2004-01-02,2018-09-28,unresolved,low,unresolved,,,,False,0.0,False,,,0,0,0.0,no_candidate,
SOL Pharmaceuticals Ltd.,,,1998-08-01,1999-12-08,unresolved,low,unresolved,,,,False,0.0,False,,,0,0,0.0,no_candidate,
SPIC Ltd.,,,2002-10-28,2002-10-28,unresolved,low,unresolved,,,,False,0.0,False,,,0,0,0.0,no_candidate,
SREI Infrastructure Finance Ltd.,,,2002-09-19,2019-09-27,unresolved,low,unresolved,,,,False,0.0,False,,,0,0,0.0,no_candidate,
SRF Ltd.,SRF,INE647A01010,1998-08-01,2020-06-26,equity_l_exact,high,proposed,SRF Limited,EQ,18-AUG-2003,True,1.0,True,2015-01-01,2026-08-31,3177,1398,44.0,first_token_mismatch;listing_after_first_seen,EQUITY_L
Sadbhav Engineering Ltd,SADBHAV,INE226H01026,2011-03-25,2016-01-18,equity_l_exact,high,proposed,Sadbhav Engineering Limited,EQ,01-MAR-2006,True,1.0,True,,,2312,0,0.0,concurrent_alias_collision,EQUITY_L
Sadbhav Engineering Ltd.,SADBHAV,INE226H01026,2015-09-28,2017-03-31,equity_l_exact,high,proposed,Sadbhav Engineering Limited,EQ,01-MAR-2006,True,1.0,True,,,369,0,0.0,concurrent_alias_collision,EQUITY_L
Sadbhav Infrastructure Project Ltd.,SADBHIN,INE764L01010,2016-04-01,2019-03-29,equity_l_exact,high,proposed,Sadbhav Infrastructure Project Limited,EQ,16-SEP-2015,True,1.0,True,,,736,0,0.0,,EQUITY_L
Sakthi Sugars Ltd.,SAKHTISUG,INE623A01011,1998-08-01,2011-10-10,equity_l_exact,high,proposed,Sakthi Sugars Limited,EQ,06-SEP-1995,True,1.0,True,,,998,0,0.0,,EQUITY_L
Salora International Ltd.,,,2000-09-03,2009-03-27,unresolved,low,unresolved,,,,False,0.0,False,,,0,0,0.0,no_candidate,
Samtel Color Ltd.,,,1998-08-01,2009-03-27,unresolved,low,unresolved,,,,False,0.0,False,,,0,0,0.0,no_candidate,
Sandesh Ltd.,SANDESH,INE583B01015,2000-12-13,2009-03-27,token_match,medium,proposed,The Sandesh Limited,EQ,26-NOV-2002,True,0.5,True,,,373,0,0.0,first_token_mismatch;name_mismatch;listing_after_first_seen,EQUITY_L_token_match
Sandvik Asia Ltd. - Delisted,,,1998-08-01,2002-08-20,unresolved,low,unresolved,,,,False,0.0,False,,,0,0,0.0,no_candidate,
Sanghi Polysters Ltd.,,,1998-08-01,2001-04-25,unresolved,low,unresolved,,,,False,0.0,False,,,0,0,0.0,no_candidate,
Sanofi India Ltd.,SANOFI,INE058A01010,1998-08-01,2019-09-27,equity_l_exact,high,proposed,Sanofi India Limited,EQ,19-MAY-2003,True,1.0,True,,,3177,0,0.0,listing_after_first_seen,EQUITY_L
Saregama India Ltd,SAREGAMA,INE979A01025,2000-05-10,2020-06-26,equity_l_exact,high,proposed,Saregama India Limited,EQ,30-JUL-1997,True,1.0,True,2015-01-01,2026-08-31,1048,182,17.37,,EQUITY_L
Satyam Computer Services Ltd.,TECHM,INE669C01036,1998-08-01,2009-01-12,agent_memory,low,proposed,Tech Mahindra Limited,EQ,28-AUG-2006,True,0.5,False,2015-01-01,2026-08-31,323,0,0.0,first_token_mismatch;name_mismatch;listing_after_first_seen;concurrent_alias_collision;unsourced,agent_memory_unsourced
Saurashtra Cement Ltd.,SAURASHCEM,INE626A01014,1998-08-01,2001-12-07,equity_l_exact,high,proposed,Saurashtra Cement Limited,EQ,27-FEB-2024,True,1.0,True,,,0,0,0.0,listing_after_first_seen,EQUITY_L
Schaeffler India Ltd.,SCHAEFFLER,INE513A01022,2014-09-19,2019-12-27,equity_l_exact,high,auto,Schaeffler India Limited,EQ,29-NOV-2000,True,1.0,True,2015-01-01,2026-08-31,1226,1161,94.7,,EQUITY_L
Schenectady Beck India Ltd.,,,1998-08-01,2002-04-23,unresolved,low,unresolved,,,,False,0.0,False,,,0,0,0.0,no_candidate,
Schneider Electric Infrastructure Ltd.,SCHNEIDER,INE839M01018,2016-01-18,2020-06-26,equity_l_exact,high,auto,Schneider Electric Infrastructure Limited,EQ,20-MAR-2012,True,1.0,True,2015-01-01,2026-08-31,542,542,100.0,,EQUITY_L
Search Chem. Industries Ltd. - Sus,,,2003-04-07,2003-12-05,unresolved,low,unresolved,,,,False,0.0,False,,,0,0,0.0,no_candidate,
Security and Intelligence Services (India) Ltd.,,,2018-04-02,2018-04-02,unresolved,low,unresolved,,,,False,0.0,False,,,0,0,0.0,no_candidate,
Sequent Scientific Ltd.,,,2016-09-30,2020-06-26,unresolved,low,unresolved,,,,False,0.0,False,,,0,0,0.0,no_candidate,
Sesa Goa Limited,,,2010-10-01,2010-10-01,unresolved,low,unresolved,,,,False,0.0,False,,,0,0,0.0,no_candidate,
Sesa Goa Ltd.,,,1998-08-01,2010-10-01,unresolved,low,unresolved,,,,False,0.0,False,,,0,0,0.0,no_candidate,
Sesa Sterlite Ltd.,,,1998-08-01,2014-03-28,unresolved,low,unresolved,,,,False,0.0,False,,,0,0,0.0,no_candidate,
Seshasayee Paper & Boards Ltd.,SESHAPAPER,INE630A01024,1998-08-01,2009-10-22,equity_l_exact,high,proposed,Seshasayee Paper and Boards Limited,EQ,29-MAR-1995,True,1.0,True,,,511,0,0.0,,EQUITY_L
Shankara Building Products Ltd.,SHANKARA,INE274V01019,2018-04-02,2019-09-27,equity_l_exact,high,proposed,Shankara Building Products Limited,EQ,05-APR-2017,True,1.0,True,,,366,0,0.0,,EQUITY_L
Shanthi Gears Ltd.,SHANTIGEAR,INE631A01022,2002-07-09,2016-04-01,equity_l_exact,high,proposed,Shanthi Gears Limited,EQ,17-JAN-1996,True,1.0,True,,,2084,0,0.0,,EQUITY_L
Sharda Cropchem Ltd.,SHARDACROP,INE221J01015,2016-04-01,2019-09-27,equity_l_exact,high,auto,Sharda Cropchem Limited,EQ,23-SEP-2014,True,1.0,True,2015-01-01,2026-08-31,857,857,100.0,,EQUITY_L
Shasun Pharmaceuticals Ltd.,,,2000-02-16,2015-03-27,unresolved,low,unresolved,,,,False,0.0,False,,,0,0,0.0,no_candidate,
Shaw Wallace & Co. Ltd.-Sus,,,1998-08-01,2000-05-24,unresolved,low,unresolved,,,,False,0.0,False,,,0,0,0.0,no_candidate,
Sheela Foam Ltd.,SFL,INE916U01025,2017-06-23,2018-12-28,equity_l_exact,high,auto,Sheela Foam Limited,EQ,09-DEC-2016,True,1.0,True,2016-12-12,2026-08-31,314,314,100.0,,EQUITY_L
Shilpa Medicare Ltd.,SHILPAMED,INE790G01031,2016-04-01,2020-06-26,equity_l_exact,high,auto,Shilpa Medicare Limited,EQ,03-DEC-2009,True,1.0,True,2015-01-01,2026-08-31,1038,1038,100.0,,EQUITY_L
Shilpi Cable Tech Ltd.,,,2017-03-31,2017-11-13,unresolved,low,unresolved,,,,False,0.0,False,,,0,0,0.0,no_candidate,
Shipping Corporation of India Ltd.,SCI,INE109A01011,1998-08-01,2020-06-26,equity_l_exact,high,proposed,Shipping Corporation Of India Limited,EQ,13-AUG-1997,True,1.0,True,2015-01-01,2026-08-31,2940,1161,39.49,,EQUITY_L
Shirpur Gold Refinery Ltd.,,,2002-09-19,2005-04-20,unresolved,low,unresolved,,,,False,0.0,False,,,0,0,0.0,no_candidate,
Shoppers Stop Ltd.,SHOPERSTOP,INE498B01024,2005-09-26,2017-09-29,equity_l_exact,high,proposed,Shoppers Stop Limited,EQ,23-MAY-2005,True,1.0,True,,,2329,0,0.0,,EQUITY_L
Shree Ashtavinayak Cine Vision Ltd.,,,2011-01-20,2014-03-28,unresolved,low,unresolved,,,,False,0.0,False,,,0,0,0.0,no_candidate,
Shree Cement Ltd.,SHREECEM,INE070A01015,1998-08-01,2020-03-19,equity_l_exact,high,proposed,SHREE CEMENT LIMITED,EQ,26-APR-1995,True,1.0,True,2015-01-01,2026-08-31,3177,1398,44.0,,EQUITY_L
Shree Precoated Steels Ltd.,,,2007-01-24,2009-05-11,unresolved,low,unresolved,,,,False,0.0,False,,,0,0,0.0,no_candidate,
Shree Rama Multi Tech Ltd.,SHREERAMA,INE879A01019,2001-08-31,2006-03-02,equity_l_exact,high,proposed,Shree Rama Multi-Tech Limited,EQ,13-MAR-2000,True,1.0,True,,,0,0,0.0,,EQUITY_L
Shree Rama Newsprint Ltd.,RAMANEWS,INE278B01020,2004-12-10,2006-08-02,equity_l_exact,high,proposed,Shree Rama Newsprint Limited,EQ,20-SEP-2006,True,1.0,True,,,0,0,0.0,listing_after_first_seen,EQUITY_L
Shree Renuka Sugars Ltd.,RENUKA,INE087H01022,2006-03-02,2017-03-31,equity_l_exact,high,proposed,Shree Renuka Sugars Limited,EQ,31-OCT-2005,True,1.0,True,2015-01-01,2026-08-31,3177,1398,44.0,,EQUITY_L
Shrenuj & Co. Ltd.,,,1998-08-01,2016-04-01,unresolved,low,unresolved,,,,False,0.0,False,,,0,0,0.0,no_candidate,
Shri Lakshmi Cotsyn Ltd.,,,2012-09-28,2013-04-01,unresolved,low,unresolved,,,,False,0.0,False,,,0,0,0.0,no_candidate,
Shriram City Union Finance Ltd.,SHRIRAMFIN,INE721A01047,2012-09-28,2014-04-15,token_match,medium,proposed,Shriram Finance Limited,EQ,11-DEC-1996,True,0.5,True,2015-01-01,2026-08-31,1945,1398,71.88,first_token_mismatch;name_mismatch;concurrent_alias_collision,EQUITY_L_token_match
Shriram Investments Ltd.-Merged,,,2005-03-15,2005-12-14,unresolved,low,unresolved,,,,False,0.0,False,,,0,0,0.0,no_candidate,
Shriram Transport Finance Co. Ltd.,SHRIRAMFIN,INE721A01047,2003-09-05,2020-06-26,token_match,medium,proposed,Shriram Finance Limited,EQ,11-DEC-1996,True,0.6667,True,2015-01-01,2026-08-31,3177,1398,44.0,first_token_mismatch;name_mismatch;concurrent_alias_collision,EQUITY_L_token_match
Shyam Telecom Ltd.,SHYAMTEL,INE635A01023,2000-09-03,2006-07-25,equity_l_exact,high,proposed,Shyam Telecom Limited,EQ,06-NOV-2006,True,1.0,True,,,0,0,0.0,listing_after_first_seen,EQUITY_L
Siemens Ltd.,SIEMENS,INE003A01024,1998-08-01,2020-06-26,equity_l_exact,high,proposed,Siemens Limited,EQ,06-SEP-1995,True,1.0,True,2015-01-01,2026-08-31,3177,1398,44.0,first_token_mismatch,EQUITY_L
Siltap Chemicals Ltd.- Merged,,,2002-09-19,2003-10-01,unresolved,low,unresolved,,,,False,0.0,False,,,0,0,0.0,no_candidate,
Silverline Technologies Ltd,,,2003-04-07,2003-04-07,unresolved,low,unresolved,,,,False,0.0,False,,,0,0,0.0,no_candidate,
Silverline Technologies Ltd. -Sus,,,1999-08-04,2003-04-07,unresolved,low,unresolved,,,,False,0.0,False,,,0,0,0.0,no_candidate,
Simplex Infrastructures Ltd.,SIMPLEXINF,INE059B01024,2006-03-02,2017-03-31,equity_l_exact,high,proposed,Simplex Infrastructures Limited,EQ,09-MAR-2004,True,1.0,True,,,2329,0,0.0,,EQUITY_L
Sintex Industries Ltd.,,,2002-09-19,2017-04-17,unresolved,low,unresolved,,,,False,0.0,False,,,0,0,0.0,no_candidate,
Sintex Plastics Technology Ltd.,,,2018-04-02,2019-09-27,unresolved,low,unresolved,,,,False,0.0,False,,,0,0,0.0,no_candidate,
Sirpur Paper Mills Ltd.,BALKRISHNA,INE875R01011,2002-09-19,2010-04-08,token_match,medium,proposed,Balkrishna Paper Mills Limited,EQ,28-JUL-2015,True,0.5,False,,,622,0,0.0,first_token_mismatch;name_mismatch;listing_after_first_seen,EQUITY_L_token_match
Siti Cable Network Ltd.,,,2008-02-15,2015-09-28,unresolved,low,unresolved,,,,False,0.0,False,,,0,0,0.0,no_candidate,
Siti Networks Ltd.,SITINET,INE965H01011,2017-03-31,2017-03-31,equity_l_exact,high,proposed,Siti Networks Limited,BZ,10-JAN-2007,True,1.0,True,,,1,0,0.0,,EQUITY_L
Smartlink Network Systems Ltd.,,,2002-04-23,2010-04-08,unresolved,low,unresolved,,,,False,0.0,False,,,0,0,0.0,no_candidate,
Smithkline Beecham Consumer Healthcare Ltd.,SANOFICONR,INE0UOS01011,1998-10-07,1998-10-07,token_match,low,proposed,Sanofi Consumer Healthcare India Limited,EQ,13-SEP-2024,True,0.4,False,2024-09-13,2026-08-31,3146,0,0.0,first_token_mismatch;name_mismatch;listing_after_first_seen;concurrent_alias_collision,EQUITY_L_token_match
Smithkline Beecham Pharmaceuticals (I) Ltd.-Merged,,,1998-08-01,2001-12-07,unresolved,low,unresolved,,,,False,0.0,False,,,0,0,0.0,no_candidate,
Smithkline Beecham Pharmaceuticals Ltd.,,,2001-10-30,2001-10-30,unresolved,low,unresolved,,,,False,0.0,False,,,0,0,0.0,no_candidate,
Snowcem India Ltd.,,,1998-08-01,2004-12-10,unresolved,low,unresolved,,,,False,0.0,False,,,0,0,0.0,no_candidate,
Snowman Logistics Ltd.,SNOWMAN,INE734N01019,2016-04-01,2018-04-02,equity_l_exact,high,proposed,Snowman Logistics Limited,EQ,12-SEP-2014,True,1.0,True,,,492,0,0.0,,EQUITY_L
Sobha Developers Ltd.,SOBHA,INE671H01015,2007-01-22,2013-09-27,token_match,medium,proposed,Sobha Limited,EQ,20-DEC-2006,True,0.5,True,2015-01-01,2026-08-31,3177,1398,44.0,first_token_mismatch;name_mismatch;concurrent_alias_collision,EQUITY_L_token_match
Sobha Ltd.,SOBHA,INE671H01015,2007-04-04,2020-06-26,equity_l_exact,high,proposed,Sobha Limited,EQ,20-DEC-2006,True,1.0,True,2015-01-01,2026-08-31,2144,365,17.02,first_token_mismatch;concurrent_alias_collision,EQUITY_L
Solar Industries India Ltd.,SOLARINDS,INE343H01029,2015-03-27,2016-04-01,equity_l_exact,high,auto,Solar Industries India Limited,EQ,03-APR-2006,True,1.0,True,2015-01-01,2026-08-31,1341,1341,100.0,,EQUITY_L
Somany Ceramics Ltd.,SOMANYCERA,INE355A01028,2016-04-01,2018-04-02,equity_l_exact,high,proposed,Somany Ceramics Limited,EQ,22-NOV-1995,True,1.0,True,,,492,0,0.0,,EQUITY_L
Sona Koyo Steering Systems Ltd.,,,1998-08-01,2016-04-01,unresolved,low,unresolved,,,,False,0.0,False,,,0,0,0.0,no_candidate,
Sonata Software Ltd.,SONATSOFTW,INE269A01021,2000-09-03,2020-06-26,equity_l_exact,high,proposed,Sonata Software Limited,EQ,28-JUL-1999,True,1.0,True,2015-01-01,2026-08-31,3177,1398,44.0,,EQUITY_L
Soundcraft Industries Ltd.,,,2001-12-07,2002-09-19,unresolved,low,unresolved,,,,False,0.0,False,,,0,0,0.0,no_candidate,
South Indian Bank Ltd.,SOUTHBANK,INE683A01023,2002-03-29,2020-06-26,token_match,high,proposed,The South Indian Bank Limited,EQ,08-DEC-1998,True,0.75,True,2015-01-01,2026-08-31,3177,1398,44.0,name_mismatch,EQUITY_L_token_match
Southern Petrochemicals Industries Corporation Ltd.,SPIC,INE147A01011,1998-08-01,2004-12-10,equity_l_exact,high,proposed,Southern Petrochemicals Industries Corporation  Limited,EQ,10-JAN-1996,True,1.0,True,,,0,0,0.0,,EQUITY_L
Spandana Sphoorty Financial Ltd.,SPANDANA,INE572J01011,2019-12-27,2019-12-27,equity_l_exact,high,proposed,Spandana Sphoorty Financial Limited,EQ,19-AUG-2019,True,1.0,True,,,179,0,0.0,,EQUITY_L
Spectacle Infotek Ltd.,,,2012-04-27,2012-04-27,unresolved,low,unresolved,,,,False,0.0,False,,,0,0,0.0,no_candidate,
Spice Communications Ltd,,,2009-03-27,2009-10-22,unresolved,low,unresolved,,,,False,0.0,False,,,0,0,0.0,no_candidate,
Spicejet Ltd.,,,2019-12-27,2020-06-26,unresolved,low,unresolved,,,,False,0.0,False,,,0,0,0.0,no_candidate,
Sree Rayalaseema Alkalies & Allied Chemicals Ltd.,GUJALKALI,INE186A01019,1998-08-01,2001-04-25,token_match,low,proposed,Gujarat Alkalies and Chemicals Limited,EQ,07-AUG-1997,True,0.4286,False,,,0,0,0.0,first_token_mismatch;name_mismatch;concurrent_alias_collision,EQUITY_L_token_match
Sri Adhikari Brothers Television Network Ltd.,,,2000-05-24,2007-10-25,unresolved,low,unresolved,,,,False,0.0,False,,,0,0,0.0,no_candidate,
Sri Vishnu Cement Ltd.- Merged,,,1999-05-26,2001-08-31,unresolved,low,unresolved,,,,False,0.0,False,,,0,0,0.0,no_candidate,
Srikalahasthi Pipes Ltd.,,,2015-09-28,2016-04-01,unresolved,low,unresolved,,,,False,0.0,False,,,0,0,0.0,no_candidate,
Standard Industries Ltd.- Delisted,SIL,INE173A01025,1998-08-01,2003-11-19,token_match,medium,proposed,Standard Industries Limited,EQ,27-JAN-2004,True,0.6667,True,,,0,0,0.0,name_mismatch;listing_after_first_seen;predecessor_marker,EQUITY_L_token_match
Star Cement Ltd.,STARCEMENT,INE460H01021,2017-11-20,2017-11-20,equity_l_exact,high,auto,Star Cement Limited,EQ,16-JUN-2017,True,1.0,True,2017-06-19,2026-08-31,691,691,100.0,,EQUITY_L
Star Ferro & Cement Ltd.,STARCEMENT,INE460H01021,2016-09-30,2017-01-23,token_match,medium,proposed,Star Cement Limited,EQ,16-JUN-2017,True,0.5,True,2017-06-19,2026-08-31,78,0,0.0,first_token_mismatch;name_mismatch;listing_after_first_seen,EQUITY_L_token_match
State Bank of Bikaner & Jaipur Ltd.,SBIN,INE062A01020,2011-10-10,2017-03-16,token_match,medium,proposed,State Bank of India,EQ,01-MAR-1995,True,0.5,True,2015-01-01,2026-08-31,1321,539,40.8,name_mismatch;concurrent_alias_collision,EQUITY_L_token_match
State Bank of India,SBIN,INE062A01020,1998-08-01,2019-09-27,equity_l_exact,high,proposed,State Bank of India,EQ,01-MAR-1995,True,1.0,True,2015-01-01,2026-08-31,3177,1398,44.0,concurrent_alias_collision,EQUITY_L
State Bank of Mysore,SBIN,INE062A01020,2011-03-25,2017-03-16,token_match,high,proposed,State Bank of India,EQ,01-MAR-1995,True,0.75,True,2015-01-01,2026-08-31,481,113,23.49,name_mismatch;concurrent_alias_collision,EQUITY_L_token_match
State Bank of Travancore,SBIN,INE062A01020,2011-03-25,2017-03-16,token_match,high,proposed,State Bank of India,EQ,01-MAR-1995,True,0.75,True,2015-01-01,2026-08-31,1453,539,37.1,name_mismatch;concurrent_alias_collision,EQUITY_L_token_match
State Trading Corporation of India Ltd.,STCINDIA,INE655A01013,2003-12-05,2017-09-29,token_match,high,proposed,The State Trading Corporation of India Limited,EQ,01-APR-2003,True,0.75,True,,,2453,0,0.0,name_mismatch,EQUITY_L_token_match
Steel Authority of India Ltd,SAIL,INE114A01011,2003-08-04,2003-08-04,equity_l_exact,high,proposed,Steel Authority of India Limited,EQ,06-JUL-1995,True,1.0,True,2015-01-01,2026-08-31,0,0,0.0,concurrent_alias_collision,EQUITY_L
Steel Authority of India Ltd.,SAIL,INE114A01011,1998-08-01,2020-06-26,equity_l_exact,high,proposed,Steel Authority of India Limited,EQ,06-JUL-1995,True,1.0,True,2015-01-01,2026-08-31,3177,1398,44.0,concurrent_alias_collision,EQUITY_L
Sterling And Wilson Solar Ltd.,SWSOLAR,INE00M201021,2020-03-19,2020-03-19,token_match,medium,proposed,Sterling and Wilson Renewable Energy Limited,EQ,20-AUG-2019,True,0.5,True,2019-08-20,2026-08-31,122,122,100.0,name_mismatch,EQUITY_L_token_match
Sterling Biotech Limited,,,2011-05-27,2011-05-27,unresolved,low,unresolved,,,,False,0.0,False,,,0,0,0.0,no_candidate,
Sterling Biotech Ltd,,,2001-12-07,2013-04-01,unresolved,low,unresolved,,,,False,0.0,False,,,0,0,0.0,no_candidate,
Sterling Holiday Resorts (India) Ltd.-Delisted,,,1998-08-01,1999-09-08,unresolved,low,unresolved,,,,False,0.0,False,,,0,0,0.0,no_candidate,
Sterlite Industries (India) Ltd,,,2000-09-20,2000-09-20,unresolved,low,unresolved,,,,False,0.0,False,,,0,0,0.0,no_candidate,
Sterlite Industries (India) Ltd (Erstwhile),,,1998-08-01,2000-09-20,unresolved,low,unresolved,,,,False,0.0,False,,,0,0,0.0,no_candidate,
Sterlite Industries (India) Ltd.,,,2004-12-10,2013-04-01,unresolved,low,unresolved,,,,False,0.0,False,,,0,0,0.0,no_candidate,
Sterlite Industries (India) Ltd. -Sus,,,2001-04-25,2002-05-14,unresolved,low,unresolved,,,,False,0.0,False,,,0,0,0.0,no_candidate,
Sterlite Technologies Ltd.,STLTECH,INE089C01029,2001-12-07,2020-06-26,equity_l_exact,high,proposed,Sterlite Technologies Limited,BE,08-DEC-2000,True,1.0,True,2015-01-01,2026-08-31,3121,1342,43.0,,EQUITY_L
Strides Arcolab Ltd.,,,2004-12-10,2015-03-27,unresolved,low,unresolved,,,,False,0.0,False,,,0,0,0.0,no_candidate,
Strides Pharma Science Ltd.,STAR,INE939A01011,2018-09-28,2020-06-26,equity_l_exact,high,auto,Strides Pharma Science Limited,EQ,02-FEB-2000,True,1.0,True,2015-01-01,2026-08-31,479,479,100.0,,EQUITY_L
Strides Shasun Ltd.,,,2006-03-02,2018-02-05,unresolved,low,unresolved,,,,False,0.0,False,,,0,0,0.0,no_candidate,
Styrolution ABS (India) Ltd.,,,1998-08-01,2016-04-01,unresolved,low,unresolved,,,,False,0.0,False,,,0,0,0.0,no_candidate,
Subex Ltd.,SUBEXLTD,INE754A01055,2007-03-29,2008-09-10,equity_l_exact,high,proposed,Subex Limited,EQ,05-NOV-2020,True,1.0,True,,,245,0,0.0,first_token_mismatch;listing_after_first_seen,EQUITY_L
Subros Ltd.,SUBROS,INE287B01021,1999-05-26,2002-04-23,equity_l_exact,high,proposed,Subros Limited,EQ,13-JUL-2005,True,1.0,True,2015-01-01,2026-08-31,0,0,0.0,first_token_mismatch;listing_after_first_seen,EQUITY_L
Sudarshan Chemical Industries Ltd.,SUDARSCHEM,INE659A01023,1998-08-01,2017-03-31,equity_l_exact,high,proposed,Sudarshan Chemical Industries Limited,EQ,25-MAY-1995,True,1.0,True,2015-01-01,2026-08-31,0,0,0.0,,EQUITY_L
Sujana Towers Ltd.,,,2012-09-28,2012-09-28,unresolved,low,unresolved,,,,False,0.0,False,,,0,0,0.0,no_candidate,
Sujana Towers Ltd.-old,,,2011-10-10,2013-08-07,unresolved,low,unresolved,,,,False,0.0,False,,,0,0,0.0,no_candidate,
Sumitomo Chemical India Ltd.,SUMICHEM,INE258G01013,2020-06-26,2020-06-26,equity_l_exact,high,auto,Sumitomo Chemical India Limited,EQ,27-JAN-2020,True,1.0,True,2020-01-27,2026-08-31,57,57,100.0,,EQUITY_L
Summit Securities Ltd.- Old,SUMMITSEC,INE519C01017,1998-08-01,2009-03-27,token_match,medium,proposed,Summit Securities Limited,EQ,28-JAN-2011,True,0.6667,True,,,373,0,0.0,name_mismatch;listing_after_first_seen;predecessor_marker,EQUITY_L_token_match
Sun Earth Ceramics Ltd.,,,2002-01-17,2003-03-17,unresolved,low,unresolved,,,,False,0.0,False,,,0,0,0.0,no_candidate,
Sun Pharma Advanced Research Company Ltd.,SPARC,INE232I01014,2013-03-07,2019-09-27,equity_l_exact,high,proposed,Sun Pharma Advanced Research Company Limited,EQ,18-JUL-2007,True,1.0,True,2015-01-01,2026-08-31,1602,1161,72.47,,EQUITY_L
Sun Pharmaceutical Industries Ltd.,SUNPHARMA,INE044A01036,1998-08-01,2019-03-29,equity_l_exact,high,proposed,Sun Pharmaceutical Industries Limited,EQ,08-FEB-1995,True,1.0,True,2015-01-01,2026-08-31,3177,1398,44.0,concurrent_alias_collision,EQUITY_L
Sun TV Network Ltd.,SUNTV,INE424H01027,2006-09-01,2019-03-29,equity_l_exact,high,proposed,Sun TV Network Limited,EQ,24-APR-2006,True,1.0,True,2015-01-01,2026-08-31,3177,1398,44.0,,EQUITY_L
Sundaram Brake Linings Ltd.,SUNDRMBRAK,INE073D01013,2002-09-19,2008-09-10,equity_l_exact,high,proposed,Sundaram Brake Linings Limited,BE,17-JUL-1996,True,1.0,True,,,245,0,0.0,concurrent_alias_collision,EQUITY_L
Sundaram Clayton Ltd.,SUNCLAY,INE0Q3R01026,2008-03-14,2020-06-26,equity_l_exact,high,proposed,Sundaram Clayton Limited,EQ,29-DEC-2023,True,1.0,True,,,293,0,0.0,listing_after_first_seen,EQUITY_L
Sundaram Clayton Ltd.- OLD,SUNCLAY,INE0Q3R01026,1998-08-01,2008-04-24,token_match,medium,proposed,Sundaram Clayton Limited,EQ,29-DEC-2023,True,0.6667,True,,,150,0,0.0,name_mismatch;listing_after_first_seen;predecessor_marker,EQUITY_L_token_match
Sundaram Finance Ltd.,SUNDARMFIN,INE660A01013,1999-02-03,2018-09-28,equity_l_exact,high,proposed,Sundaram Finance Limited,EQ,07-JAN-1998,True,1.0,True,2015-01-01,2026-08-31,2482,703,28.32,,EQUITY_L
Sundram Fasteners Ltd.,SUNDRMFAST,INE387A01021,1998-08-01,2017-09-29,equity_l_exact,high,proposed,Sundram Fasteners Limited,EQ,07-JUN-2000,True,1.0,True,,,3177,0,0.0,listing_after_first_seen,EQUITY_L
Sunteck Realty Ltd.,SUNTECK,INE805D01034,2010-04-08,2019-09-27,equity_l_exact,high,proposed,Sunteck Realty Limited,EQ,13-NOV-2009,True,1.0,True,2015-01-01,2026-08-31,2556,1398,54.69,,EQUITY_L
Suprajit Engineering Ltd.,SUPRAJIT,INE399C01030,2016-09-30,2019-03-29,equity_l_exact,high,proposed,Suprajit Engineering Limited,EQ,18-FEB-2005,True,1.0,True,,,370,0,0.0,,EQUITY_L
Supreme Industries Ltd.,SUPREMEIND,INE195A01028,1998-08-01,2014-09-19,equity_l_exact,high,proposed,Supreme Industries Limited,EQ,19-JUL-1995,True,1.0,True,2015-01-01,2026-08-31,3177,1398,44.0,,EQUITY_L
Supreme Infrastructure India Ltd.,SUPREMEINF,INE550H01011,2012-09-28,2016-04-01,equity_l_exact,high,proposed,Supreme Infrastructure India Limited,EQ,18-OCT-2007,True,1.0,True,,,852,0,0.0,,EQUITY_L
Supreme Petrochem Ltd.,SPLPETRO,INE663A01033,1998-08-01,2018-04-02,equity_l_exact,high,proposed,Supreme Petrochem Limited,EQ,24-MAY-2022,True,1.0,True,2015-01-01,2026-08-31,2575,796,30.91,listing_after_first_seen,EQUITY_L
Surya Roshni Ltd.,SURYAROSNI,INE335A01020,2002-09-19,2012-04-27,equity_l_exact,high,proposed,Surya Roshni Limited,EQ,10-MAY-1995,True,1.0,True,2015-01-01,2026-08-31,1129,0,0.0,,EQUITY_L
Suryalakshmi Cotton Mills Ltd.,SURYALAXMI,INE713B01026,2004-12-10,2005-04-06,equity_l_exact,high,proposed,Suryalakshmi Cotton Mills Limited,EQ,15-JUN-2005,True,1.0,True,,,0,0,0.0,listing_after_first_seen,EQUITY_L
Suven Life Sciences Ltd.,SUVEN,INE495B01038,2015-03-27,2020-01-16,equity_l_exact,high,proposed,Suven Life Sciences Limited,EQ,23-OCT-2003,True,1.0,True,,,1177,0,0.0,,EQUITY_L
Suzlon Energy Ltd.,SUZLON,INE040H01021,2006-01-19,2020-06-26,equity_l_exact,high,proposed,Suzlon Energy Limited,EQ,19-OCT-2005,True,1.0,True,2015-01-01,2026-08-31,3177,1398,44.0,,EQUITY_L
Swan Energy Ltd.,SWANCORP,INE665A01038,2013-04-01,2019-09-27,token_match,medium,proposed,SWAN CORP LIMITED,EQ,29-MAY-2012,True,0.5,True,2015-01-01,2026-08-31,1824,1398,76.64,first_token_mismatch;name_mismatch,EQUITY_L_token_match
Swaraj Engines Ltd.,SWARAJENG,INE277A01016,1998-08-01,2016-04-01,equity_l_exact,high,proposed,Swaraj Engines Limited,EQ,06-DEC-1995,True,1.0,True,,,2084,0,0.0,,EQUITY_L
Symphony Ltd.,SYMPHONY,INE225D01027,2015-03-27,2016-04-29,equity_l_exact,high,proposed,Symphony Limited,EQ,15-JUN-2011,True,1.0,True,,,1341,0,0.0,first_token_mismatch,EQUITY_L
Syndicate Bank,,,2000-05-02,2019-12-27,unresolved,low,unresolved,,,,False,0.0,False,,,0,0,0.0,no_candidate,
Syngene International Ltd.,SYNGENE,INE398R01022,2016-04-01,2018-04-02,equity_l_exact,high,auto,Syngene International Limited,EQ,11-AUG-2015,True,1.0,True,2015-08-11,2026-08-31,1094,1094,100.0,,EQUITY_L
Synthetics & Chemicals Ltd.,DIAMINESQ,INE591D01014,1998-08-01,1999-12-08,token_match,medium,proposed,Diamines & Chemicals Limited,EQ,25-SEP-2023,True,0.5,False,,,0,0,0.0,first_token_mismatch;name_mismatch;listing_after_first_seen;concurrent_alias_collision,EQUITY_L_token_match
TCI Express Ltd.,TCIEXP,INE586V01016,2019-09-27,2019-09-27,equity_l_exact,high,proposed,TCI Express Limited,EQ,15-DEC-2016,True,1.0,True,,,238,0,0.0,,EQUITY_L
TCI Industries Ltd.,,,1998-08-01,1998-10-07,unresolved,low,unresolved,,,,False,0.0,False,,,0,0,0.0,no_candidate,
TCNS Clothing Co. Ltd.,,,2019-03-29,2019-03-29,unresolved,low,unresolved,,,,False,0.0,False,,,0,0,0.0,no_candidate,
TD Power Systems Ltd.,TDPOWERSYS,INE419M01035,2012-04-27,2016-04-01,equity_l_exact,high,proposed,TD Power Systems Limited,EQ,08-SEP-2011,True,1.0,True,2015-01-01,2026-08-31,956,305,31.9,,EQUITY_L
TI Financial Holdings Ltd.,CHOLAHLDNG,INE149A01033,2018-02-05,2018-02-05,token_match,medium,proposed,Cholamandalam Financial Holdings Limited,EQ,25-SEP-2017,True,0.5,False,2007-01-02,2026-08-31,639,639,100.0,first_token_mismatch;name_mismatch,EQUITY_L_token_match
TTK Prestige Ltd.,TTKPRESTIG,INE690A01028,2012-09-28,2019-09-27,equity_l_exact,high,proposed,TTK Prestige Limited,EQ,22-DEC-1999,True,1.0,True,,,1945,0,0.0,,EQUITY_L
TV Today Network Ltd.,TVTODAY,INE038F01029,2004-12-10,2016-04-29,equity_l_exact,high,proposed,TV Today Network Limited,EQ,16-JAN-2004,True,1.0,True,,,3121,0,0.0,,EQUITY_L
TV18 Broadcast Ltd.,,,2007-11-29,2019-09-27,unresolved,low,unresolved,,,,False,0.0,False,,,0,0,0.0,no_candidate,
TVS Electronics Ltd. - Merge,TVSELECT,INE236G01019,1999-09-08,2003-09-11,token_match,medium,proposed,TVS Electronics Limited,EQ,26-DEC-2003,True,0.6667,True,,,0,0,0.0,name_mismatch;listing_after_first_seen;predecessor_marker,EQUITY_L_token_match
TVS Motor Co Ltd.,TVSMOTOR,INE494B01023,2003-04-07,2003-04-07,equity_l_exact,high,proposed,TVS Motor Company Limited,EQ,02-AUG-2000,True,1.0,True,2015-01-01,2026-08-31,3146,1367,43.45,concurrent_alias_collision,EQUITY_L
TVS Motor Company Ltd.,TVSMOTOR,INE494B01023,2001-08-31,2019-03-29,equity_l_exact,high,proposed,TVS Motor Company Limited,EQ,02-AUG-2000,True,1.0,True,2015-01-01,2026-08-31,3177,1398,44.0,concurrent_alias_collision,EQUITY_L
TVS Srichakra Ltd.,TVSSRICHAK,INE421C01016,2016-04-01,2019-03-29,equity_l_exact,high,proposed,TVS Srichakra Limited,EQ,13-FEB-2007,True,1.0,True,,,736,0,0.0,,EQUITY_L
TVS Suzuki Ltd.,,,2000-05-10,2000-05-10,unresolved,low,unresolved,,,,False,0.0,False,,,0,0,0.0,no_candidate,
TVS Suzuki Ltd. (old),,,1998-08-01,2000-05-10,unresolved,low,unresolved,,,,False,0.0,False,,,0,0,0.0,no_candidate,
Taj GVK Hotels & Resorts Ltd.,TAJGVK,INE586B01026,2002-04-23,2012-09-28,equity_l_exact,high,proposed,Taj GVK Hotels & Resorts Limited,EQ,20-DEC-2000,True,1.0,True,,,1233,0,0.0,,EQUITY_L
Take Solutions Ltd.,TAKE,INE142I01023,2016-04-01,2016-04-01,token_match,medium,proposed,TAKE Limited,EQ,27-AUG-2007,True,0.5,True,,,1094,0,0.0,first_token_mismatch;name_mismatch,EQUITY_L_token_match
Tamil Nadu Newsprint & Papers Ltd.,TNPL,INE107A01015,1998-08-01,2019-09-27,equity_l_exact,high,proposed,Tamil Nadu Newsprint & Papers Limited,EQ,14-FEB-1996,True,1.0,True,,,2940,0,0.0,,EQUITY_L
Tamilnadu Petroproducts Ltd.,TNPETRO,INE148A01019,1998-08-01,2011-10-10,equity_l_exact,high,proposed,Tamilnadu PetroProducts Limited,EQ,27-OCT-1999,True,1.0,True,,,998,0,0.0,listing_after_first_seen,EQUITY_L
Tamilnadu Telecommunications Ltd.,,,2002-09-19,2005-09-26,unresolved,low,unresolved,,,,False,0.0,False,,,0,0,0.0,no_candidate,
Tasty Bite Eatables Ltd.,TASTYBITE,INE488B01017,2019-12-27,2019-12-27,equity_l_exact,high,proposed,Tasty Bite Eatables Limited,EQ,23-MAR-2017,True,1.0,True,,,179,0,0.0,,EQUITY_L
Tata Chemicals Ltd.,TATACHEM,INE092A01019,1998-08-01,2019-12-27,equity_l_exact,high,proposed,Tata Chemicals Limited,EQ,01-APR-1999,True,1.0,True,2015-01-01,2026-08-31,2999,1220,40.68,listing_after_first_seen,EQUITY_L
Tata Coffee Ltd.,,,2002-07-18,2019-09-27,unresolved,low,unresolved,,,,False,0.0,False,,,0,0,0.0,no_candidate,
Tata Communications Ltd.,TATACOMM,INE151A01013,1998-08-01,2020-06-26,equity_l_exact,high,proposed,Tata Communications Limited,EQ,12-APR-1995,True,1.0,True,2015-01-01,2026-08-31,2638,859,32.56,,EQUITY_L
Tata Consultancy Services Ltd.,TCS,INE467B01029,2004-12-22,2019-12-27,equity_l_exact,high,proposed,Tata Consultancy Services Limited,EQ,25-AUG-2004,True,1.0,True,2015-01-01,2026-08-31,3177,1398,44.0,,EQUITY_L
Tata Consumer Products Ltd.,TATACONSUM,INE192A01025,2020-06-26,2020-06-26,equity_l_exact,high,auto,TATA CONSUMER PRODUCTS LIMITED,EQ,18-NOV-1998,True,1.0,True,2015-01-01,2026-08-31,1,1,100.0,,EQUITY_L
Tata Elxsi Ltd.,TATAELXSI,INE670A01012,1998-08-01,2020-06-26,equity_l_exact,high,proposed,Tata Elxsi Limited,EQ,17-SEP-2003,True,1.0,True,2015-01-01,2026-08-31,3177,1398,44.0,listing_after_first_seen,EQUITY_L
Tata Finance Ltd.,,,1998-08-01,2005-08-05,unresolved,low,unresolved,,,,False,0.0,False,,,0,0,0.0,no_candidate,
Tata Global Beverages Ltd.,,,1998-08-01,2018-09-28,unresolved,low,unresolved,,,,False,0.0,False,,,0,0,0.0,no_candidate,
Tata Hydro-Electric Power Supply Co. Ltd.,TATAPOWER,INE245A01021,1998-08-01,2000-11-29,token_match,low,proposed,Tata Power Company Limited,EQ,03-APR-1996,True,0.4,True,2015-01-01,2026-08-31,0,0,0.0,first_token_mismatch;name_mismatch;concurrent_alias_collision,EQUITY_L_token_match
Tata Infotech Ltd.,,,2003-04-01,2003-04-01,unresolved,low,unresolved,,,,False,0.0,False,,,0,0,0.0,no_candidate,
Tata Infotech Ltd.-Merged,,,1998-08-01,2005-09-26,unresolved,low,unresolved,,,,False,0.0,False,,,0,0,0.0,no_candidate,
Tata Investment Corporation Ltd.,TATAINVEST,INE672A01026,1998-08-01,2017-03-31,equity_l_exact,high,proposed,Tata Investment Corporation Limited,EQ,24-JUN-1998,True,1.0,True,2015-01-01,2026-08-31,2084,305,14.64,,EQUITY_L
Tata Metaliks Ltd.,,,2005-04-06,2012-04-27,unresolved,low,unresolved,,,,False,0.0,False,,,0,0,0.0,no_candidate,
Tata Motors Ltd DVR,TMCV,INE1TAE01010,2016-04-01,2020-06-26,token_match,medium,proposed,Tata Motors Limited,EQ,12-NOV-2025,True,0.6667,True,2025-11-12,2026-08-31,1094,0,0.0,name_mismatch;listing_after_first_seen;concurrent_alias_collision,EQUITY_L_token_match
Tata Motors Ltd.,TMCV,INE1TAE01010,1998-08-01,2018-09-28,equity_l_exact,high,proposed,Tata Motors Limited,EQ,12-NOV-2025,True,1.0,True,2025-11-12,2026-08-31,3177,0,0.0,listing_after_first_seen;concurrent_alias_collision,EQUITY_L
Tata Power Co. Ltd.,TATAPOWER,INE245A01021,1998-08-01,2020-06-26,equity_l_exact,high,proposed,Tata Power Company Limited,EQ,03-APR-1996,True,1.0,True,2015-01-01,2026-08-31,3177,1398,44.0,concurrent_alias_collision,EQUITY_L
Tata SSL Ltd.,,,1998-08-01,2002-06-06,unresolved,low,unresolved,,,,False,0.0,False,,,0,0,0.0,no_candidate,
Tata Sponge Iron Ltd.,,,1998-08-01,2019-03-29,unresolved,low,unresolved,,,,False,0.0,False,,,0,0,0.0,no_candidate,
Tata Steel BSL Ltd.,TATASTEEL,INE081A01020,2020-01-16,2020-01-16,token_match,medium,proposed,Tata Steel Limited,EQ,18-NOV-1998,True,0.6667,True,2015-01-01,2026-08-31,165,165,100.0,name_mismatch;concurrent_alias_collision,EQUITY_L_token_match
Tata Steel Ltd.,TATASTEEL,INE081A01020,1998-08-01,2020-06-26,equity_l_exact,high,proposed,Tata Steel Limited,EQ,18-NOV-1998,True,1.0,True,2015-01-01,2026-08-31,3177,1398,44.0,listing_after_first_seen;concurrent_alias_collision,EQUITY_L
Tata Tea Limited,TATACONSUM,INE192A01025,2006-09-01,2006-09-01,agent_memory,low,proposed,TATA CONSUMER PRODUCTS LIMITED,EQ,18-NOV-1998,True,0.5,True,2015-01-01,2026-08-31,0,0,0.0,first_token_mismatch;name_mismatch;unsourced,agent_memory_unsourced
Tata Teleservices (Maharashtra) Ltd.,TTML,INE517B01013,2002-01-17,2016-09-30,equity_l_exact,high,proposed,Tata Teleservices (Maharashtra) Limited,EQ,20-OCT-2000,True,1.0,True,2015-01-01,2026-08-31,2206,427,19.36,,EQUITY_L
Teamlease Services Ltd.,TEAMLEASE,INE985S01024,2018-09-28,2018-09-28,equity_l_exact,high,proposed,Teamlease Services Limited,EQ,12-FEB-2016,True,1.0,True,,,479,0,0.0,,EQUITY_L
Tech Mahindra Ltd.,TECHM,INE669C01036,2007-01-24,2019-06-28,equity_l_exact,high,proposed,Tech Mahindra Limited,EQ,28-AUG-2006,True,1.0,True,2015-01-01,2026-08-31,3177,1398,44.0,concurrent_alias_collision,EQUITY_L
Techno Electric & Engineering Company Ltd.,TECHNOE,INE285K01026,2019-09-27,2020-06-26,equity_l_exact,high,auto,Techno Electric & Engineering Company Limited,EQ,04-DEC-2018,True,1.0,True,2015-01-01,2026-08-31,182,182,100.0,,EQUITY_L
Techno Elt & Eng Co. Ltd.,,,2012-04-27,2018-08-08,unresolved,low,unresolved,,,,False,0.0,False,,,0,0,0.0,no_candidate,
Television Eighteen India Ltd.,,,2001-04-25,2011-06-21,unresolved,low,unresolved,,,,False,0.0,False,,,0,0,0.0,no_candidate,
Texmaco Infrastructure & Holdings Ltd.,TEXINFRA,INE435C01024,2012-04-27,2012-04-27,equity_l_exact,high,proposed,Texmaco Infrastructure & Holdings Limited,EQ,09-SEP-2004,True,1.0,True,,,1,0,0.0,,EQUITY_L
Texmaco Rail & Eng. Ltd.,TEXRAIL,INE621L01012,2016-04-01,2019-03-29,token_match,medium,proposed,Texmaco Rail & Engineering Limited,EQ,03-MAR-2011,True,0.6,True,2015-01-01,2026-08-31,736,736,100.0,name_mismatch,EQUITY_L_token_match
Textool Co. Ltd.- Merger,,,1998-08-01,2000-09-03,unresolved,low,unresolved,,,,False,0.0,False,,,0,0,0.0,no_candidate,
The New India Assurance Company Ltd.,NIACL,INE470Y01017,2018-09-28,2020-06-26,equity_l_exact,high,auto,The New India Assurance Company Limited,EQ,13-NOV-2017,True,1.0,True,2017-11-13,2026-08-31,479,479,100.0,,EQUITY_L
The Ramco Cements Ltd.,RAMCOCEM,INE331A01037,1998-08-01,2019-09-27,equity_l_exact,high,proposed,The Ramco Cements Limited,EQ,09-APR-1997,True,1.0,True,2015-01-01,2026-08-31,3177,1398,44.0,,EQUITY_L
Thermax Ltd.,THERMAX,INE152A01029,1998-08-01,2020-06-26,equity_l_exact,high,proposed,Thermax Limited,EQ,30-AUG-1995,True,1.0,True,2015-01-01,2026-08-31,3177,1398,44.0,first_token_mismatch,EQUITY_L
Thiru Arooran Sugars Ltd.,,,1998-08-01,2009-03-27,unresolved,low,unresolved,,,,False,0.0,False,,,0,0,0.0,no_candidate,
Thirumalai Chemicals Ltd.,TIRUMALCHM,INE338A01024,2002-09-19,2003-01-21,equity_l_exact,high,proposed,Thirumalai Chemicals Limited,EQ,14-MAY-2003,True,1.0,True,,,0,0,0.0,listing_after_first_seen,EQUITY_L
Thomas Cook (India) Ltd.,THOMASCOOK,INE332A01027,1998-08-01,2019-09-27,equity_l_exact,high,proposed,Thomas Cook  (India)  Limited,EQ,07-JUN-2000,True,1.0,True,2015-01-01,2026-08-31,2940,1161,39.49,listing_after_first_seen,EQUITY_L
Thyrocare Technologies Ltd.,THYROCARE,INE594H01019,2017-03-31,2017-03-31,equity_l_exact,high,auto,Thyrocare Technologies Limited,EQ,09-MAY-2016,True,1.0,True,2016-05-09,2026-08-31,849,849,100.0,,EQUITY_L
Tide Water Oil (India) Ltd.,,,2016-04-01,2017-09-29,unresolved,low,unresolved,,,,False,0.0,False,,,0,0,0.0,no_candidate,
Tilaknagar Industries Ltd.,TI,INE133E01013,2014-11-28,2015-03-27,equity_l_exact,high,proposed,Tilaknagar Industries Limited,EQ,16-JUL-2010,True,1.0,True,2015-01-01,2026-08-31,81,58,71.6,,EQUITY_L
Time Technoplast Ltd.,TIMETECHNO,INE508G01029,2017-09-29,2018-04-02,equity_l_exact,high,auto,Time Technoplast Limited,EQ,13-JUN-2007,True,1.0,True,2015-01-01,2026-08-31,725,725,100.0,,EQUITY_L
Timex Watches Ltd.,,,1998-08-01,2002-04-23,unresolved,low,unresolved,,,,False,0.0,False,,,0,0,0.0,no_candidate,
Timken India Ltd.,TIMKEN,INE325A01013,1998-08-01,2018-04-02,equity_l_exact,high,auto,Timken India Limited,EQ,06-FEB-2007,True,1.0,True,2015-01-01,2026-08-31,547,547,100.0,listing_after_first_seen,EQUITY_L
Tinplate Company of India Ltd.,,,2010-07-08,2014-09-19,unresolved,low,unresolved,,,,False,0.0,False,,,0,0,0.0,no_candidate,
Tips Industries Ltd.,,,2001-12-07,2007-04-04,unresolved,low,unresolved,,,,False,0.0,False,,,0,0,0.0,no_candidate,
Titan Company Ltd.,TITAN,INE280A01028,2016-01-18,2020-06-26,equity_l_exact,high,auto,Titan Company Limited,EQ,24-SEP-2004,True,1.0,True,2015-01-01,2026-08-31,1052,1052,100.0,,EQUITY_L
Titan Industries Ltd.,TITAN,INE280A01028,1998-08-01,2013-07-08,token_match,medium,proposed,Titan Company Limited,EQ,24-SEP-2004,True,0.5,True,2015-01-01,2026-08-31,3177,1398,44.0,first_token_mismatch;name_mismatch;listing_after_first_seen,EQUITY_L_token_match
Todays Writing Instruments Ltd.,,,2003-05-02,2007-09-24,unresolved,low,unresolved,,,,False,0.0,False,,,0,0,0.0,no_candidate,
Torrent Pharmaceuticals Ltd.,TORNTPHARM,INE685A01028,1998-08-01,2020-06-26,equity_l_exact,high,proposed,Torrent Pharmaceuticals Limited,EQ,25-NOV-2002,True,1.0,True,2015-01-01,2026-08-31,3177,1398,44.0,listing_after_first_seen,EQUITY_L
Torrent Power AEC Ltd.,TORNTPOWER,INE813H01021,1998-08-01,2006-09-21,token_match,medium,proposed,Torrent Power Limited,EQ,28-NOV-2006,True,0.6667,True,2015-01-01,2026-08-31,0,0,0.0,name_mismatch;listing_after_first_seen,EQUITY_L_token_match
Torrent Power Ltd.,TORNTPOWER,INE813H01021,2007-04-04,2020-06-26,equity_l_exact,high,proposed,Torrent Power Limited,EQ,28-NOV-2006,True,1.0,True,2015-01-01,2026-08-31,3177,1398,44.0,,EQUITY_L
Tourism Finance Corporation of India Ltd.,TFCILTD,INE305A01023,1999-02-03,2011-10-10,equity_l_exact,high,proposed,Tourism Finance Corporation of India Limited,EQ,26-JUL-2000,True,1.0,True,,,998,0,0.0,listing_after_first_seen,EQUITY_L
Transpek Industry Ltd.,TRANSPEK,INE687A01016,1998-08-01,2002-03-29,equity_l_exact,high,proposed,Transpek Industry Limited,BE,20-APR-2026,True,1.0,True,,,0,0,0.0,listing_after_first_seen,EQUITY_L
Transport Corporation of India Ltd.,TCI,INE688A01022,2016-04-01,2016-04-29,equity_l_exact,high,proposed,Transport Corporation of India Limited,EQ,21-JAN-2002,True,1.0,True,,,18,0,0.0,,EQUITY_L
Tree House Education & Accessories Ltd.,TREEHOUSE,INE040M01013,2012-04-27,2016-09-30,equity_l_exact,high,proposed,Tree House Education & Accessories Limited,EQ,26-AUG-2011,True,1.0,True,,,1078,0,0.0,,EQUITY_L
Trent Ltd.,TRENT,INE849A01020,1998-08-01,2020-06-26,equity_l_exact,high,proposed,Trent Limited,EQ,07-JUN-2004,True,1.0,True,2015-01-01,2026-08-31,3177,1398,44.0,first_token_mismatch;listing_after_first_seen,EQUITY_L
Tribhovandas Bhimji Zaveri Ltd.,TBZ,INE760L01018,2013-04-01,2016-09-30,equity_l_exact,high,proposed,Tribhovandas Bhimji Zaveri Limited,BE,09-MAY-2012,True,1.0,True,,,853,0,0.0,,EQUITY_L
Trident Ltd.,TRIDENT,INE064C01022,2003-04-01,2017-09-29,equity_l_exact,high,proposed,Trident Limited,EQ,21-FEB-2001,True,1.0,True,2015-01-01,2026-08-31,1667,669,40.13,first_token_mismatch,EQUITY_L
Trigyn Technologies Ltd.,TRIGYN,INE948A01012,1998-08-01,2007-04-04,equity_l_exact,high,proposed,Trigyn Technologies Limited,EQ,09-APR-1998,True,1.0,True,,,0,0,0.0,,EQUITY_L
Triveni Engineering & Industries Ltd.,TRIVENI,INE256C01024,2006-04-10,2011-05-03,equity_l_exact,high,proposed,Triveni Engineering & Industries Limited,EQ,13-DEC-2005,True,1.0,True,2015-01-01,2026-08-31,890,0,0.0,,EQUITY_L
Triveni Engineering & Industries Ltd. (Old),TRIVENI,INE256C01024,1998-08-01,1999-02-03,token_match,high,proposed,Triveni Engineering & Industries Limited,EQ,13-DEC-2005,True,0.8,True,2015-01-01,2026-08-31,0,0,0.0,name_mismatch;listing_after_first_seen;predecessor_marker,EQUITY_L_token_match
Triveni Turbine Ltd.,TRITURBINE,INE152M01016,2016-04-01,2020-06-26,equity_l_exact,high,auto,Triveni Turbine Limited,EQ,28-OCT-2011,True,1.0,True,2015-01-01,2026-08-31,1038,1038,100.0,,EQUITY_L
Tube Investments of India Ltd.,TIINDIA,INE974X01010,1998-08-01,2018-06-29,equity_l_exact,high,proposed,Tube Investments of India Limited,EQ,02-NOV-2017,True,1.0,True,2017-11-02,2026-08-31,2366,0,0.0,listing_after_first_seen,EQUITY_L
Tube Investments of India Ltd.-Old,TIINDIA,INE974X01010,2007-09-24,2017-05-26,token_match,high,proposed,Tube Investments of India Limited,EQ,02-NOV-2017,True,0.75,True,2017-11-02,2026-08-31,652,0,0.0,name_mismatch;listing_after_first_seen;predecessor_marker,EQUITY_L_token_match
Tulip Telecom Ltd.,,,2009-06-19,2014-03-28,unresolved,low,unresolved,,,,False,0.0,False,,,0,0,0.0,no_candidate,
UCAL Fuel Systems Ltd.,,,1998-08-01,2009-10-22,unresolved,low,unresolved,,,,False,0.0,False,,,0,0,0.0,no_candidate,
UCO Bank,UCOBANK,INE691A01018,2004-05-24,2019-12-27,equity_l_exact,high,proposed,UCO Bank,EQ,09-OCT-2003,True,1.0,True,2015-01-01,2026-08-31,3177,1398,44.0,,EQUITY_L
UFLEX Ltd.,UFLEX,INE516A01017,1998-08-01,2018-04-02,equity_l_exact,high,proposed,UFLEX Limited,EQ,23-AUG-1995,True,1.0,True,,,3177,0,0.0,first_token_mismatch,EQUITY_L
UFO Moviez India Ltd.,UFO,INE527H01019,2018-09-28,2019-03-29,equity_l_exact,high,proposed,UFO Moviez India Limited,EQ,14-MAY-2015,True,1.0,True,,,121,0,0.0,,EQUITY_L
UPL Ltd.,UPL,INE628A01036,2004-08-30,2020-06-26,equity_l_exact,high,proposed,UPL Limited,EQ,23-JAN-2004,True,1.0,True,2015-01-01,2026-08-31,3177,1398,44.0,first_token_mismatch,EQUITY_L
UTI Bank Ltd.,AXISBANK,INE238A01034,2003-05-02,2003-05-02,agent_memory,low,proposed,Axis Bank Limited,EQ,16-NOV-1998,True,0.5,False,2007-01-02,2026-08-31,3146,3146,100.0,first_token_mismatch;name_mismatch;concurrent_alias_collision;unsourced,agent_memory_unsourced
UTV Software Communication Ltd.,,,2009-03-27,2012-03-09,unresolved,low,unresolved,,,,False,0.0,False,,,0,0,0.0,no_candidate,
Ujjivan Financial Services Ltd.,AFSL,INE00ZE01026,2017-01-23,2019-03-29,token_match,medium,proposed,Abans Financial Services Limited,EQ,23-DEC-2022,True,0.5,False,,,895,0,0.0,first_token_mismatch;name_mismatch;listing_after_first_seen,EQUITY_L_token_match
Ujjivan Small Finance Bank Ltd.,UJJIVANSFB,INE551W01018,2020-06-26,2020-06-26,equity_l_exact,high,auto,Ujjivan Small Finance Bank Limited,EQ,12-DEC-2019,True,1.0,True,2019-12-12,2026-08-31,57,57,100.0,,EQUITY_L
UltraTech Cement Ltd.,ULTRACEMCO,INE481G01011,2005-01-05,2020-06-26,equity_l_exact,high,proposed,UltraTech Cement Limited,EQ,24-AUG-2004,True,1.0,True,2015-01-01,2026-08-31,3177,1398,44.0,,EQUITY_L
Unichem Laboratories Ltd.,UNICHEMLAB,INE351A01035,1999-12-08,2019-03-29,equity_l_exact,high,proposed,Unichem Laboratories Limited,EQ,07-FEB-2001,True,1.0,True,,,2819,0,0.0,listing_after_first_seen,EQUITY_L
Union Bank of India,UNIONBANK,INE692A01016,2003-03-01,2020-06-26,equity_l_exact,high,proposed,Union Bank of India,EQ,24-SEP-2002,True,1.0,True,2015-01-01,2026-08-31,3177,1398,44.0,concurrent_alias_collision,EQUITY_L
Union Bank of India Ltd.,UNIONBANK,INE692A01016,2003-08-04,2003-08-04,token_match,high,proposed,Union Bank of India,EQ,24-SEP-2002,True,1.0,True,2015-01-01,2026-08-31,3146,1367,43.45,name_mismatch;concurrent_alias_collision,EQUITY_L_token_match
Unitech Ltd.,UNITECH,INE694A01020,1998-08-01,2019-02-26,equity_l_exact,high,proposed,Unitech Limited,EQ,08-SEP-1999,True,1.0,True,,,2700,0,0.0,first_token_mismatch;listing_after_first_seen,EQUITY_L
United Bank of India,BANKINDIA,INE084A01016,2017-09-29,2018-04-02,token_match,medium,proposed,Bank of India,EQ,30-APR-1997,True,0.6667,False,2007-01-02,2026-08-31,123,123,100.0,first_token_mismatch;name_mismatch;concurrent_alias_collision,EQUITY_L_token_match
United Breweries (Holdings) Ltd.,UBL,INE686F01025,2012-04-09,2014-03-28,token_match,medium,proposed,United Breweries Limited,EQ,28-JUL-2008,True,0.6667,True,2015-01-01,2026-08-31,484,0,0.0,name_mismatch;concurrent_alias_collision,EQUITY_L_token_match
United Breweries Ltd.,UBL,INE686F01025,2009-03-27,2020-06-26,equity_l_exact,high,proposed,United Breweries Limited,EQ,28-JUL-2008,True,1.0,True,2015-01-01,2026-08-31,2805,1398,49.84,concurrent_alias_collision,EQUITY_L
United Breweries Ltd.-Old,UBL,INE686F01025,1998-08-01,2002-08-13,token_match,medium,proposed,United Breweries Limited,EQ,28-JUL-2008,True,0.6667,True,2015-01-01,2026-08-31,0,0,0.0,name_mismatch;listing_after_first_seen;predecessor_marker,EQUITY_L_token_match
United Phosphorous Ltd.,,,2002-10-28,2002-10-28,unresolved,low,unresolved,,,,False,0.0,False,,,0,0,0.0,no_candidate,
United Phosphorous Ltd. -Sus,,,1998-08-01,2003-12-05,unresolved,low,unresolved,,,,False,0.0,False,,,0,0,0.0,no_candidate,
United Phosphorus Ltd.,,,2009-06-26,2009-10-22,unresolved,low,unresolved,,,,False,0.0,False,,,0,0,0.0,no_candidate,
United Spirits Ltd.,UNITDSPR,INE854D01024,2002-09-19,2018-12-28,equity_l_exact,high,proposed,United Spirits Limited,EQ,27-SEP-2001,True,1.0,True,2015-01-01,2026-08-31,3025,1310,43.31,,EQUITY_L
United Western Bank Ltd.,,,2002-04-23,2006-10-05,unresolved,low,unresolved,,,,False,0.0,False,,,0,0,0.0,no_candidate,
Unity Infraprojects Ltd.,,,2007-03-06,2013-04-01,unresolved,low,unresolved,,,,False,0.0,False,,,0,0,0.0,no_candidate,
Usha (India) Ltd.,USHAMART,INE228A01035,1998-08-01,2002-09-19,token_match,medium,proposed,Usha Martin Limited,EQ,11-OCT-2000,True,0.5,True,2015-01-01,2026-08-31,0,0,0.0,first_token_mismatch;name_mismatch;listing_after_first_seen;concurrent_alias_collision,EQUITY_L_token_match
Usha Martin Ltd.,USHAMART,INE228A01035,1998-08-01,2016-04-01,equity_l_exact,high,proposed,Usha Martin Limited,EQ,11-OCT-2000,True,1.0,True,2015-01-01,2026-08-31,2084,305,14.64,listing_after_first_seen;concurrent_alias_collision,EQUITY_L
Uttam Galva Steels Ltd.,,,1998-08-01,2016-04-01,unresolved,low,unresolved,,,,False,0.0,False,,,0,0,0.0,no_candidate,
Uttam Sugar Mills Ltd.,UTTAMSUGAR,INE786F01031,2007-04-04,2009-10-22,equity_l_exact,high,proposed,Uttam Sugar Mills Limited,EQ,10-APR-2006,True,1.0,True,,,511,0,0.0,,EQUITY_L
Uttam Value Steels Ltd.,,,1998-08-01,2002-03-29,unresolved,low,unresolved,,,,False,0.0,False,,,0,0,0.0,no_candidate,
V-Guard Industries Ltd.,VGUARD,INE951I01027,2016-04-01,2018-09-28,equity_l_exact,high,proposed,V-Guard Industries Limited,EQ,13-MAR-2008,True,1.0,True,2015-01-01,2026-08-31,1094,1094,100.0,concurrent_alias_collision,EQUITY_L
V-Mart Retail Ltd.,VMART,INE665J01013,2018-09-28,2018-09-28,equity_l_exact,high,auto,V-Mart Retail Limited,EQ,20-FEB-2013,True,1.0,True,2015-01-01,2026-08-31,479,479,100.0,,EQUITY_L
V.I.P. Industries Ltd.,VGUARD,INE951I01027,1998-08-01,2020-06-26,token_match,low,proposed,V-Guard Industries Limited,EQ,13-MAR-2008,True,0.4,True,2015-01-01,2026-08-31,3177,1398,44.0,first_token_mismatch;name_mismatch;listing_after_first_seen;concurrent_alias_collision,EQUITY_L_token_match
V2 Retail Ltd.,V2RETAIL,INE945H01021,2009-03-27,2011-03-25,equity_l_exact,high,proposed,V2 Retail Limited,EQ,04-JUL-2007,True,1.0,True,2015-01-01,2026-08-31,494,0,0.0,,EQUITY_L
VLS Finance Ltd.,VLSFINANCE,INE709A01018,1998-08-01,2002-07-09,equity_l_exact,high,proposed,VLS Finance Limited,EQ,25-MAY-1995,True,1.0,True,,,0,0,0.0,,EQUITY_L
VRL Logistics Ltd.,VRLLOG,INE366I01010,2015-09-28,2019-03-29,equity_l_exact,high,proposed,VRL Logistics Limited,EQ,30-APR-2015,True,1.0,True,,,1217,0,0.0,,EQUITY_L
VST Industries Ltd.,VSTIND,INE710A01016,1998-08-01,2019-03-29,equity_l_exact,high,proposed,VST Industries Limited,EQ,05-SEP-2003,True,1.0,True,,,2453,0,0.0,listing_after_first_seen,EQUITY_L
Va Tech Wabag Ltd.,WABAG,INE956G01038,2014-07-14,2020-06-26,equity_l_exact,high,auto,VA Tech Wabag Limited,EQ,13-OCT-2010,True,1.0,True,2015-01-01,2026-08-31,1453,1342,92.36,,EQUITY_L
Vaibhav Global Ltd.,VAIBHAVGBL,INE884A01027,2014-03-28,2019-09-24,equity_l_exact,high,proposed,Vaibhav Global Limited,EQ,05-APR-2004,True,1.0,True,2015-01-01,2026-08-31,609,427,70.11,,EQUITY_L
Vakrangee Ltd.,VAKRANGEE,INE051B01021,2012-09-28,2019-09-27,equity_l_exact,high,proposed,Vakrangee Limited,EQ,03-APR-2006,True,1.0,True,,,1889,0,0.0,first_token_mismatch,EQUITY_L
Vakrangee Software Ltd.,VAKRANGEE,INE051B01021,2012-09-28,2012-09-28,token_match,medium,proposed,Vakrangee Limited,EQ,03-APR-2006,True,0.5,True,,,1945,0,0.0,first_token_mismatch;name_mismatch,EQUITY_L_token_match
Value Industries Ltd.,,,1998-08-01,2009-10-22,unresolved,low,unresolved,,,,False,0.0,False,,,0,0,0.0,no_candidate,
Vardhman Holdings Ltd.,VHL,INE701A01023,1998-08-01,2005-04-13,equity_l_exact,high,proposed,Vardhman Holdings Limited,EQ,30-JUN-2005,True,1.0,True,,,0,0,0.0,listing_after_first_seen,EQUITY_L
Vardhman Polytex Ltd.,VARDMNPOLY,INE835A01029,1999-02-03,2008-09-10,equity_l_exact,high,proposed,Vardhman Polytex Limited,EQ,12-MAY-2003,True,1.0,True,,,245,0,0.0,listing_after_first_seen,EQUITY_L
Vardhman Textiles Ltd.,VTL,INE825A01020,1998-08-01,2018-04-02,equity_l_exact,high,proposed,Vardhman Textiles Limited,EQ,14-JAN-2003,True,1.0,True,2015-01-01,2026-08-31,1358,492,36.23,listing_after_first_seen,EQUITY_L
Varroc Engineering Ltd.,VARROC,INE665L01035,2018-12-28,2020-06-26,equity_l_exact,high,auto,Varroc Engineering Limited,EQ,06-JUL-2018,True,1.0,True,2018-07-09,2026-08-31,419,419,100.0,,EQUITY_L
Varun Beverages Ltd.,VBL,INE200M01039,2017-05-26,2020-06-26,equity_l_exact,high,auto,Varun Beverages Limited,EQ,08-NOV-2016,True,1.0,True,2016-11-08,2026-08-31,812,812,100.0,,EQUITY_L
Varun Shipping Co. Ltd.,,,1998-08-01,2013-09-27,unresolved,low,unresolved,,,,False,0.0,False,,,0,0,0.0,no_candidate,
Vashisti Detergents Ltd.,,,1999-02-03,2006-03-23,unresolved,low,unresolved,,,,False,0.0,False,,,0,0,0.0,no_candidate,
Vedanta Ltd.,VEDL,INE205A01025,2015-09-28,2020-07-31,equity_l_exact,high,proposed,Vedanta Limited,EQ,13-MAY-1998,True,1.0,True,2015-01-01,2026-08-31,1063,1063,100.0,first_token_mismatch,EQUITY_L
Venky's (India) Ltd.,VENKEYS,INE398A01010,2002-08-20,2020-06-26,equity_l_exact,high,proposed,Venky's (India) Limited,EQ,28-JUL-2003,True,1.0,True,,,2260,0,0.0,listing_after_first_seen,EQUITY_L
Vesuvius India Ltd.,VESUVIUS,INE386A01023,1998-08-01,2020-06-26,equity_l_exact,high,proposed,Vesuvius India Limited,EQ,04-OCT-2002,True,1.0,True,,,2575,0,0.0,listing_after_first_seen,EQUITY_L
Videocon Industries Ltd.,,,2006-03-02,2018-03-13,unresolved,low,unresolved,,,,False,0.0,False,,,0,0,0.0,no_candidate,
Videocon International Ltd.,,,1998-08-01,2006-01-06,unresolved,low,unresolved,,,,False,0.0,False,,,0,0,0.0,no_candidate,
Videsh Sanchar Nigam Ltd.,,,2002-01-25,2002-05-31,unresolved,low,unresolved,,,,False,0.0,False,,,0,0,0.0,no_candidate,
Vijaya Bank,,,2002-04-23,2019-01-28,unresolved,low,unresolved,,,,False,0.0,False,,,0,0,0.0,no_candidate,
Vikas WSP Ltd.,,,1998-08-01,2001-12-07,unresolved,low,unresolved,,,,False,0.0,False,,,0,0,0.0,no_candidate,
Vinati Organics Ltd.,VINATIORGA,INE410B01037,2015-03-27,2019-09-27,equity_l_exact,high,proposed,Vinati Organics Limited,EQ,28-JUL-2009,True,1.0,True,,,1341,0,0.0,,EQUITY_L
Vindhya Telelinks Ltd.,VINDHYATEL,INE707A01012,1998-08-01,2009-03-27,equity_l_exact,high,proposed,Vindhya Telelinks Limited,EQ,08-FEB-1995,True,1.0,True,,,373,0,0.0,,EQUITY_L
Vinyl Chemicals (India) Ltd.,VINYLINDIA,INE250B01029,1998-08-01,2006-03-02,equity_l_exact,high,proposed,Vinyl Chemicals (India) Limited,EQ,21-JUL-2008,True,1.0,True,,,0,0,0.0,listing_after_first_seen,EQUITY_L
Viral Filaments Ltd.,,,1998-08-01,1999-03-17,unresolved,low,unresolved,,,,False,0.0,False,,,0,0,0.0,no_candidate,
Visagar Polytex Ltd.,VIVIDHA,INE370E01029,2015-05-29,2016-04-01,equity_l_exact,high,proposed,Visagar Polytex Limited,EQ,21-MAY-2013,True,1.0,True,,,208,0,0.0,,EQUITY_L
Visaka Industries Ltd.,VISAKAIND,INE392A01021,2003-10-01,2008-09-10,equity_l_exact,high,proposed,Visaka Industries Limited,EQ,28-AUG-1996,True,1.0,True,,,245,0,0.0,,EQUITY_L
Vishal Exports Overseas Ltd.,,,2005-05-09,2009-03-27,unresolved,low,unresolved,,,,False,0.0,False,,,0,0,0.0,no_candidate,
Vision Organics Ltd,,,2002-03-29,2002-09-19,unresolved,low,unresolved,,,,False,0.0,False,,,0,0,0.0,no_candidate,
Visualsoft Technologies Ltd.,,,2000-05-24,2007-04-30,unresolved,low,unresolved,,,,False,0.0,False,,,0,0,0.0,no_candidate,
Vodafone Idea Ltd.,IDEA,INE669E01016,2019-03-29,2020-06-26,equity_l_exact,high,auto,Vodafone Idea Limited,EQ,09-MAR-2007,True,1.0,True,2015-01-01,2026-08-31,207,207,100.0,,EQUITY_L
Voltas Ltd.,VOLTAS,INE226A01021,1998-08-01,2019-06-28,equity_l_exact,high,proposed,Voltas Limited,EQ,12-APR-1995,True,1.0,True,2015-01-01,2026-08-31,3177,1398,44.0,first_token_mismatch,EQUITY_L
WABCO India Ltd.,,,2012-04-27,2013-09-27,unresolved,low,unresolved,,,,False,0.0,False,,,0,0,0.0,no_candidate,
Warren Tea Ltd.,,,1998-08-01,2002-07-09,unresolved,low,unresolved,,,,False,0.0,False,,,0,0,0.0,no_candidate,
Wartsila India Ltd.,,,1998-08-01,2003-05-02,unresolved,low,unresolved,,,,False,0.0,False,,,0,0,0.0,no_candidate,
Wellwin Industry Ltd.,,,2002-09-19,2005-04-20,unresolved,low,unresolved,,,,False,0.0,False,,,0,0,0.0,no_candidate,
Welspun Corp Ltd.,WELCORP,INE191B01025,2004-06-14,2019-01-28,equity_l_exact,high,proposed,Welspun Corp Limited,EQ,24-MAY-2005,True,1.0,True,2015-01-01,2026-08-31,2575,796,30.91,listing_after_first_seen;concurrent_alias_collision,EQUITY_L
Welspun India Ltd.,WELCORP,INE191B01025,2004-07-09,2018-04-02,token_match,high,proposed,Welspun Corp Limited,EQ,24-MAY-2005,True,1.0,True,2015-01-01,2026-08-31,1574,1147,72.87,first_token_mismatch;name_mismatch;listing_after_first_seen;concurrent_alias_collision,EQUITY_L_token_match
West Coast Paper Mills Ltd.,WSTCSTPAPR,INE976A01021,2002-07-09,2014-09-19,equity_l_exact,high,proposed,West Coast Paper Mills Limited,EQ,17-JAN-2001,True,1.0,True,,,1715,0,0.0,,EQUITY_L
Western India Industries Ltd.,,,1998-08-01,1999-02-03,unresolved,low,unresolved,,,,False,0.0,False,,,0,0,0.0,no_candidate,
Westlife Development Ltd.,,,2019-12-27,2019-12-27,unresolved,low,unresolved,,,,False,0.0,False,,,0,0,0.0,no_candidate,
Wheels India Ltd.,WHEELS,INE715A01015,2002-09-19,2016-04-01,equity_l_exact,high,proposed,Wheels India Limited,EQ,07-APR-2000,True,1.0,True,,,2084,0,0.0,,EQUITY_L
Whirlpool of India Ltd.,WHIRLPOOL,INE716A01013,1998-08-01,2020-06-26,equity_l_exact,high,auto,Whirlpool of India Limited,EQ,06-APR-2010,True,1.0,True,2015-01-01,2026-08-31,1361,1361,100.0,listing_after_first_seen,EQUITY_L
Widia (India) Ltd.,,,1998-08-01,2002-09-19,unresolved,low,unresolved,,,,False,0.0,False,,,0,0,0.0,no_candidate,
Williamson Tea Assam Ltd.,,,2002-03-29,2006-07-14,unresolved,low,unresolved,,,,False,0.0,False,,,0,0,0.0,no_candidate,
Wimco Ltd.-Delisted,,,1998-08-01,2005-03-24,unresolved,low,unresolved,,,,False,0.0,False,,,0,0,0.0,no_candidate,
Windsor Machines Ltd.,WINDMACHIN,INE052A01021,1998-08-01,2002-04-23,equity_l_exact,high,proposed,Windsor Machines Limited,EQ,17-AUG-2011,True,1.0,True,,,0,0,0.0,listing_after_first_seen,EQUITY_L
Winsome Diamonds and Jewellery Ltd.,,,1998-08-01,2002-09-19,unresolved,low,unresolved,,,,False,0.0,False,,,0,0,0.0,no_candidate,
Wipro Ltd.,WIPRO,INE075A01022,1998-08-01,2019-12-27,equity_l_exact,high,proposed,Wipro Limited,EQ,08-NOV-1995,True,1.0,True,2015-01-01,2026-08-31,2664,1310,49.17,first_token_mismatch,EQUITY_L
Wockhardt Ltd.,WOCKPHARMA,INE049B01025,2000-01-12,2018-09-28,equity_l_exact,high,proposed,Wockhardt Limited,EQ,23-FEB-2000,True,1.0,True,2015-01-01,2026-08-31,3121,1342,43.0,first_token_mismatch;listing_after_first_seen,EQUITY_L
Wockhardt Ltd. (old),WOCKPHARMA,INE049B01025,1998-08-01,2000-01-12,token_match,medium,proposed,Wockhardt Limited,EQ,23-FEB-2000,True,0.5,True,2015-01-01,2026-08-31,0,0,0.0,first_token_mismatch;name_mismatch;listing_after_first_seen;predecessor_marker,EQUITY_L_token_match
Wonderla Holidays Ltd.,WONDERLA,INE066O01014,2016-04-01,2017-09-29,equity_l_exact,high,proposed,Wonderla Holidays Limited,EQ,09-MAY-2014,True,1.0,True,,,370,0,0.0,,EQUITY_L
Woolworth (India) Ltd.,,,1998-08-01,2000-12-13,unresolved,low,unresolved,,,,False,0.0,False,,,0,0,0.0,no_candidate,
Wyeth Ltd.,,,1998-08-01,2014-05-12,unresolved,low,unresolved,,,,False,0.0,False,,,0,0,0.0,no_candidate,
Yes Bank Ltd.,YESBANK,INE528G01035,2006-03-02,2020-03-19,equity_l_exact,high,proposed,Yes Bank Limited,EQ,12-JUL-2005,True,1.0,True,2015-01-01,2026-08-31,3056,1277,41.79,,EQUITY_L
Yokogawa Ltd.,,,1998-08-01,2004-12-10,unresolved,low,unresolved,,,,False,0.0,False,,,0,0,0.0,no_candidate,
Zandu Realty Ltd.,,,1998-08-01,2009-12-22,unresolved,low,unresolved,,,,False,0.0,False,,,0,0,0.0,no_candidate,
Zee Entertainment Enterprises Ltd.,ZEEL,INE256A01028,1998-08-01,2019-12-27,equity_l_exact,high,proposed,Zee Entertainment Enterprises Limited,EQ,09-SEP-1998,True,1.0,True,2015-01-01,2026-08-31,2533,818,32.29,listing_after_first_seen,EQUITY_L
Zee Learn Ltd.,ZEELEARN,INE565L01011,2016-04-01,2018-09-28,equity_l_exact,high,proposed,Zee Learn Limited,EQ,20-DEC-2010,True,1.0,True,,,616,0,0.0,,EQUITY_L
Zee Media Corporation Ltd.,ZEEMEDIA,INE966H01019,2008-02-29,2020-06-26,equity_l_exact,high,proposed,Zee Media Corporation Limited,EQ,10-JAN-2007,True,1.0,True,,,934,0,0.0,,EQUITY_L
Zee Telefilms Ltd,,,2000-05-24,2000-05-24,unresolved,low,unresolved,,,,False,0.0,False,,,0,0,0.0,no_candidate,
Zenith Computer Ltd.,,,2002-09-19,2008-09-10,unresolved,low,unresolved,,,,False,0.0,False,,,0,0,0.0,no_candidate,
Zensar Technolgies Ltd.,,,1998-08-01,2018-09-28,unresolved,low,unresolved,,,,False,0.0,False,,,0,0,0.0,no_candidate,
Zodiac Clothing Co. Ltd.,ZODIACLOTH,INE206B01013,2002-09-19,2014-03-28,equity_l_exact,high,proposed,Zodiac Clothing Company Limited,EQ,27-SEP-1995,True,1.0,True,,,1598,0,0.0,,EQUITY_L
Zuari Global Ltd.,,,1998-08-01,2012-04-09,unresolved,low,unresolved,,,,False,0.0,False,,,0,0,0.0,no_candidate,
Zuari Industries Ltd.,ZUARIIND,INE217A01012,2012-04-09,2012-04-09,equity_l_exact,high,proposed,ZUARI INDUSTRIES LIMITED,EQ,12-APR-1995,True,1.0,True,,,1,0,0.0,,EQUITY_L
Zydus Wellness Ltd.,ZYDUSWELL,INE768C01028,2011-03-25,2018-09-28,equity_l_exact,high,proposed,Zydus Wellness Limited,EQ,13-NOV-2009,True,1.0,True,2015-01-01,2026-08-31,1589,675,42.48,,EQUITY_L
e-Serve International Ltd.,,,1999-05-26,2004-12-10,unresolved,low,unresolved,,,,False,0.0,False,,,0,0,0.0,no_candidate,
eClerx Services Ltd.,ECLERX,INE738I01010,2011-10-10,2017-09-29,equity_l_exact,high,proposed,eClerx Services Limited,EQ,31-DEC-2007,True,1.0,True,2015-01-01,2026-08-31,2180,1398,64.13,,EQUITY_L
iGate Global Solutions Ltd.,HGS,INE170I01016,2001-10-11,2008-01-28,token_match,medium,proposed,Hinduja Global Solutions Limited,EQ,19-JUN-2007,True,0.5,False,,,92,0,0.0,first_token_mismatch;name_mismatch;listing_after_first_seen,EQUITY_L_token_match
